año,mes,estado,cod,radiancia_media,qa_policy,n_valid_pixels,fuente,n_total_pixels,valid_pixel_pct
2014,7,Amazonas,AM,0.0004,good_only_v2,50565,"NASA Black Marble VNP46A3 (LAADS DAAC, coleccion 002), radiancia NearNadir Composite Snow Free sobre Venezuela (mascara venezuela_states.geojson, 5 tiles). nW/cm2/sr salvo frac_iluminada (%).",857577.0,5.8963
2014,7,Anzoátegui,AN,1.1601,good_only_v2,70919,"NASA Black Marble VNP46A3 (LAADS DAAC, coleccion 002), radiancia NearNadir Composite Snow Free sobre Venezuela (mascara venezuela_states.geojson, 5 tiles). nW/cm2/sr salvo frac_iluminada (%).",226434.0,31.3199
2014,7,Aragua,AR,1.3203,good_only_v2,444,"NASA Black Marble VNP46A3 (LAADS DAAC, coleccion 002), radiancia NearNadir Composite Snow Free sobre Venezuela (mascara venezuela_states.geojson, 5 tiles). nW/cm2/sr salvo frac_iluminada (%).",32655.0,1.3597
2014,7,Bolívar,BO,0.0094,good_only_v2,121925,"NASA Black Marble VNP46A3 (LAADS DAAC, coleccion 002), radiancia NearNadir Composite Snow Free sobre Venezuela (mascara venezuela_states.geojson, 5 tiles). nW/cm2/sr salvo frac_iluminada (%).",1126905.0,10.8195
2014,7,DeltaAmacuro,DE,0.0237,good_only_v2,137196,"NASA Black Marble VNP46A3 (LAADS DAAC, coleccion 002), radiancia NearNadir Composite Snow Free sobre Venezuela (mascara venezuela_states.geojson, 5 tiles). nW/cm2/sr salvo frac_iluminada (%).",188490.0,72.7869
2014,7,DependenciasFederales,DF,0.0,good_only_v2,8,"NASA Black Marble VNP46A3 (LAADS DAAC, coleccion 002), radiancia NearNadir Composite Snow Free sobre Venezuela (mascara venezuela_states.geojson, 5 tiles). nW/cm2/sr salvo frac_iluminada (%).",1451.0,0.5513
2014,7,DistritoCapital,DC,15.98,good_only_v2,282,"NASA Black Marble VNP46A3 (LAADS DAAC, coleccion 002), radiancia NearNadir Composite Snow Free sobre Venezuela (mascara venezuela_states.geojson, 5 tiles). nW/cm2/sr salvo frac_iluminada (%).",1395.0,20.2151
2014,7,Falcón,FA,0.8913,good_only_v2,22234,"NASA Black Marble VNP46A3 (LAADS DAAC, coleccion 002), radiancia NearNadir Composite Snow Free sobre Venezuela (mascara venezuela_states.geojson, 5 tiles). nW/cm2/sr salvo frac_iluminada (%).",129492.0,17.1702
2014,7,Guárico,GU,0.1118,good_only_v2,34420,"NASA Black Marble VNP46A3 (LAADS DAAC, coleccion 002), radiancia NearNadir Composite Snow Free sobre Venezuela (mascara venezuela_states.geojson, 5 tiles). nW/cm2/sr salvo frac_iluminada (%).",317534.0,10.8398
2014,7,Lara,LA,0.0547,good_only_v2,648,"NASA Black Marble VNP46A3 (LAADS DAAC, coleccion 002), radiancia NearNadir Composite Snow Free sobre Venezuela (mascara venezuela_states.geojson, 5 tiles). nW/cm2/sr salvo frac_iluminada (%).",90126.0,0.719
2014,7,Miranda,MI,0.0618,good_only_v2,692,"NASA Black Marble VNP46A3 (LAADS DAAC, coleccion 002), radiancia NearNadir Composite Snow Free sobre Venezuela (mascara venezuela_states.geojson, 5 tiles). nW/cm2/sr salvo frac_iluminada (%).",41077.0,1.6846
2014,7,Monagas,MO,3.8681,good_only_v2,65671,"NASA Black Marble VNP46A3 (LAADS DAAC, coleccion 002), radiancia NearNadir Composite Snow Free sobre Venezuela (mascara venezuela_states.geojson, 5 tiles). nW/cm2/sr salvo frac_iluminada (%).",136742.0,48.0255
2014,7,NuevaEsparta,NE,2.4179,good_only_v2,1296,"NASA Black Marble VNP46A3 (LAADS DAAC, coleccion 002), radiancia NearNadir Composite Snow Free sobre Venezuela (mascara venezuela_states.geojson, 5 tiles). nW/cm2/sr salvo frac_iluminada (%).",5175.0,25.0435
2014,7,Portuguesa,PO,0.1547,good_only_v2,38,"NASA Black Marble VNP46A3 (LAADS DAAC, coleccion 002), radiancia NearNadir Composite Snow Free sobre Venezuela (mascara venezuela_states.geojson, 5 tiles). nW/cm2/sr salvo frac_iluminada (%).",91747.0,0.0414
2014,7,Sucre,SU,0.6755,good_only_v2,27446,"NASA Black Marble VNP46A3 (LAADS DAAC, coleccion 002), radiancia NearNadir Composite Snow Free sobre Venezuela (mascara venezuela_states.geojson, 5 tiles). nW/cm2/sr salvo frac_iluminada (%).",51700.0,53.087
2014,7,Trujillo,TR,0.0268,good_only_v2,354,"NASA Black Marble VNP46A3 (LAADS DAAC, coleccion 002), radiancia NearNadir Composite Snow Free sobre Venezuela (mascara venezuela_states.geojson, 5 tiles). nW/cm2/sr salvo frac_iluminada (%).",38257.0,0.9253
2014,7,Táchira,TA,0.0116,good_only_v2,104,"NASA Black Marble VNP46A3 (LAADS DAAC, coleccion 002), radiancia NearNadir Composite Snow Free sobre Venezuela (mascara venezuela_states.geojson, 5 tiles). nW/cm2/sr salvo frac_iluminada (%).",50629.0,0.2054
2014,7,Vargas,VA,4.1126,good_only_v2,889,"NASA Black Marble VNP46A3 (LAADS DAAC, coleccion 002), radiancia NearNadir Composite Snow Free sobre Venezuela (mascara venezuela_states.geojson, 5 tiles). nW/cm2/sr salvo frac_iluminada (%).",4822.0,18.4363
2014,7,Yaracuy,YA,0.0,good_only_v2,5,"NASA Black Marble VNP46A3 (LAADS DAAC, coleccion 002), radiancia NearNadir Composite Snow Free sobre Venezuela (mascara venezuela_states.geojson, 5 tiles). nW/cm2/sr salvo frac_iluminada (%).",29306.0,0.0171
2014,7,Zulia,ZU,0.7576,good_only_v2,15734,"NASA Black Marble VNP46A3 (LAADS DAAC, coleccion 002), radiancia NearNadir Composite Snow Free sobre Venezuela (mascara venezuela_states.geojson, 5 tiles). nW/cm2/sr salvo frac_iluminada (%).",208445.0,7.5483
2019,1,Amazonas,AM,0.0116,good_only_v2,79540,"NASA Black Marble VNP46A3 (LAADS DAAC, coleccion 002), radiancia NearNadir Composite Snow Free sobre Venezuela (mascara venezuela_states.geojson, 5 tiles). nW/cm2/sr salvo frac_iluminada (%).",857577.0,9.275
2019,1,Anzoátegui,AN,1.4995,good_only_v2,214150,"NASA Black Marble VNP46A3 (LAADS DAAC, coleccion 002), radiancia NearNadir Composite Snow Free sobre Venezuela (mascara venezuela_states.geojson, 5 tiles). nW/cm2/sr salvo frac_iluminada (%).",226434.0,94.575
2019,1,Apure,AP,0.0511,good_only_v2,255586,"NASA Black Marble VNP46A3 (LAADS DAAC, coleccion 002), radiancia NearNadir Composite Snow Free sobre Venezuela (mascara venezuela_states.geojson, 5 tiles). nW/cm2/sr salvo frac_iluminada (%).",347140.0,73.6262
2019,1,Aragua,AR,1.228,good_only_v2,29113,"NASA Black Marble VNP46A3 (LAADS DAAC, coleccion 002), radiancia NearNadir Composite Snow Free sobre Venezuela (mascara venezuela_states.geojson, 5 tiles). nW/cm2/sr salvo frac_iluminada (%).",32655.0,89.1533
2019,1,Barinas,BA,0.0479,good_only_v2,122707,"NASA Black Marble VNP46A3 (LAADS DAAC, coleccion 002), radiancia NearNadir Composite Snow Free sobre Venezuela (mascara venezuela_states.geojson, 5 tiles). nW/cm2/sr salvo frac_iluminada (%).",171359.0,71.6081
2019,1,Bolívar,BO,0.0775,good_only_v2,500844,"NASA Black Marble VNP46A3 (LAADS DAAC, coleccion 002), radiancia NearNadir Composite Snow Free sobre Venezuela (mascara venezuela_states.geojson, 5 tiles). nW/cm2/sr salvo frac_iluminada (%).",1126905.0,44.4442
2019,1,Carabobo,CA,4.3451,good_only_v2,17169,"NASA Black Marble VNP46A3 (LAADS DAAC, coleccion 002), radiancia NearNadir Composite Snow Free sobre Venezuela (mascara venezuela_states.geojson, 5 tiles). nW/cm2/sr salvo frac_iluminada (%).",22664.0,75.7545
2019,1,Cojedes,CO,0.1463,good_only_v2,66682,"NASA Black Marble VNP46A3 (LAADS DAAC, coleccion 002), radiancia NearNadir Composite Snow Free sobre Venezuela (mascara venezuela_states.geojson, 5 tiles). nW/cm2/sr salvo frac_iluminada (%).",69046.0,96.5762
2019,1,DeltaAmacuro,DE,0.0203,good_only_v2,168963,"NASA Black Marble VNP46A3 (LAADS DAAC, coleccion 002), radiancia NearNadir Composite Snow Free sobre Venezuela (mascara venezuela_states.geojson, 5 tiles). nW/cm2/sr salvo frac_iluminada (%).",188490.0,89.6403
2019,1,DependenciasFederales,DF,0.02,good_only_v2,1399,"NASA Black Marble VNP46A3 (LAADS DAAC, coleccion 002), radiancia NearNadir Composite Snow Free sobre Venezuela (mascara venezuela_states.geojson, 5 tiles). nW/cm2/sr salvo frac_iluminada (%).",1451.0,96.4163
2019,1,DistritoCapital,DC,21.0205,good_only_v2,1147,"NASA Black Marble VNP46A3 (LAADS DAAC, coleccion 002), radiancia NearNadir Composite Snow Free sobre Venezuela (mascara venezuela_states.geojson, 5 tiles). nW/cm2/sr salvo frac_iluminada (%).",1395.0,82.2222
2019,1,Falcón,FA,0.3154,good_only_v2,98330,"NASA Black Marble VNP46A3 (LAADS DAAC, coleccion 002), radiancia NearNadir Composite Snow Free sobre Venezuela (mascara venezuela_states.geojson, 5 tiles). nW/cm2/sr salvo frac_iluminada (%).",129492.0,75.9352
2019,1,Guárico,GU,0.0969,good_only_v2,312974,"NASA Black Marble VNP46A3 (LAADS DAAC, coleccion 002), radiancia NearNadir Composite Snow Free sobre Venezuela (mascara venezuela_states.geojson, 5 tiles). nW/cm2/sr salvo frac_iluminada (%).",317534.0,98.5639
2019,1,Lara,LA,0.6947,good_only_v2,36236,"NASA Black Marble VNP46A3 (LAADS DAAC, coleccion 002), radiancia NearNadir Composite Snow Free sobre Venezuela (mascara venezuela_states.geojson, 5 tiles). nW/cm2/sr salvo frac_iluminada (%).",90126.0,40.2059
2019,1,Miranda,MI,3.4292,good_only_v2,3843,"NASA Black Marble VNP46A3 (LAADS DAAC, coleccion 002), radiancia NearNadir Composite Snow Free sobre Venezuela (mascara venezuela_states.geojson, 5 tiles). nW/cm2/sr salvo frac_iluminada (%).",41077.0,9.3556
2019,1,Monagas,MO,3.9641,good_only_v2,128603,"NASA Black Marble VNP46A3 (LAADS DAAC, coleccion 002), radiancia NearNadir Composite Snow Free sobre Venezuela (mascara venezuela_states.geojson, 5 tiles). nW/cm2/sr salvo frac_iluminada (%).",136742.0,94.0479
2019,1,Mérida,ME,0.1757,good_only_v2,33476,"NASA Black Marble VNP46A3 (LAADS DAAC, coleccion 002), radiancia NearNadir Composite Snow Free sobre Venezuela (mascara venezuela_states.geojson, 5 tiles). nW/cm2/sr salvo frac_iluminada (%).",60193.0,55.6144
2019,1,NuevaEsparta,NE,3.7748,good_only_v2,4441,"NASA Black Marble VNP46A3 (LAADS DAAC, coleccion 002), radiancia NearNadir Composite Snow Free sobre Venezuela (mascara venezuela_states.geojson, 5 tiles). nW/cm2/sr salvo frac_iluminada (%).",5175.0,85.8164
2019,1,Portuguesa,PO,0.2733,good_only_v2,58940,"NASA Black Marble VNP46A3 (LAADS DAAC, coleccion 002), radiancia NearNadir Composite Snow Free sobre Venezuela (mascara venezuela_states.geojson, 5 tiles). nW/cm2/sr salvo frac_iluminada (%).",91747.0,64.2419
2019,1,Sucre,SU,0.4088,good_only_v2,48549,"NASA Black Marble VNP46A3 (LAADS DAAC, coleccion 002), radiancia NearNadir Composite Snow Free sobre Venezuela (mascara venezuela_states.geojson, 5 tiles). nW/cm2/sr salvo frac_iluminada (%).",51700.0,93.9052
2019,1,Trujillo,TR,0.4767,good_only_v2,19985,"NASA Black Marble VNP46A3 (LAADS DAAC, coleccion 002), radiancia NearNadir Composite Snow Free sobre Venezuela (mascara venezuela_states.geojson, 5 tiles). nW/cm2/sr salvo frac_iluminada (%).",38257.0,52.2388
2019,1,Táchira,TA,0.2069,good_only_v2,19994,"NASA Black Marble VNP46A3 (LAADS DAAC, coleccion 002), radiancia NearNadir Composite Snow Free sobre Venezuela (mascara venezuela_states.geojson, 5 tiles). nW/cm2/sr salvo frac_iluminada (%).",50629.0,39.4912
2019,1,Vargas,VA,2.2152,good_only_v2,4370,"NASA Black Marble VNP46A3 (LAADS DAAC, coleccion 002), radiancia NearNadir Composite Snow Free sobre Venezuela (mascara venezuela_states.geojson, 5 tiles). nW/cm2/sr salvo frac_iluminada (%).",4822.0,90.6263
2019,1,Yaracuy,YA,0.2586,good_only_v2,12210,"NASA Black Marble VNP46A3 (LAADS DAAC, coleccion 002), radiancia NearNadir Composite Snow Free sobre Venezuela (mascara venezuela_states.geojson, 5 tiles). nW/cm2/sr salvo frac_iluminada (%).",29306.0,41.6638
2019,1,Zulia,ZU,0.86,good_only_v2,139147,"NASA Black Marble VNP46A3 (LAADS DAAC, coleccion 002), radiancia NearNadir Composite Snow Free sobre Venezuela (mascara venezuela_states.geojson, 5 tiles). nW/cm2/sr salvo frac_iluminada (%).",208445.0,66.7548
2019,7,Amazonas,AM,0.0,good_only_v2,1081,"NASA Black Marble VNP46A3 (LAADS DAAC, coleccion 002), radiancia NearNadir Composite Snow Free sobre Venezuela (mascara venezuela_states.geojson, 5 tiles). nW/cm2/sr salvo frac_iluminada (%).",857577.0,0.1261
2019,7,Anzoátegui,AN,0.6812,good_only_v2,44623,"NASA Black Marble VNP46A3 (LAADS DAAC, coleccion 002), radiancia NearNadir Composite Snow Free sobre Venezuela (mascara venezuela_states.geojson, 5 tiles). nW/cm2/sr salvo frac_iluminada (%).",226434.0,19.7068
2019,7,Aragua,AR,0.1515,good_only_v2,2178,"NASA Black Marble VNP46A3 (LAADS DAAC, coleccion 002), radiancia NearNadir Composite Snow Free sobre Venezuela (mascara venezuela_states.geojson, 5 tiles). nW/cm2/sr salvo frac_iluminada (%).",32655.0,6.6697
2019,7,Barinas,BA,0.0075,good_only_v2,139,"NASA Black Marble VNP46A3 (LAADS DAAC, coleccion 002), radiancia NearNadir Composite Snow Free sobre Venezuela (mascara venezuela_states.geojson, 5 tiles). nW/cm2/sr salvo frac_iluminada (%).",171359.0,0.0811
2019,7,Bolívar,BO,0.0702,good_only_v2,59165,"NASA Black Marble VNP46A3 (LAADS DAAC, coleccion 002), radiancia NearNadir Composite Snow Free sobre Venezuela (mascara venezuela_states.geojson, 5 tiles). nW/cm2/sr salvo frac_iluminada (%).",1126905.0,5.2502
2019,7,Carabobo,CA,0.0,good_only_v2,5,"NASA Black Marble VNP46A3 (LAADS DAAC, coleccion 002), radiancia NearNadir Composite Snow Free sobre Venezuela (mascara venezuela_states.geojson, 5 tiles). nW/cm2/sr salvo frac_iluminada (%).",22664.0,0.0221
2019,7,Cojedes,CO,0.0097,good_only_v2,439,"NASA Black Marble VNP46A3 (LAADS DAAC, coleccion 002), radiancia NearNadir Composite Snow Free sobre Venezuela (mascara venezuela_states.geojson, 5 tiles). nW/cm2/sr salvo frac_iluminada (%).",69046.0,0.6358
2019,7,DeltaAmacuro,DE,0.0538,good_only_v2,26759,"NASA Black Marble VNP46A3 (LAADS DAAC, coleccion 002), radiancia NearNadir Composite Snow Free sobre Venezuela (mascara venezuela_states.geojson, 5 tiles). nW/cm2/sr salvo frac_iluminada (%).",188490.0,14.1965
2019,7,DependenciasFederales,DF,0.0523,good_only_v2,798,"NASA Black Marble VNP46A3 (LAADS DAAC, coleccion 002), radiancia NearNadir Composite Snow Free sobre Venezuela (mascara venezuela_states.geojson, 5 tiles). nW/cm2/sr salvo frac_iluminada (%).",1451.0,54.9966
2019,7,DistritoCapital,DC,13.7629,good_only_v2,215,"NASA Black Marble VNP46A3 (LAADS DAAC, coleccion 002), radiancia NearNadir Composite Snow Free sobre Venezuela (mascara venezuela_states.geojson, 5 tiles). nW/cm2/sr salvo frac_iluminada (%).",1395.0,15.4122
2019,7,Falcón,FA,1.1318,good_only_v2,54358,"NASA Black Marble VNP46A3 (LAADS DAAC, coleccion 002), radiancia NearNadir Composite Snow Free sobre Venezuela (mascara venezuela_states.geojson, 5 tiles). nW/cm2/sr salvo frac_iluminada (%).",129492.0,41.9779
2019,7,Guárico,GU,0.0425,good_only_v2,58179,"NASA Black Marble VNP46A3 (LAADS DAAC, coleccion 002), radiancia NearNadir Composite Snow Free sobre Venezuela (mascara venezuela_states.geojson, 5 tiles). nW/cm2/sr salvo frac_iluminada (%).",317534.0,18.3221
2019,7,Lara,LA,0.1177,good_only_v2,24442,"NASA Black Marble VNP46A3 (LAADS DAAC, coleccion 002), radiancia NearNadir Composite Snow Free sobre Venezuela (mascara venezuela_states.geojson, 5 tiles). nW/cm2/sr salvo frac_iluminada (%).",90126.0,27.1198
2019,7,Miranda,MI,2.3701,good_only_v2,8987,"NASA Black Marble VNP46A3 (LAADS DAAC, coleccion 002), radiancia NearNadir Composite Snow Free sobre Venezuela (mascara venezuela_states.geojson, 5 tiles). nW/cm2/sr salvo frac_iluminada (%).",41077.0,21.8784
2019,7,Monagas,MO,2.2316,good_only_v2,50077,"NASA Black Marble VNP46A3 (LAADS DAAC, coleccion 002), radiancia NearNadir Composite Snow Free sobre Venezuela (mascara venezuela_states.geojson, 5 tiles). nW/cm2/sr salvo frac_iluminada (%).",136742.0,36.6215
2019,7,Mérida,ME,0.0376,good_only_v2,725,"NASA Black Marble VNP46A3 (LAADS DAAC, coleccion 002), radiancia NearNadir Composite Snow Free sobre Venezuela (mascara venezuela_states.geojson, 5 tiles). nW/cm2/sr salvo frac_iluminada (%).",60193.0,1.2045
2019,7,NuevaEsparta,NE,10.666,good_only_v2,714,"NASA Black Marble VNP46A3 (LAADS DAAC, coleccion 002), radiancia NearNadir Composite Snow Free sobre Venezuela (mascara venezuela_states.geojson, 5 tiles). nW/cm2/sr salvo frac_iluminada (%).",5175.0,13.7971
2019,7,Portuguesa,PO,0.3081,good_only_v2,2606,"NASA Black Marble VNP46A3 (LAADS DAAC, coleccion 002), radiancia NearNadir Composite Snow Free sobre Venezuela (mascara venezuela_states.geojson, 5 tiles). nW/cm2/sr salvo frac_iluminada (%).",91747.0,2.8404
2019,7,Sucre,SU,0.2525,good_only_v2,34252,"NASA Black Marble VNP46A3 (LAADS DAAC, coleccion 002), radiancia NearNadir Composite Snow Free sobre Venezuela (mascara venezuela_states.geojson, 5 tiles). nW/cm2/sr salvo frac_iluminada (%).",51700.0,66.2515
2019,7,Trujillo,TR,0.2233,good_only_v2,11627,"NASA Black Marble VNP46A3 (LAADS DAAC, coleccion 002), radiancia NearNadir Composite Snow Free sobre Venezuela (mascara venezuela_states.geojson, 5 tiles). nW/cm2/sr salvo frac_iluminada (%).",38257.0,30.3918
2019,7,Táchira,TA,0.0,good_only_v2,29,"NASA Black Marble VNP46A3 (LAADS DAAC, coleccion 002), radiancia NearNadir Composite Snow Free sobre Venezuela (mascara venezuela_states.geojson, 5 tiles). nW/cm2/sr salvo frac_iluminada (%).",50629.0,0.0573
2019,7,Vargas,VA,0.7555,good_only_v2,2148,"NASA Black Marble VNP46A3 (LAADS DAAC, coleccion 002), radiancia NearNadir Composite Snow Free sobre Venezuela (mascara venezuela_states.geojson, 5 tiles). nW/cm2/sr salvo frac_iluminada (%).",4822.0,44.5458
2019,7,Yaracuy,YA,0.1109,good_only_v2,389,"NASA Black Marble VNP46A3 (LAADS DAAC, coleccion 002), radiancia NearNadir Composite Snow Free sobre Venezuela (mascara venezuela_states.geojson, 5 tiles). nW/cm2/sr salvo frac_iluminada (%).",29306.0,1.3274
2019,7,Zulia,ZU,0.5032,good_only_v2,43644,"NASA Black Marble VNP46A3 (LAADS DAAC, coleccion 002), radiancia NearNadir Composite Snow Free sobre Venezuela (mascara venezuela_states.geojson, 5 tiles). nW/cm2/sr salvo frac_iluminada (%).",208445.0,20.9379
2024,4,Amazonas,AM,0.0188,good_only_v2,3124,"NASA Black Marble VNP46A3 (LAADS DAAC, coleccion 002), radiancia NearNadir Composite Snow Free sobre Venezuela (mascara venezuela_states.geojson, 5 tiles). nW/cm2/sr salvo frac_iluminada (%).",857577.0,0.3643
2024,4,Anzoátegui,AN,1.4175,good_only_v2,80010,"NASA Black Marble VNP46A3 (LAADS DAAC, coleccion 002), radiancia NearNadir Composite Snow Free sobre Venezuela (mascara venezuela_states.geojson, 5 tiles). nW/cm2/sr salvo frac_iluminada (%).",226434.0,35.3348
2024,4,Apure,AP,0.0843,good_only_v2,1111,"NASA Black Marble VNP46A3 (LAADS DAAC, coleccion 002), radiancia NearNadir Composite Snow Free sobre Venezuela (mascara venezuela_states.geojson, 5 tiles). nW/cm2/sr salvo frac_iluminada (%).",347140.0,0.32
2024,4,Aragua,AR,1.551,good_only_v2,4379,"NASA Black Marble VNP46A3 (LAADS DAAC, coleccion 002), radiancia NearNadir Composite Snow Free sobre Venezuela (mascara venezuela_states.geojson, 5 tiles). nW/cm2/sr salvo frac_iluminada (%).",32655.0,13.4099
2024,4,Barinas,BA,0.0071,good_only_v2,312,"NASA Black Marble VNP46A3 (LAADS DAAC, coleccion 002), radiancia NearNadir Composite Snow Free sobre Venezuela (mascara venezuela_states.geojson, 5 tiles). nW/cm2/sr salvo frac_iluminada (%).",171359.0,0.1821
2024,4,Bolívar,BO,0.1625,good_only_v2,23008,"NASA Black Marble VNP46A3 (LAADS DAAC, coleccion 002), radiancia NearNadir Composite Snow Free sobre Venezuela (mascara venezuela_states.geojson, 5 tiles). nW/cm2/sr salvo frac_iluminada (%).",1126905.0,2.0417
2024,4,Carabobo,CA,7.0345,good_only_v2,1458,"NASA Black Marble VNP46A3 (LAADS DAAC, coleccion 002), radiancia NearNadir Composite Snow Free sobre Venezuela (mascara venezuela_states.geojson, 5 tiles). nW/cm2/sr salvo frac_iluminada (%).",22664.0,6.4331
2024,4,Cojedes,CO,0.5252,good_only_v2,419,"NASA Black Marble VNP46A3 (LAADS DAAC, coleccion 002), radiancia NearNadir Composite Snow Free sobre Venezuela (mascara venezuela_states.geojson, 5 tiles). nW/cm2/sr salvo frac_iluminada (%).",69046.0,0.6068
2024,4,DeltaAmacuro,DE,0.0152,good_only_v2,21958,"NASA Black Marble VNP46A3 (LAADS DAAC, coleccion 002), radiancia NearNadir Composite Snow Free sobre Venezuela (mascara venezuela_states.geojson, 5 tiles). nW/cm2/sr salvo frac_iluminada (%).",188490.0,11.6494
2024,4,DependenciasFederales,DF,0.0,good_only_v2,1010,"NASA Black Marble VNP46A3 (LAADS DAAC, coleccion 002), radiancia NearNadir Composite Snow Free sobre Venezuela (mascara venezuela_states.geojson, 5 tiles). nW/cm2/sr salvo frac_iluminada (%).",1451.0,69.6072
2024,4,DistritoCapital,DC,7.5043,good_only_v2,120,"NASA Black Marble VNP46A3 (LAADS DAAC, coleccion 002), radiancia NearNadir Composite Snow Free sobre Venezuela (mascara venezuela_states.geojson, 5 tiles). nW/cm2/sr salvo frac_iluminada (%).",1395.0,8.6022
2024,4,Falcón,FA,0.4051,good_only_v2,8330,"NASA Black Marble VNP46A3 (LAADS DAAC, coleccion 002), radiancia NearNadir Composite Snow Free sobre Venezuela (mascara venezuela_states.geojson, 5 tiles). nW/cm2/sr salvo frac_iluminada (%).",129492.0,6.4328
2024,4,Guárico,GU,0.2549,good_only_v2,47536,"NASA Black Marble VNP46A3 (LAADS DAAC, coleccion 002), radiancia NearNadir Composite Snow Free sobre Venezuela (mascara venezuela_states.geojson, 5 tiles). nW/cm2/sr salvo frac_iluminada (%).",317534.0,14.9704
2024,4,Lara,LA,0.6359,good_only_v2,5067,"NASA Black Marble VNP46A3 (LAADS DAAC, coleccion 002), radiancia NearNadir Composite Snow Free sobre Venezuela (mascara venezuela_states.geojson, 5 tiles). nW/cm2/sr salvo frac_iluminada (%).",90126.0,5.6221
2024,4,Miranda,MI,1.0213,good_only_v2,3989,"NASA Black Marble VNP46A3 (LAADS DAAC, coleccion 002), radiancia NearNadir Composite Snow Free sobre Venezuela (mascara venezuela_states.geojson, 5 tiles). nW/cm2/sr salvo frac_iluminada (%).",41077.0,9.711
2024,4,Monagas,MO,4.7801,good_only_v2,50986,"NASA Black Marble VNP46A3 (LAADS DAAC, coleccion 002), radiancia NearNadir Composite Snow Free sobre Venezuela (mascara venezuela_states.geojson, 5 tiles). nW/cm2/sr salvo frac_iluminada (%).",136742.0,37.2863
2024,4,Mérida,ME,0.2129,good_only_v2,1694,"NASA Black Marble VNP46A3 (LAADS DAAC, coleccion 002), radiancia NearNadir Composite Snow Free sobre Venezuela (mascara venezuela_states.geojson, 5 tiles). nW/cm2/sr salvo frac_iluminada (%).",60193.0,2.8143
2024,4,NuevaEsparta,NE,8.4419,good_only_v2,3871,"NASA Black Marble VNP46A3 (LAADS DAAC, coleccion 002), radiancia NearNadir Composite Snow Free sobre Venezuela (mascara venezuela_states.geojson, 5 tiles). nW/cm2/sr salvo frac_iluminada (%).",5175.0,74.8019
2024,4,Portuguesa,PO,1.4242,good_only_v2,686,"NASA Black Marble VNP46A3 (LAADS DAAC, coleccion 002), radiancia NearNadir Composite Snow Free sobre Venezuela (mascara venezuela_states.geojson, 5 tiles). nW/cm2/sr salvo frac_iluminada (%).",91747.0,0.7477
2024,4,Sucre,SU,0.8537,good_only_v2,34554,"NASA Black Marble VNP46A3 (LAADS DAAC, coleccion 002), radiancia NearNadir Composite Snow Free sobre Venezuela (mascara venezuela_states.geojson, 5 tiles). nW/cm2/sr salvo frac_iluminada (%).",51700.0,66.8356
2024,4,Trujillo,TR,0.5455,good_only_v2,1325,"NASA Black Marble VNP46A3 (LAADS DAAC, coleccion 002), radiancia NearNadir Composite Snow Free sobre Venezuela (mascara venezuela_states.geojson, 5 tiles). nW/cm2/sr salvo frac_iluminada (%).",38257.0,3.4634
2024,4,Táchira,TA,0.3192,good_only_v2,11,"NASA Black Marble VNP46A3 (LAADS DAAC, coleccion 002), radiancia NearNadir Composite Snow Free sobre Venezuela (mascara venezuela_states.geojson, 5 tiles). nW/cm2/sr salvo frac_iluminada (%).",50629.0,0.0217
2024,4,Vargas,VA,1.2389,good_only_v2,2232,"NASA Black Marble VNP46A3 (LAADS DAAC, coleccion 002), radiancia NearNadir Composite Snow Free sobre Venezuela (mascara venezuela_states.geojson, 5 tiles). nW/cm2/sr salvo frac_iluminada (%).",4822.0,46.2878
2024,4,Yaracuy,YA,0.7059,good_only_v2,2664,"NASA Black Marble VNP46A3 (LAADS DAAC, coleccion 002), radiancia NearNadir Composite Snow Free sobre Venezuela (mascara venezuela_states.geojson, 5 tiles). nW/cm2/sr salvo frac_iluminada (%).",29306.0,9.0903
2024,4,Zulia,ZU,1.048,good_only_v2,8457,"NASA Black Marble VNP46A3 (LAADS DAAC, coleccion 002), radiancia NearNadir Composite Snow Free sobre Venezuela (mascara venezuela_states.geojson, 5 tiles). nW/cm2/sr salvo frac_iluminada (%).",208445.0,4.0572
2024,5,Anzoátegui,AN,0.1113,good_only_v2,1179,"NASA Black Marble VNP46A3 (LAADS DAAC, coleccion 002), radiancia NearNadir Composite Snow Free sobre Venezuela (mascara venezuela_states.geojson, 5 tiles). nW/cm2/sr salvo frac_iluminada (%).",226434.0,0.5207
2024,5,Apure,AP,0.0,good_only_v2,269,"NASA Black Marble VNP46A3 (LAADS DAAC, coleccion 002), radiancia NearNadir Composite Snow Free sobre Venezuela (mascara venezuela_states.geojson, 5 tiles). nW/cm2/sr salvo frac_iluminada (%).",347140.0,0.0775
2024,5,Aragua,AR,4.4328,good_only_v2,134,"NASA Black Marble VNP46A3 (LAADS DAAC, coleccion 002), radiancia NearNadir Composite Snow Free sobre Venezuela (mascara venezuela_states.geojson, 5 tiles). nW/cm2/sr salvo frac_iluminada (%).",32655.0,0.4104
2024,5,Barinas,BA,0.0,good_only_v2,2,"NASA Black Marble VNP46A3 (LAADS DAAC, coleccion 002), radiancia NearNadir Composite Snow Free sobre Venezuela (mascara venezuela_states.geojson, 5 tiles). nW/cm2/sr salvo frac_iluminada (%).",171359.0,0.0012
2024,5,Bolívar,BO,0.0,good_only_v2,19,"NASA Black Marble VNP46A3 (LAADS DAAC, coleccion 002), radiancia NearNadir Composite Snow Free sobre Venezuela (mascara venezuela_states.geojson, 5 tiles). nW/cm2/sr salvo frac_iluminada (%).",1126905.0,0.0017
2024,5,DeltaAmacuro,DE,0.0142,good_only_v2,109,"NASA Black Marble VNP46A3 (LAADS DAAC, coleccion 002), radiancia NearNadir Composite Snow Free sobre Venezuela (mascara venezuela_states.geojson, 5 tiles). nW/cm2/sr salvo frac_iluminada (%).",188490.0,0.0578
2024,5,DependenciasFederales,DF,0.0,good_only_v2,108,"NASA Black Marble VNP46A3 (LAADS DAAC, coleccion 002), radiancia NearNadir Composite Snow Free sobre Venezuela (mascara venezuela_states.geojson, 5 tiles). nW/cm2/sr salvo frac_iluminada (%).",1451.0,7.4431
2024,5,Falcón,FA,0.1323,good_only_v2,281,"NASA Black Marble VNP46A3 (LAADS DAAC, coleccion 002), radiancia NearNadir Composite Snow Free sobre Venezuela (mascara venezuela_states.geojson, 5 tiles). nW/cm2/sr salvo frac_iluminada (%).",129492.0,0.217
2024,5,Guárico,GU,0.0079,good_only_v2,538,"NASA Black Marble VNP46A3 (LAADS DAAC, coleccion 002), radiancia NearNadir Composite Snow Free sobre Venezuela (mascara venezuela_states.geojson, 5 tiles). nW/cm2/sr salvo frac_iluminada (%).",317534.0,0.1694
2024,5,Lara,LA,0.2464,good_only_v2,5,"NASA Black Marble VNP46A3 (LAADS DAAC, coleccion 002), radiancia NearNadir Composite Snow Free sobre Venezuela (mascara venezuela_states.geojson, 5 tiles). nW/cm2/sr salvo frac_iluminada (%).",90126.0,0.0055
2024,5,Miranda,MI,0.0103,good_only_v2,805,"NASA Black Marble VNP46A3 (LAADS DAAC, coleccion 002), radiancia NearNadir Composite Snow Free sobre Venezuela (mascara venezuela_states.geojson, 5 tiles). nW/cm2/sr salvo frac_iluminada (%).",41077.0,1.9597
2024,5,Monagas,MO,2.5364,good_only_v2,664,"NASA Black Marble VNP46A3 (LAADS DAAC, coleccion 002), radiancia NearNadir Composite Snow Free sobre Venezuela (mascara venezuela_states.geojson, 5 tiles). nW/cm2/sr salvo frac_iluminada (%).",136742.0,0.4856
2024,5,Mérida,ME,0.0,good_only_v2,81,"NASA Black Marble VNP46A3 (LAADS DAAC, coleccion 002), radiancia NearNadir Composite Snow Free sobre Venezuela (mascara venezuela_states.geojson, 5 tiles). nW/cm2/sr salvo frac_iluminada (%).",60193.0,0.1346
2024,5,NuevaEsparta,NE,5.6925,good_only_v2,67,"NASA Black Marble VNP46A3 (LAADS DAAC, coleccion 002), radiancia NearNadir Composite Snow Free sobre Venezuela (mascara venezuela_states.geojson, 5 tiles). nW/cm2/sr salvo frac_iluminada (%).",5175.0,1.2947
2024,5,Sucre,SU,0.0365,good_only_v2,1372,"NASA Black Marble VNP46A3 (LAADS DAAC, coleccion 002), radiancia NearNadir Composite Snow Free sobre Venezuela (mascara venezuela_states.geojson, 5 tiles). nW/cm2/sr salvo frac_iluminada (%).",51700.0,2.6538
2024,5,Vargas,VA,0.8162,good_only_v2,230,"NASA Black Marble VNP46A3 (LAADS DAAC, coleccion 002), radiancia NearNadir Composite Snow Free sobre Venezuela (mascara venezuela_states.geojson, 5 tiles). nW/cm2/sr salvo frac_iluminada (%).",4822.0,4.7698
2024,6,Amazonas,AM,0.0,good_only_v2,175,"NASA Black Marble VNP46A3 (LAADS DAAC, coleccion 002), radiancia NearNadir Composite Snow Free sobre Venezuela (mascara venezuela_states.geojson, 5 tiles). nW/cm2/sr salvo frac_iluminada (%).",857577.0,0.0204
2024,6,Anzoátegui,AN,0.0,good_only_v2,30,"NASA Black Marble VNP46A3 (LAADS DAAC, coleccion 002), radiancia NearNadir Composite Snow Free sobre Venezuela (mascara venezuela_states.geojson, 5 tiles). nW/cm2/sr salvo frac_iluminada (%).",226434.0,0.0132
2024,6,Apure,AP,0.0,good_only_v2,47,"NASA Black Marble VNP46A3 (LAADS DAAC, coleccion 002), radiancia NearNadir Composite Snow Free sobre Venezuela (mascara venezuela_states.geojson, 5 tiles). nW/cm2/sr salvo frac_iluminada (%).",347140.0,0.0135
2024,6,Aragua,AR,1.4058,good_only_v2,6,"NASA Black Marble VNP46A3 (LAADS DAAC, coleccion 002), radiancia NearNadir Composite Snow Free sobre Venezuela (mascara venezuela_states.geojson, 5 tiles). nW/cm2/sr salvo frac_iluminada (%).",32655.0,0.0184
2024,6,Bolívar,BO,0.0017,good_only_v2,628,"NASA Black Marble VNP46A3 (LAADS DAAC, coleccion 002), radiancia NearNadir Composite Snow Free sobre Venezuela (mascara venezuela_states.geojson, 5 tiles). nW/cm2/sr salvo frac_iluminada (%).",1126905.0,0.0557
2024,6,Carabobo,CA,2.1213,good_only_v2,1,"NASA Black Marble VNP46A3 (LAADS DAAC, coleccion 002), radiancia NearNadir Composite Snow Free sobre Venezuela (mascara venezuela_states.geojson, 5 tiles). nW/cm2/sr salvo frac_iluminada (%).",22664.0,0.0044
2024,6,DeltaAmacuro,DE,0.0,good_only_v2,52,"NASA Black Marble VNP46A3 (LAADS DAAC, coleccion 002), radiancia NearNadir Composite Snow Free sobre Venezuela (mascara venezuela_states.geojson, 5 tiles). nW/cm2/sr salvo frac_iluminada (%).",188490.0,0.0276
2024,6,DistritoCapital,DC,1.4369,good_only_v2,40,"NASA Black Marble VNP46A3 (LAADS DAAC, coleccion 002), radiancia NearNadir Composite Snow Free sobre Venezuela (mascara venezuela_states.geojson, 5 tiles). nW/cm2/sr salvo frac_iluminada (%).",1395.0,2.8674
2024,6,Falcón,FA,0.4307,good_only_v2,14,"NASA Black Marble VNP46A3 (LAADS DAAC, coleccion 002), radiancia NearNadir Composite Snow Free sobre Venezuela (mascara venezuela_states.geojson, 5 tiles). nW/cm2/sr salvo frac_iluminada (%).",129492.0,0.0108
2024,6,Guárico,GU,0.0,good_only_v2,13,"NASA Black Marble VNP46A3 (LAADS DAAC, coleccion 002), radiancia NearNadir Composite Snow Free sobre Venezuela (mascara venezuela_states.geojson, 5 tiles). nW/cm2/sr salvo frac_iluminada (%).",317534.0,0.0041
2024,6,Lara,LA,0.0,good_only_v2,66,"NASA Black Marble VNP46A3 (LAADS DAAC, coleccion 002), radiancia NearNadir Composite Snow Free sobre Venezuela (mascara venezuela_states.geojson, 5 tiles). nW/cm2/sr salvo frac_iluminada (%).",90126.0,0.0732
2024,6,Miranda,MI,0.2152,good_only_v2,120,"NASA Black Marble VNP46A3 (LAADS DAAC, coleccion 002), radiancia NearNadir Composite Snow Free sobre Venezuela (mascara venezuela_states.geojson, 5 tiles). nW/cm2/sr salvo frac_iluminada (%).",41077.0,0.2921
2024,6,Monagas,MO,0.0,good_only_v2,1,"NASA Black Marble VNP46A3 (LAADS DAAC, coleccion 002), radiancia NearNadir Composite Snow Free sobre Venezuela (mascara venezuela_states.geojson, 5 tiles). nW/cm2/sr salvo frac_iluminada (%).",136742.0,0.0007
2024,6,Sucre,SU,0.0,good_only_v2,1,"NASA Black Marble VNP46A3 (LAADS DAAC, coleccion 002), radiancia NearNadir Composite Snow Free sobre Venezuela (mascara venezuela_states.geojson, 5 tiles). nW/cm2/sr salvo frac_iluminada (%).",51700.0,0.0019
2024,6,Vargas,VA,0.8739,good_only_v2,133,"NASA Black Marble VNP46A3 (LAADS DAAC, coleccion 002), radiancia NearNadir Composite Snow Free sobre Venezuela (mascara venezuela_states.geojson, 5 tiles). nW/cm2/sr salvo frac_iluminada (%).",4822.0,2.7582
2024,6,Yaracuy,YA,0.2757,good_only_v2,245,"NASA Black Marble VNP46A3 (LAADS DAAC, coleccion 002), radiancia NearNadir Composite Snow Free sobre Venezuela (mascara venezuela_states.geojson, 5 tiles). nW/cm2/sr salvo frac_iluminada (%).",29306.0,0.836
2024,7,Amazonas,AM,0.0,good_only_v2,85,"NASA Black Marble VNP46A3 (LAADS DAAC, coleccion 002), radiancia NearNadir Composite Snow Free sobre Venezuela (mascara venezuela_states.geojson, 5 tiles). nW/cm2/sr salvo frac_iluminada (%).",857577.0,0.0099
2024,7,Bolívar,BO,0.0,good_only_v2,1,"NASA Black Marble VNP46A3 (LAADS DAAC, coleccion 002), radiancia NearNadir Composite Snow Free sobre Venezuela (mascara venezuela_states.geojson, 5 tiles). nW/cm2/sr salvo frac_iluminada (%).",1126905.0,0.0001
2024,7,DependenciasFederales,DF,0.0,good_only_v2,16,"NASA Black Marble VNP46A3 (LAADS DAAC, coleccion 002), radiancia NearNadir Composite Snow Free sobre Venezuela (mascara venezuela_states.geojson, 5 tiles). nW/cm2/sr salvo frac_iluminada (%).",1451.0,1.1027
2024,7,Miranda,MI,0.423,good_only_v2,13,"NASA Black Marble VNP46A3 (LAADS DAAC, coleccion 002), radiancia NearNadir Composite Snow Free sobre Venezuela (mascara venezuela_states.geojson, 5 tiles). nW/cm2/sr salvo frac_iluminada (%).",41077.0,0.0316
2024,7,Monagas,MO,0.0303,good_only_v2,57,"NASA Black Marble VNP46A3 (LAADS DAAC, coleccion 002), radiancia NearNadir Composite Snow Free sobre Venezuela (mascara venezuela_states.geojson, 5 tiles). nW/cm2/sr salvo frac_iluminada (%).",136742.0,0.0417
2024,7,NuevaEsparta,NE,3.4933,good_only_v2,31,"NASA Black Marble VNP46A3 (LAADS DAAC, coleccion 002), radiancia NearNadir Composite Snow Free sobre Venezuela (mascara venezuela_states.geojson, 5 tiles). nW/cm2/sr salvo frac_iluminada (%).",5175.0,0.599
2024,7,Sucre,SU,0.0399,good_only_v2,67,"NASA Black Marble VNP46A3 (LAADS DAAC, coleccion 002), radiancia NearNadir Composite Snow Free sobre Venezuela (mascara venezuela_states.geojson, 5 tiles). nW/cm2/sr salvo frac_iluminada (%).",51700.0,0.1296
2024,7,Vargas,VA,1.714,good_only_v2,5,"NASA Black Marble VNP46A3 (LAADS DAAC, coleccion 002), radiancia NearNadir Composite Snow Free sobre Venezuela (mascara venezuela_states.geojson, 5 tiles). nW/cm2/sr salvo frac_iluminada (%).",4822.0,0.1037
2024,8,Amazonas,AM,0.0261,good_only_v2,51772,"NASA Black Marble VNP46A3 (LAADS DAAC, coleccion 002), radiancia NearNadir Composite Snow Free sobre Venezuela (mascara venezuela_states.geojson, 5 tiles). nW/cm2/sr salvo frac_iluminada (%).",857577.0,6.037
2024,8,Anzoátegui,AN,1.8152,good_only_v2,51216,"NASA Black Marble VNP46A3 (LAADS DAAC, coleccion 002), radiancia NearNadir Composite Snow Free sobre Venezuela (mascara venezuela_states.geojson, 5 tiles). nW/cm2/sr salvo frac_iluminada (%).",226434.0,22.6185
2024,8,Aragua,AR,0.7614,good_only_v2,16530,"NASA Black Marble VNP46A3 (LAADS DAAC, coleccion 002), radiancia NearNadir Composite Snow Free sobre Venezuela (mascara venezuela_states.geojson, 5 tiles). nW/cm2/sr salvo frac_iluminada (%).",32655.0,50.6201
2024,8,Barinas,BA,0.0029,good_only_v2,289,"NASA Black Marble VNP46A3 (LAADS DAAC, coleccion 002), radiancia NearNadir Composite Snow Free sobre Venezuela (mascara venezuela_states.geojson, 5 tiles). nW/cm2/sr salvo frac_iluminada (%).",171359.0,0.1687
2024,8,Bolívar,BO,0.0222,good_only_v2,25411,"NASA Black Marble VNP46A3 (LAADS DAAC, coleccion 002), radiancia NearNadir Composite Snow Free sobre Venezuela (mascara venezuela_states.geojson, 5 tiles). nW/cm2/sr salvo frac_iluminada (%).",1126905.0,2.2549
2024,8,Carabobo,CA,0.7672,good_only_v2,485,"NASA Black Marble VNP46A3 (LAADS DAAC, coleccion 002), radiancia NearNadir Composite Snow Free sobre Venezuela (mascara venezuela_states.geojson, 5 tiles). nW/cm2/sr salvo frac_iluminada (%).",22664.0,2.14
2024,8,Cojedes,CO,0.1526,good_only_v2,659,"NASA Black Marble VNP46A3 (LAADS DAAC, coleccion 002), radiancia NearNadir Composite Snow Free sobre Venezuela (mascara venezuela_states.geojson, 5 tiles). nW/cm2/sr salvo frac_iluminada (%).",69046.0,0.9544
2024,8,DeltaAmacuro,DE,0.0067,good_only_v2,19104,"NASA Black Marble VNP46A3 (LAADS DAAC, coleccion 002), radiancia NearNadir Composite Snow Free sobre Venezuela (mascara venezuela_states.geojson, 5 tiles). nW/cm2/sr salvo frac_iluminada (%).",188490.0,10.1353
2024,8,DependenciasFederales,DF,0.0882,good_only_v2,952,"NASA Black Marble VNP46A3 (LAADS DAAC, coleccion 002), radiancia NearNadir Composite Snow Free sobre Venezuela (mascara venezuela_states.geojson, 5 tiles). nW/cm2/sr salvo frac_iluminada (%).",1451.0,65.6099
2024,8,DistritoCapital,DC,39.3714,good_only_v2,1233,"NASA Black Marble VNP46A3 (LAADS DAAC, coleccion 002), radiancia NearNadir Composite Snow Free sobre Venezuela (mascara venezuela_states.geojson, 5 tiles). nW/cm2/sr salvo frac_iluminada (%).",1395.0,88.3871
2024,8,Falcón,FA,1.6945,good_only_v2,9039,"NASA Black Marble VNP46A3 (LAADS DAAC, coleccion 002), radiancia NearNadir Composite Snow Free sobre Venezuela (mascara venezuela_states.geojson, 5 tiles). nW/cm2/sr salvo frac_iluminada (%).",129492.0,6.9804
2024,8,Guárico,GU,0.2247,good_only_v2,29294,"NASA Black Marble VNP46A3 (LAADS DAAC, coleccion 002), radiancia NearNadir Composite Snow Free sobre Venezuela (mascara venezuela_states.geojson, 5 tiles). nW/cm2/sr salvo frac_iluminada (%).",317534.0,9.2255
2024,8,Lara,LA,0.1237,good_only_v2,1457,"NASA Black Marble VNP46A3 (LAADS DAAC, coleccion 002), radiancia NearNadir Composite Snow Free sobre Venezuela (mascara venezuela_states.geojson, 5 tiles). nW/cm2/sr salvo frac_iluminada (%).",90126.0,1.6166
2024,8,Miranda,MI,2.6442,good_only_v2,19090,"NASA Black Marble VNP46A3 (LAADS DAAC, coleccion 002), radiancia NearNadir Composite Snow Free sobre Venezuela (mascara venezuela_states.geojson, 5 tiles). nW/cm2/sr salvo frac_iluminada (%).",41077.0,46.4737
2024,8,Monagas,MO,1.72,good_only_v2,27490,"NASA Black Marble VNP46A3 (LAADS DAAC, coleccion 002), radiancia NearNadir Composite Snow Free sobre Venezuela (mascara venezuela_states.geojson, 5 tiles). nW/cm2/sr salvo frac_iluminada (%).",136742.0,20.1036
2024,8,Mérida,ME,0.5379,good_only_v2,190,"NASA Black Marble VNP46A3 (LAADS DAAC, coleccion 002), radiancia NearNadir Composite Snow Free sobre Venezuela (mascara venezuela_states.geojson, 5 tiles). nW/cm2/sr salvo frac_iluminada (%).",60193.0,0.3157
2024,8,NuevaEsparta,NE,9.2759,good_only_v2,1798,"NASA Black Marble VNP46A3 (LAADS DAAC, coleccion 002), radiancia NearNadir Composite Snow Free sobre Venezuela (mascara venezuela_states.geojson, 5 tiles). nW/cm2/sr salvo frac_iluminada (%).",5175.0,34.744
2024,8,Portuguesa,PO,0.249,good_only_v2,2630,"NASA Black Marble VNP46A3 (LAADS DAAC, coleccion 002), radiancia NearNadir Composite Snow Free sobre Venezuela (mascara venezuela_states.geojson, 5 tiles). nW/cm2/sr salvo frac_iluminada (%).",91747.0,2.8666
2024,8,Sucre,SU,0.6607,good_only_v2,26744,"NASA Black Marble VNP46A3 (LAADS DAAC, coleccion 002), radiancia NearNadir Composite Snow Free sobre Venezuela (mascara venezuela_states.geojson, 5 tiles). nW/cm2/sr salvo frac_iluminada (%).",51700.0,51.7292
2024,8,Trujillo,TR,0.3525,good_only_v2,98,"NASA Black Marble VNP46A3 (LAADS DAAC, coleccion 002), radiancia NearNadir Composite Snow Free sobre Venezuela (mascara venezuela_states.geojson, 5 tiles). nW/cm2/sr salvo frac_iluminada (%).",38257.0,0.2562
2024,8,Vargas,VA,2.0091,good_only_v2,4162,"NASA Black Marble VNP46A3 (LAADS DAAC, coleccion 002), radiancia NearNadir Composite Snow Free sobre Venezuela (mascara venezuela_states.geojson, 5 tiles). nW/cm2/sr salvo frac_iluminada (%).",4822.0,86.3127
2024,8,Yaracuy,YA,2.1328,good_only_v2,3622,"NASA Black Marble VNP46A3 (LAADS DAAC, coleccion 002), radiancia NearNadir Composite Snow Free sobre Venezuela (mascara venezuela_states.geojson, 5 tiles). nW/cm2/sr salvo frac_iluminada (%).",29306.0,12.3592
2024,8,Zulia,ZU,0.0432,good_only_v2,234,"NASA Black Marble VNP46A3 (LAADS DAAC, coleccion 002), radiancia NearNadir Composite Snow Free sobre Venezuela (mascara venezuela_states.geojson, 5 tiles). nW/cm2/sr salvo frac_iluminada (%).",208445.0,0.1123
2024,9,Amazonas,AM,0.0063,good_only_v2,18396,"NASA Black Marble VNP46A3 (LAADS DAAC, coleccion 002), radiancia NearNadir Composite Snow Free sobre Venezuela (mascara venezuela_states.geojson, 5 tiles). nW/cm2/sr salvo frac_iluminada (%).",857577.0,2.1451
2024,9,Anzoátegui,AN,0.1468,good_only_v2,4043,"NASA Black Marble VNP46A3 (LAADS DAAC, coleccion 002), radiancia NearNadir Composite Snow Free sobre Venezuela (mascara venezuela_states.geojson, 5 tiles). nW/cm2/sr salvo frac_iluminada (%).",226434.0,1.7855
2024,9,Apure,AP,0.0,good_only_v2,1,"NASA Black Marble VNP46A3 (LAADS DAAC, coleccion 002), radiancia NearNadir Composite Snow Free sobre Venezuela (mascara venezuela_states.geojson, 5 tiles). nW/cm2/sr salvo frac_iluminada (%).",347140.0,0.0003
2024,9,Aragua,AR,0.3202,good_only_v2,2782,"NASA Black Marble VNP46A3 (LAADS DAAC, coleccion 002), radiancia NearNadir Composite Snow Free sobre Venezuela (mascara venezuela_states.geojson, 5 tiles). nW/cm2/sr salvo frac_iluminada (%).",32655.0,8.5194
2024,9,Bolívar,BO,0.0172,good_only_v2,6462,"NASA Black Marble VNP46A3 (LAADS DAAC, coleccion 002), radiancia NearNadir Composite Snow Free sobre Venezuela (mascara venezuela_states.geojson, 5 tiles). nW/cm2/sr salvo frac_iluminada (%).",1126905.0,0.5734
2024,9,Carabobo,CA,0.1688,good_only_v2,477,"NASA Black Marble VNP46A3 (LAADS DAAC, coleccion 002), radiancia NearNadir Composite Snow Free sobre Venezuela (mascara venezuela_states.geojson, 5 tiles). nW/cm2/sr salvo frac_iluminada (%).",22664.0,2.1047
2024,9,Cojedes,CO,0.0254,good_only_v2,270,"NASA Black Marble VNP46A3 (LAADS DAAC, coleccion 002), radiancia NearNadir Composite Snow Free sobre Venezuela (mascara venezuela_states.geojson, 5 tiles). nW/cm2/sr salvo frac_iluminada (%).",69046.0,0.391
2024,9,DeltaAmacuro,DE,0.0081,good_only_v2,29941,"NASA Black Marble VNP46A3 (LAADS DAAC, coleccion 002), radiancia NearNadir Composite Snow Free sobre Venezuela (mascara venezuela_states.geojson, 5 tiles). nW/cm2/sr salvo frac_iluminada (%).",188490.0,15.8847
2024,9,DistritoCapital,DC,0.8059,good_only_v2,39,"NASA Black Marble VNP46A3 (LAADS DAAC, coleccion 002), radiancia NearNadir Composite Snow Free sobre Venezuela (mascara venezuela_states.geojson, 5 tiles). nW/cm2/sr salvo frac_iluminada (%).",1395.0,2.7957
2024,9,Guárico,GU,0.0493,good_only_v2,8023,"NASA Black Marble VNP46A3 (LAADS DAAC, coleccion 002), radiancia NearNadir Composite Snow Free sobre Venezuela (mascara venezuela_states.geojson, 5 tiles). nW/cm2/sr salvo frac_iluminada (%).",317534.0,2.5267
2024,9,Miranda,MI,0.392,good_only_v2,557,"NASA Black Marble VNP46A3 (LAADS DAAC, coleccion 002), radiancia NearNadir Composite Snow Free sobre Venezuela (mascara venezuela_states.geojson, 5 tiles). nW/cm2/sr salvo frac_iluminada (%).",41077.0,1.356
2024,9,Monagas,MO,0.2582,good_only_v2,5081,"NASA Black Marble VNP46A3 (LAADS DAAC, coleccion 002), radiancia NearNadir Composite Snow Free sobre Venezuela (mascara venezuela_states.geojson, 5 tiles). nW/cm2/sr salvo frac_iluminada (%).",136742.0,3.7158
2024,9,NuevaEsparta,NE,3.4031,good_only_v2,49,"NASA Black Marble VNP46A3 (LAADS DAAC, coleccion 002), radiancia NearNadir Composite Snow Free sobre Venezuela (mascara venezuela_states.geojson, 5 tiles). nW/cm2/sr salvo frac_iluminada (%).",5175.0,0.9469
2024,9,Sucre,SU,0.1679,good_only_v2,1880,"NASA Black Marble VNP46A3 (LAADS DAAC, coleccion 002), radiancia NearNadir Composite Snow Free sobre Venezuela (mascara venezuela_states.geojson, 5 tiles). nW/cm2/sr salvo frac_iluminada (%).",51700.0,3.6364
2024,9,Táchira,TA,0.9438,good_only_v2,12,"NASA Black Marble VNP46A3 (LAADS DAAC, coleccion 002), radiancia NearNadir Composite Snow Free sobre Venezuela (mascara venezuela_states.geojson, 5 tiles). nW/cm2/sr salvo frac_iluminada (%).",50629.0,0.0237
2024,9,Vargas,VA,1.8686,good_only_v2,796,"NASA Black Marble VNP46A3 (LAADS DAAC, coleccion 002), radiancia NearNadir Composite Snow Free sobre Venezuela (mascara venezuela_states.geojson, 5 tiles). nW/cm2/sr salvo frac_iluminada (%).",4822.0,16.5077
2024,9,Yaracuy,YA,0.0,good_only_v2,4,"NASA Black Marble VNP46A3 (LAADS DAAC, coleccion 002), radiancia NearNadir Composite Snow Free sobre Venezuela (mascara venezuela_states.geojson, 5 tiles). nW/cm2/sr salvo frac_iluminada (%).",29306.0,0.0136
2024,10,Amazonas,AM,0.0019,good_only_v2,6793,"NASA Black Marble VNP46A3 (LAADS DAAC, coleccion 002), radiancia NearNadir Composite Snow Free sobre Venezuela (mascara venezuela_states.geojson, 5 tiles). nW/cm2/sr salvo frac_iluminada (%).",857577.0,0.7921
2024,10,Anzoátegui,AN,2.1108,good_only_v2,30766,"NASA Black Marble VNP46A3 (LAADS DAAC, coleccion 002), radiancia NearNadir Composite Snow Free sobre Venezuela (mascara venezuela_states.geojson, 5 tiles). nW/cm2/sr salvo frac_iluminada (%).",226434.0,13.5872
2024,10,Apure,AP,0.0053,good_only_v2,20353,"NASA Black Marble VNP46A3 (LAADS DAAC, coleccion 002), radiancia NearNadir Composite Snow Free sobre Venezuela (mascara venezuela_states.geojson, 5 tiles). nW/cm2/sr salvo frac_iluminada (%).",347140.0,5.8631
2024,10,Aragua,AR,2.0124,good_only_v2,16164,"NASA Black Marble VNP46A3 (LAADS DAAC, coleccion 002), radiancia NearNadir Composite Snow Free sobre Venezuela (mascara venezuela_states.geojson, 5 tiles). nW/cm2/sr salvo frac_iluminada (%).",32655.0,49.4993
2024,10,Barinas,BA,0.0225,good_only_v2,36264,"NASA Black Marble VNP46A3 (LAADS DAAC, coleccion 002), radiancia NearNadir Composite Snow Free sobre Venezuela (mascara venezuela_states.geojson, 5 tiles). nW/cm2/sr salvo frac_iluminada (%).",171359.0,21.1626
2024,10,Bolívar,BO,0.0585,good_only_v2,38699,"NASA Black Marble VNP46A3 (LAADS DAAC, coleccion 002), radiancia NearNadir Composite Snow Free sobre Venezuela (mascara venezuela_states.geojson, 5 tiles). nW/cm2/sr salvo frac_iluminada (%).",1126905.0,3.4341
2024,10,Carabobo,CA,6.8195,good_only_v2,14003,"NASA Black Marble VNP46A3 (LAADS DAAC, coleccion 002), radiancia NearNadir Composite Snow Free sobre Venezuela (mascara venezuela_states.geojson, 5 tiles). nW/cm2/sr salvo frac_iluminada (%).",22664.0,61.7852
2024,10,Cojedes,CO,0.2324,good_only_v2,57378,"NASA Black Marble VNP46A3 (LAADS DAAC, coleccion 002), radiancia NearNadir Composite Snow Free sobre Venezuela (mascara venezuela_states.geojson, 5 tiles). nW/cm2/sr salvo frac_iluminada (%).",69046.0,83.1011
2024,10,DeltaAmacuro,DE,0.0331,good_only_v2,59033,"NASA Black Marble VNP46A3 (LAADS DAAC, coleccion 002), radiancia NearNadir Composite Snow Free sobre Venezuela (mascara venezuela_states.geojson, 5 tiles). nW/cm2/sr salvo frac_iluminada (%).",188490.0,31.3189
2024,10,DependenciasFederales,DF,0.332,good_only_v2,149,"NASA Black Marble VNP46A3 (LAADS DAAC, coleccion 002), radiancia NearNadir Composite Snow Free sobre Venezuela (mascara venezuela_states.geojson, 5 tiles). nW/cm2/sr salvo frac_iluminada (%).",1451.0,10.2688
2024,10,DistritoCapital,DC,39.3102,good_only_v2,1333,"NASA Black Marble VNP46A3 (LAADS DAAC, coleccion 002), radiancia NearNadir Composite Snow Free sobre Venezuela (mascara venezuela_states.geojson, 5 tiles). nW/cm2/sr salvo frac_iluminada (%).",1395.0,95.5556
2024,10,Falcón,FA,0.1116,good_only_v2,5583,"NASA Black Marble VNP46A3 (LAADS DAAC, coleccion 002), radiancia NearNadir Composite Snow Free sobre Venezuela (mascara venezuela_states.geojson, 5 tiles). nW/cm2/sr salvo frac_iluminada (%).",129492.0,4.3115
2024,10,Guárico,GU,0.1102,good_only_v2,105923,"NASA Black Marble VNP46A3 (LAADS DAAC, coleccion 002), radiancia NearNadir Composite Snow Free sobre Venezuela (mascara venezuela_states.geojson, 5 tiles). nW/cm2/sr salvo frac_iluminada (%).",317534.0,33.358
2024,10,Lara,LA,0.1344,good_only_v2,3537,"NASA Black Marble VNP46A3 (LAADS DAAC, coleccion 002), radiancia NearNadir Composite Snow Free sobre Venezuela (mascara venezuela_states.geojson, 5 tiles). nW/cm2/sr salvo frac_iluminada (%).",90126.0,3.9245
2024,10,Miranda,MI,3.2204,good_only_v2,9349,"NASA Black Marble VNP46A3 (LAADS DAAC, coleccion 002), radiancia NearNadir Composite Snow Free sobre Venezuela (mascara venezuela_states.geojson, 5 tiles). nW/cm2/sr salvo frac_iluminada (%).",41077.0,22.7597
2024,10,Monagas,MO,1.1941,good_only_v2,40014,"NASA Black Marble VNP46A3 (LAADS DAAC, coleccion 002), radiancia NearNadir Composite Snow Free sobre Venezuela (mascara venezuela_states.geojson, 5 tiles). nW/cm2/sr salvo frac_iluminada (%).",136742.0,29.2624
2024,10,Mérida,ME,0.0587,good_only_v2,8889,"NASA Black Marble VNP46A3 (LAADS DAAC, coleccion 002), radiancia NearNadir Composite Snow Free sobre Venezuela (mascara venezuela_states.geojson, 5 tiles). nW/cm2/sr salvo frac_iluminada (%).",60193.0,14.7675
2024,10,NuevaEsparta,NE,0.9838,good_only_v2,581,"NASA Black Marble VNP46A3 (LAADS DAAC, coleccion 002), radiancia NearNadir Composite Snow Free sobre Venezuela (mascara venezuela_states.geojson, 5 tiles). nW/cm2/sr salvo frac_iluminada (%).",5175.0,11.2271
2024,10,Portuguesa,PO,0.1167,good_only_v2,36030,"NASA Black Marble VNP46A3 (LAADS DAAC, coleccion 002), radiancia NearNadir Composite Snow Free sobre Venezuela (mascara venezuela_states.geojson, 5 tiles). nW/cm2/sr salvo frac_iluminada (%).",91747.0,39.271
2024,10,Sucre,SU,0.3189,good_only_v2,21692,"NASA Black Marble VNP46A3 (LAADS DAAC, coleccion 002), radiancia NearNadir Composite Snow Free sobre Venezuela (mascara venezuela_states.geojson, 5 tiles). nW/cm2/sr salvo frac_iluminada (%).",51700.0,41.9574
2024,10,Trujillo,TR,0.0212,good_only_v2,84,"NASA Black Marble VNP46A3 (LAADS DAAC, coleccion 002), radiancia NearNadir Composite Snow Free sobre Venezuela (mascara venezuela_states.geojson, 5 tiles). nW/cm2/sr salvo frac_iluminada (%).",38257.0,0.2196
2024,10,Táchira,TA,0.3063,good_only_v2,1741,"NASA Black Marble VNP46A3 (LAADS DAAC, coleccion 002), radiancia NearNadir Composite Snow Free sobre Venezuela (mascara venezuela_states.geojson, 5 tiles). nW/cm2/sr salvo frac_iluminada (%).",50629.0,3.4387
2024,10,Vargas,VA,2.6742,good_only_v2,3469,"NASA Black Marble VNP46A3 (LAADS DAAC, coleccion 002), radiancia NearNadir Composite Snow Free sobre Venezuela (mascara venezuela_states.geojson, 5 tiles). nW/cm2/sr salvo frac_iluminada (%).",4822.0,71.9411
2024,10,Yaracuy,YA,0.6783,good_only_v2,11472,"NASA Black Marble VNP46A3 (LAADS DAAC, coleccion 002), radiancia NearNadir Composite Snow Free sobre Venezuela (mascara venezuela_states.geojson, 5 tiles). nW/cm2/sr salvo frac_iluminada (%).",29306.0,39.1456
2024,10,Zulia,ZU,2.2102,good_only_v2,1802,"NASA Black Marble VNP46A3 (LAADS DAAC, coleccion 002), radiancia NearNadir Composite Snow Free sobre Venezuela (mascara venezuela_states.geojson, 5 tiles). nW/cm2/sr salvo frac_iluminada (%).",208445.0,0.8645
2024,11,Amazonas,AM,0.0004,good_only_v2,2582,"NASA Black Marble VNP46A3 (LAADS DAAC, coleccion 002), radiancia NearNadir Composite Snow Free sobre Venezuela (mascara venezuela_states.geojson, 5 tiles). nW/cm2/sr salvo frac_iluminada (%).",857577.0,0.3011
2024,11,Anzoátegui,AN,0.9774,good_only_v2,57950,"NASA Black Marble VNP46A3 (LAADS DAAC, coleccion 002), radiancia NearNadir Composite Snow Free sobre Venezuela (mascara venezuela_states.geojson, 5 tiles). nW/cm2/sr salvo frac_iluminada (%).",226434.0,25.5924
2024,11,Apure,AP,0.0568,good_only_v2,9,"NASA Black Marble VNP46A3 (LAADS DAAC, coleccion 002), radiancia NearNadir Composite Snow Free sobre Venezuela (mascara venezuela_states.geojson, 5 tiles). nW/cm2/sr salvo frac_iluminada (%).",347140.0,0.0026
2024,11,Aragua,AR,0.0,good_only_v2,12,"NASA Black Marble VNP46A3 (LAADS DAAC, coleccion 002), radiancia NearNadir Composite Snow Free sobre Venezuela (mascara venezuela_states.geojson, 5 tiles). nW/cm2/sr salvo frac_iluminada (%).",32655.0,0.0367
2024,11,Barinas,BA,0.0,good_only_v2,12,"NASA Black Marble VNP46A3 (LAADS DAAC, coleccion 002), radiancia NearNadir Composite Snow Free sobre Venezuela (mascara venezuela_states.geojson, 5 tiles). nW/cm2/sr salvo frac_iluminada (%).",171359.0,0.007
2024,11,Bolívar,BO,0.0654,good_only_v2,152147,"NASA Black Marble VNP46A3 (LAADS DAAC, coleccion 002), radiancia NearNadir Composite Snow Free sobre Venezuela (mascara venezuela_states.geojson, 5 tiles). nW/cm2/sr salvo frac_iluminada (%).",1126905.0,13.5013
2024,11,Carabobo,CA,0.2266,good_only_v2,44,"NASA Black Marble VNP46A3 (LAADS DAAC, coleccion 002), radiancia NearNadir Composite Snow Free sobre Venezuela (mascara venezuela_states.geojson, 5 tiles). nW/cm2/sr salvo frac_iluminada (%).",22664.0,0.1941
2024,11,Cojedes,CO,0.0,good_only_v2,11,"NASA Black Marble VNP46A3 (LAADS DAAC, coleccion 002), radiancia NearNadir Composite Snow Free sobre Venezuela (mascara venezuela_states.geojson, 5 tiles). nW/cm2/sr salvo frac_iluminada (%).",69046.0,0.0159
2024,11,DeltaAmacuro,DE,0.0125,good_only_v2,98565,"NASA Black Marble VNP46A3 (LAADS DAAC, coleccion 002), radiancia NearNadir Composite Snow Free sobre Venezuela (mascara venezuela_states.geojson, 5 tiles). nW/cm2/sr salvo frac_iluminada (%).",188490.0,52.2919
2024,11,DependenciasFederales,DF,0.0,good_only_v2,254,"NASA Black Marble VNP46A3 (LAADS DAAC, coleccion 002), radiancia NearNadir Composite Snow Free sobre Venezuela (mascara venezuela_states.geojson, 5 tiles). nW/cm2/sr salvo frac_iluminada (%).",1451.0,17.5052
2024,11,Falcón,FA,0.3429,good_only_v2,2,"NASA Black Marble VNP46A3 (LAADS DAAC, coleccion 002), radiancia NearNadir Composite Snow Free sobre Venezuela (mascara venezuela_states.geojson, 5 tiles). nW/cm2/sr salvo frac_iluminada (%).",129492.0,0.0015
2024,11,Guárico,GU,0.0119,good_only_v2,11164,"NASA Black Marble VNP46A3 (LAADS DAAC, coleccion 002), radiancia NearNadir Composite Snow Free sobre Venezuela (mascara venezuela_states.geojson, 5 tiles). nW/cm2/sr salvo frac_iluminada (%).",317534.0,3.5158
2024,11,Miranda,MI,0.4254,good_only_v2,824,"NASA Black Marble VNP46A3 (LAADS DAAC, coleccion 002), radiancia NearNadir Composite Snow Free sobre Venezuela (mascara venezuela_states.geojson, 5 tiles). nW/cm2/sr salvo frac_iluminada (%).",41077.0,2.006
2024,11,Monagas,MO,1.0191,good_only_v2,50331,"NASA Black Marble VNP46A3 (LAADS DAAC, coleccion 002), radiancia NearNadir Composite Snow Free sobre Venezuela (mascara venezuela_states.geojson, 5 tiles). nW/cm2/sr salvo frac_iluminada (%).",136742.0,36.8073
2024,11,NuevaEsparta,NE,7.7571,good_only_v2,366,"NASA Black Marble VNP46A3 (LAADS DAAC, coleccion 002), radiancia NearNadir Composite Snow Free sobre Venezuela (mascara venezuela_states.geojson, 5 tiles). nW/cm2/sr salvo frac_iluminada (%).",5175.0,7.0725
2024,11,Portuguesa,PO,0.0159,good_only_v2,416,"NASA Black Marble VNP46A3 (LAADS DAAC, coleccion 002), radiancia NearNadir Composite Snow Free sobre Venezuela (mascara venezuela_states.geojson, 5 tiles). nW/cm2/sr salvo frac_iluminada (%).",91747.0,0.4534
2024,11,Sucre,SU,0.8299,good_only_v2,24437,"NASA Black Marble VNP46A3 (LAADS DAAC, coleccion 002), radiancia NearNadir Composite Snow Free sobre Venezuela (mascara venezuela_states.geojson, 5 tiles). nW/cm2/sr salvo frac_iluminada (%).",51700.0,47.2669
2024,11,Yaracuy,YA,0.8603,good_only_v2,1414,"NASA Black Marble VNP46A3 (LAADS DAAC, coleccion 002), radiancia NearNadir Composite Snow Free sobre Venezuela (mascara venezuela_states.geojson, 5 tiles). nW/cm2/sr salvo frac_iluminada (%).",29306.0,4.825
2024,12,Amazonas,AM,0.0105,good_only_v2,32679,"NASA Black Marble VNP46A3 (LAADS DAAC, coleccion 002), radiancia NearNadir Composite Snow Free sobre Venezuela (mascara venezuela_states.geojson, 5 tiles). nW/cm2/sr salvo frac_iluminada (%).",857577.0,3.8106
2024,12,Anzoátegui,AN,1.8582,good_only_v2,187731,"NASA Black Marble VNP46A3 (LAADS DAAC, coleccion 002), radiancia NearNadir Composite Snow Free sobre Venezuela (mascara venezuela_states.geojson, 5 tiles). nW/cm2/sr salvo frac_iluminada (%).",226434.0,82.9076
2024,12,Apure,AP,0.0338,good_only_v2,255587,"NASA Black Marble VNP46A3 (LAADS DAAC, coleccion 002), radiancia NearNadir Composite Snow Free sobre Venezuela (mascara venezuela_states.geojson, 5 tiles). nW/cm2/sr salvo frac_iluminada (%).",347140.0,73.6265
2024,12,Aragua,AR,2.1434,good_only_v2,29650,"NASA Black Marble VNP46A3 (LAADS DAAC, coleccion 002), radiancia NearNadir Composite Snow Free sobre Venezuela (mascara venezuela_states.geojson, 5 tiles). nW/cm2/sr salvo frac_iluminada (%).",32655.0,90.7977
2024,12,Barinas,BA,0.2157,good_only_v2,138431,"NASA Black Marble VNP46A3 (LAADS DAAC, coleccion 002), radiancia NearNadir Composite Snow Free sobre Venezuela (mascara venezuela_states.geojson, 5 tiles). nW/cm2/sr salvo frac_iluminada (%).",171359.0,80.7842
2024,12,Bolívar,BO,0.2394,good_only_v2,259649,"NASA Black Marble VNP46A3 (LAADS DAAC, coleccion 002), radiancia NearNadir Composite Snow Free sobre Venezuela (mascara venezuela_states.geojson, 5 tiles). nW/cm2/sr salvo frac_iluminada (%).",1126905.0,23.0409
2024,12,Carabobo,CA,7.4387,good_only_v2,16357,"NASA Black Marble VNP46A3 (LAADS DAAC, coleccion 002), radiancia NearNadir Composite Snow Free sobre Venezuela (mascara venezuela_states.geojson, 5 tiles). nW/cm2/sr salvo frac_iluminada (%).",22664.0,72.1717
2024,12,Cojedes,CO,0.2143,good_only_v2,51016,"NASA Black Marble VNP46A3 (LAADS DAAC, coleccion 002), radiancia NearNadir Composite Snow Free sobre Venezuela (mascara venezuela_states.geojson, 5 tiles). nW/cm2/sr salvo frac_iluminada (%).",69046.0,73.887
2024,12,DeltaAmacuro,DE,0.0551,good_only_v2,77312,"NASA Black Marble VNP46A3 (LAADS DAAC, coleccion 002), radiancia NearNadir Composite Snow Free sobre Venezuela (mascara venezuela_states.geojson, 5 tiles). nW/cm2/sr salvo frac_iluminada (%).",188490.0,41.0165
2024,12,DependenciasFederales,DF,0.0147,good_only_v2,1285,"NASA Black Marble VNP46A3 (LAADS DAAC, coleccion 002), radiancia NearNadir Composite Snow Free sobre Venezuela (mascara venezuela_states.geojson, 5 tiles). nW/cm2/sr salvo frac_iluminada (%).",1451.0,88.5596
2024,12,DistritoCapital,DC,41.5344,good_only_v2,1337,"NASA Black Marble VNP46A3 (LAADS DAAC, coleccion 002), radiancia NearNadir Composite Snow Free sobre Venezuela (mascara venezuela_states.geojson, 5 tiles). nW/cm2/sr salvo frac_iluminada (%).",1395.0,95.8423
2024,12,Falcón,FA,0.194,good_only_v2,25554,"NASA Black Marble VNP46A3 (LAADS DAAC, coleccion 002), radiancia NearNadir Composite Snow Free sobre Venezuela (mascara venezuela_states.geojson, 5 tiles). nW/cm2/sr salvo frac_iluminada (%).",129492.0,19.734
2024,12,Guárico,GU,0.1406,good_only_v2,303822,"NASA Black Marble VNP46A3 (LAADS DAAC, coleccion 002), radiancia NearNadir Composite Snow Free sobre Venezuela (mascara venezuela_states.geojson, 5 tiles). nW/cm2/sr salvo frac_iluminada (%).",317534.0,95.6817
2024,12,Lara,LA,3.6205,good_only_v2,9808,"NASA Black Marble VNP46A3 (LAADS DAAC, coleccion 002), radiancia NearNadir Composite Snow Free sobre Venezuela (mascara venezuela_states.geojson, 5 tiles). nW/cm2/sr salvo frac_iluminada (%).",90126.0,10.8825
2024,12,Miranda,MI,3.4125,good_only_v2,27319,"NASA Black Marble VNP46A3 (LAADS DAAC, coleccion 002), radiancia NearNadir Composite Snow Free sobre Venezuela (mascara venezuela_states.geojson, 5 tiles). nW/cm2/sr salvo frac_iluminada (%).",41077.0,66.5068
2024,12,Monagas,MO,4.7078,good_only_v2,111802,"NASA Black Marble VNP46A3 (LAADS DAAC, coleccion 002), radiancia NearNadir Composite Snow Free sobre Venezuela (mascara venezuela_states.geojson, 5 tiles). nW/cm2/sr salvo frac_iluminada (%).",136742.0,81.7613
2024,12,Mérida,ME,0.0925,good_only_v2,8294,"NASA Black Marble VNP46A3 (LAADS DAAC, coleccion 002), radiancia NearNadir Composite Snow Free sobre Venezuela (mascara venezuela_states.geojson, 5 tiles). nW/cm2/sr salvo frac_iluminada (%).",60193.0,13.779
2024,12,NuevaEsparta,NE,9.8499,good_only_v2,3702,"NASA Black Marble VNP46A3 (LAADS DAAC, coleccion 002), radiancia NearNadir Composite Snow Free sobre Venezuela (mascara venezuela_states.geojson, 5 tiles). nW/cm2/sr salvo frac_iluminada (%).",5175.0,71.5362
2024,12,Portuguesa,PO,0.6809,good_only_v2,55690,"NASA Black Marble VNP46A3 (LAADS DAAC, coleccion 002), radiancia NearNadir Composite Snow Free sobre Venezuela (mascara venezuela_states.geojson, 5 tiles). nW/cm2/sr salvo frac_iluminada (%).",91747.0,60.6995
2024,12,Sucre,SU,0.8133,good_only_v2,38786,"NASA Black Marble VNP46A3 (LAADS DAAC, coleccion 002), radiancia NearNadir Composite Snow Free sobre Venezuela (mascara venezuela_states.geojson, 5 tiles). nW/cm2/sr salvo frac_iluminada (%).",51700.0,75.0213
2024,12,Trujillo,TR,0.2568,good_only_v2,5163,"NASA Black Marble VNP46A3 (LAADS DAAC, coleccion 002), radiancia NearNadir Composite Snow Free sobre Venezuela (mascara venezuela_states.geojson, 5 tiles). nW/cm2/sr salvo frac_iluminada (%).",38257.0,13.4956
2024,12,Táchira,TA,0.1737,good_only_v2,516,"NASA Black Marble VNP46A3 (LAADS DAAC, coleccion 002), radiancia NearNadir Composite Snow Free sobre Venezuela (mascara venezuela_states.geojson, 5 tiles). nW/cm2/sr salvo frac_iluminada (%).",50629.0,1.0192
2024,12,Vargas,VA,4.8064,good_only_v2,4410,"NASA Black Marble VNP46A3 (LAADS DAAC, coleccion 002), radiancia NearNadir Composite Snow Free sobre Venezuela (mascara venezuela_states.geojson, 5 tiles). nW/cm2/sr salvo frac_iluminada (%).",4822.0,91.4558
2024,12,Yaracuy,YA,1.4681,good_only_v2,11004,"NASA Black Marble VNP46A3 (LAADS DAAC, coleccion 002), radiancia NearNadir Composite Snow Free sobre Venezuela (mascara venezuela_states.geojson, 5 tiles). nW/cm2/sr salvo frac_iluminada (%).",29306.0,37.5486
2024,12,Zulia,ZU,0.2265,good_only_v2,20154,"NASA Black Marble VNP46A3 (LAADS DAAC, coleccion 002), radiancia NearNadir Composite Snow Free sobre Venezuela (mascara venezuela_states.geojson, 5 tiles). nW/cm2/sr salvo frac_iluminada (%).",208445.0,9.6687
2025,1,Amazonas,AM,0.0002,good_only_v2,44554,"NASA Black Marble VNP46A3 (LAADS DAAC, coleccion 002), radiancia NearNadir Composite Snow Free sobre Venezuela (mascara venezuela_states.geojson, 5 tiles). nW/cm2/sr salvo frac_iluminada (%).",857577.0,5.1953
2025,1,Anzoátegui,AN,1.5408,good_only_v2,185193,"NASA Black Marble VNP46A3 (LAADS DAAC, coleccion 002), radiancia NearNadir Composite Snow Free sobre Venezuela (mascara venezuela_states.geojson, 5 tiles). nW/cm2/sr salvo frac_iluminada (%).",226434.0,81.7867
2025,1,Apure,AP,0.0476,good_only_v2,217199,"NASA Black Marble VNP46A3 (LAADS DAAC, coleccion 002), radiancia NearNadir Composite Snow Free sobre Venezuela (mascara venezuela_states.geojson, 5 tiles). nW/cm2/sr salvo frac_iluminada (%).",347140.0,62.5681
2025,1,Aragua,AR,2.299,good_only_v2,27593,"NASA Black Marble VNP46A3 (LAADS DAAC, coleccion 002), radiancia NearNadir Composite Snow Free sobre Venezuela (mascara venezuela_states.geojson, 5 tiles). nW/cm2/sr salvo frac_iluminada (%).",32655.0,84.4985
2025,1,Barinas,BA,0.2292,good_only_v2,148041,"NASA Black Marble VNP46A3 (LAADS DAAC, coleccion 002), radiancia NearNadir Composite Snow Free sobre Venezuela (mascara venezuela_states.geojson, 5 tiles). nW/cm2/sr salvo frac_iluminada (%).",171359.0,86.3923
2025,1,Bolívar,BO,0.071,good_only_v2,233740,"NASA Black Marble VNP46A3 (LAADS DAAC, coleccion 002), radiancia NearNadir Composite Snow Free sobre Venezuela (mascara venezuela_states.geojson, 5 tiles). nW/cm2/sr salvo frac_iluminada (%).",1126905.0,20.7418
2025,1,Carabobo,CA,7.7332,good_only_v2,16042,"NASA Black Marble VNP46A3 (LAADS DAAC, coleccion 002), radiancia NearNadir Composite Snow Free sobre Venezuela (mascara venezuela_states.geojson, 5 tiles). nW/cm2/sr salvo frac_iluminada (%).",22664.0,70.7819
2025,1,Cojedes,CO,0.2999,good_only_v2,68534,"NASA Black Marble VNP46A3 (LAADS DAAC, coleccion 002), radiancia NearNadir Composite Snow Free sobre Venezuela (mascara venezuela_states.geojson, 5 tiles). nW/cm2/sr salvo frac_iluminada (%).",69046.0,99.2585
2025,1,DeltaAmacuro,DE,0.0324,good_only_v2,156475,"NASA Black Marble VNP46A3 (LAADS DAAC, coleccion 002), radiancia NearNadir Composite Snow Free sobre Venezuela (mascara venezuela_states.geojson, 5 tiles). nW/cm2/sr salvo frac_iluminada (%).",188490.0,83.015
2025,1,DependenciasFederales,DF,0.0898,good_only_v2,1083,"NASA Black Marble VNP46A3 (LAADS DAAC, coleccion 002), radiancia NearNadir Composite Snow Free sobre Venezuela (mascara venezuela_states.geojson, 5 tiles). nW/cm2/sr salvo frac_iluminada (%).",1451.0,74.6382
2025,1,DistritoCapital,DC,45.9411,good_only_v2,241,"NASA Black Marble VNP46A3 (LAADS DAAC, coleccion 002), radiancia NearNadir Composite Snow Free sobre Venezuela (mascara venezuela_states.geojson, 5 tiles). nW/cm2/sr salvo frac_iluminada (%).",1395.0,17.276
2025,1,Falcón,FA,1.0611,good_only_v2,112168,"NASA Black Marble VNP46A3 (LAADS DAAC, coleccion 002), radiancia NearNadir Composite Snow Free sobre Venezuela (mascara venezuela_states.geojson, 5 tiles). nW/cm2/sr salvo frac_iluminada (%).",129492.0,86.6216
2025,1,Guárico,GU,0.1766,good_only_v2,270993,"NASA Black Marble VNP46A3 (LAADS DAAC, coleccion 002), radiancia NearNadir Composite Snow Free sobre Venezuela (mascara venezuela_states.geojson, 5 tiles). nW/cm2/sr salvo frac_iluminada (%).",317534.0,85.343
2025,1,Lara,LA,1.4867,good_only_v2,48215,"NASA Black Marble VNP46A3 (LAADS DAAC, coleccion 002), radiancia NearNadir Composite Snow Free sobre Venezuela (mascara venezuela_states.geojson, 5 tiles). nW/cm2/sr salvo frac_iluminada (%).",90126.0,53.4973
2025,1,Miranda,MI,1.3306,good_only_v2,13434,"NASA Black Marble VNP46A3 (LAADS DAAC, coleccion 002), radiancia NearNadir Composite Snow Free sobre Venezuela (mascara venezuela_states.geojson, 5 tiles). nW/cm2/sr salvo frac_iluminada (%).",41077.0,32.7044
2025,1,Monagas,MO,9.6654,good_only_v2,120968,"NASA Black Marble VNP46A3 (LAADS DAAC, coleccion 002), radiancia NearNadir Composite Snow Free sobre Venezuela (mascara venezuela_states.geojson, 5 tiles). nW/cm2/sr salvo frac_iluminada (%).",136742.0,88.4644
2025,1,Mérida,ME,0.2427,good_only_v2,38968,"NASA Black Marble VNP46A3 (LAADS DAAC, coleccion 002), radiancia NearNadir Composite Snow Free sobre Venezuela (mascara venezuela_states.geojson, 5 tiles). nW/cm2/sr salvo frac_iluminada (%).",60193.0,64.7384
2025,1,NuevaEsparta,NE,9.2181,good_only_v2,4525,"NASA Black Marble VNP46A3 (LAADS DAAC, coleccion 002), radiancia NearNadir Composite Snow Free sobre Venezuela (mascara venezuela_states.geojson, 5 tiles). nW/cm2/sr salvo frac_iluminada (%).",5175.0,87.4396
2025,1,Portuguesa,PO,0.6322,good_only_v2,77729,"NASA Black Marble VNP46A3 (LAADS DAAC, coleccion 002), radiancia NearNadir Composite Snow Free sobre Venezuela (mascara venezuela_states.geojson, 5 tiles). nW/cm2/sr salvo frac_iluminada (%).",91747.0,84.721
2025,1,Sucre,SU,0.784,good_only_v2,49409,"NASA Black Marble VNP46A3 (LAADS DAAC, coleccion 002), radiancia NearNadir Composite Snow Free sobre Venezuela (mascara venezuela_states.geojson, 5 tiles). nW/cm2/sr salvo frac_iluminada (%).",51700.0,95.5687
2025,1,Trujillo,TR,0.6165,good_only_v2,23439,"NASA Black Marble VNP46A3 (LAADS DAAC, coleccion 002), radiancia NearNadir Composite Snow Free sobre Venezuela (mascara venezuela_states.geojson, 5 tiles). nW/cm2/sr salvo frac_iluminada (%).",38257.0,61.2672
2025,1,Táchira,TA,0.7064,good_only_v2,40671,"NASA Black Marble VNP46A3 (LAADS DAAC, coleccion 002), radiancia NearNadir Composite Snow Free sobre Venezuela (mascara venezuela_states.geojson, 5 tiles). nW/cm2/sr salvo frac_iluminada (%).",50629.0,80.3314
2025,1,Vargas,VA,3.916,good_only_v2,3698,"NASA Black Marble VNP46A3 (LAADS DAAC, coleccion 002), radiancia NearNadir Composite Snow Free sobre Venezuela (mascara venezuela_states.geojson, 5 tiles). nW/cm2/sr salvo frac_iluminada (%).",4822.0,76.6902
2025,1,Yaracuy,YA,1.2205,good_only_v2,13909,"NASA Black Marble VNP46A3 (LAADS DAAC, coleccion 002), radiancia NearNadir Composite Snow Free sobre Venezuela (mascara venezuela_states.geojson, 5 tiles). nW/cm2/sr salvo frac_iluminada (%).",29306.0,47.4613
2025,1,Zulia,ZU,1.3421,good_only_v2,151403,"NASA Black Marble VNP46A3 (LAADS DAAC, coleccion 002), radiancia NearNadir Composite Snow Free sobre Venezuela (mascara venezuela_states.geojson, 5 tiles). nW/cm2/sr salvo frac_iluminada (%).",208445.0,72.6345
2025,2,Amazonas,AM,0.0031,good_only_v2,26596,"NASA Black Marble VNP46A3 (LAADS DAAC, coleccion 002), radiancia NearNadir Composite Snow Free sobre Venezuela (mascara venezuela_states.geojson, 5 tiles). nW/cm2/sr salvo frac_iluminada (%).",857577.0,3.1013
2025,2,Anzoátegui,AN,1.432,good_only_v2,154129,"NASA Black Marble VNP46A3 (LAADS DAAC, coleccion 002), radiancia NearNadir Composite Snow Free sobre Venezuela (mascara venezuela_states.geojson, 5 tiles). nW/cm2/sr salvo frac_iluminada (%).",226434.0,68.068
2025,2,Apure,AP,0.0997,good_only_v2,164748,"NASA Black Marble VNP46A3 (LAADS DAAC, coleccion 002), radiancia NearNadir Composite Snow Free sobre Venezuela (mascara venezuela_states.geojson, 5 tiles). nW/cm2/sr salvo frac_iluminada (%).",347140.0,47.4587
2025,2,Aragua,AR,2.5747,good_only_v2,27171,"NASA Black Marble VNP46A3 (LAADS DAAC, coleccion 002), radiancia NearNadir Composite Snow Free sobre Venezuela (mascara venezuela_states.geojson, 5 tiles). nW/cm2/sr salvo frac_iluminada (%).",32655.0,83.2062
2025,2,Barinas,BA,0.0781,good_only_v2,111148,"NASA Black Marble VNP46A3 (LAADS DAAC, coleccion 002), radiancia NearNadir Composite Snow Free sobre Venezuela (mascara venezuela_states.geojson, 5 tiles). nW/cm2/sr salvo frac_iluminada (%).",171359.0,64.8627
2025,2,Bolívar,BO,0.3738,good_only_v2,153903,"NASA Black Marble VNP46A3 (LAADS DAAC, coleccion 002), radiancia NearNadir Composite Snow Free sobre Venezuela (mascara venezuela_states.geojson, 5 tiles). nW/cm2/sr salvo frac_iluminada (%).",1126905.0,13.6571
2025,2,Carabobo,CA,10.2031,good_only_v2,13537,"NASA Black Marble VNP46A3 (LAADS DAAC, coleccion 002), radiancia NearNadir Composite Snow Free sobre Venezuela (mascara venezuela_states.geojson, 5 tiles). nW/cm2/sr salvo frac_iluminada (%).",22664.0,59.7291
2025,2,Cojedes,CO,0.3928,good_only_v2,60816,"NASA Black Marble VNP46A3 (LAADS DAAC, coleccion 002), radiancia NearNadir Composite Snow Free sobre Venezuela (mascara venezuela_states.geojson, 5 tiles). nW/cm2/sr salvo frac_iluminada (%).",69046.0,88.0804
2025,2,DeltaAmacuro,DE,0.0241,good_only_v2,117132,"NASA Black Marble VNP46A3 (LAADS DAAC, coleccion 002), radiancia NearNadir Composite Snow Free sobre Venezuela (mascara venezuela_states.geojson, 5 tiles). nW/cm2/sr salvo frac_iluminada (%).",188490.0,62.1423
2025,2,DependenciasFederales,DF,0.0585,good_only_v2,1262,"NASA Black Marble VNP46A3 (LAADS DAAC, coleccion 002), radiancia NearNadir Composite Snow Free sobre Venezuela (mascara venezuela_states.geojson, 5 tiles). nW/cm2/sr salvo frac_iluminada (%).",1451.0,86.9745
2025,2,DistritoCapital,DC,62.4116,good_only_v2,414,"NASA Black Marble VNP46A3 (LAADS DAAC, coleccion 002), radiancia NearNadir Composite Snow Free sobre Venezuela (mascara venezuela_states.geojson, 5 tiles). nW/cm2/sr salvo frac_iluminada (%).",1395.0,29.6774
2025,2,Falcón,FA,0.6615,good_only_v2,85550,"NASA Black Marble VNP46A3 (LAADS DAAC, coleccion 002), radiancia NearNadir Composite Snow Free sobre Venezuela (mascara venezuela_states.geojson, 5 tiles). nW/cm2/sr salvo frac_iluminada (%).",129492.0,66.0659
2025,2,Guárico,GU,0.2241,good_only_v2,278095,"NASA Black Marble VNP46A3 (LAADS DAAC, coleccion 002), radiancia NearNadir Composite Snow Free sobre Venezuela (mascara venezuela_states.geojson, 5 tiles). nW/cm2/sr salvo frac_iluminada (%).",317534.0,87.5796
2025,2,Lara,LA,1.3363,good_only_v2,43482,"NASA Black Marble VNP46A3 (LAADS DAAC, coleccion 002), radiancia NearNadir Composite Snow Free sobre Venezuela (mascara venezuela_states.geojson, 5 tiles). nW/cm2/sr salvo frac_iluminada (%).",90126.0,48.2458
2025,2,Miranda,MI,3.7498,good_only_v2,9745,"NASA Black Marble VNP46A3 (LAADS DAAC, coleccion 002), radiancia NearNadir Composite Snow Free sobre Venezuela (mascara venezuela_states.geojson, 5 tiles). nW/cm2/sr salvo frac_iluminada (%).",41077.0,23.7237
2025,2,Monagas,MO,4.5269,good_only_v2,115033,"NASA Black Marble VNP46A3 (LAADS DAAC, coleccion 002), radiancia NearNadir Composite Snow Free sobre Venezuela (mascara venezuela_states.geojson, 5 tiles). nW/cm2/sr salvo frac_iluminada (%).",136742.0,84.1241
2025,2,Mérida,ME,0.0675,good_only_v2,4363,"NASA Black Marble VNP46A3 (LAADS DAAC, coleccion 002), radiancia NearNadir Composite Snow Free sobre Venezuela (mascara venezuela_states.geojson, 5 tiles). nW/cm2/sr salvo frac_iluminada (%).",60193.0,7.2484
2025,2,NuevaEsparta,NE,9.291,good_only_v2,4226,"NASA Black Marble VNP46A3 (LAADS DAAC, coleccion 002), radiancia NearNadir Composite Snow Free sobre Venezuela (mascara venezuela_states.geojson, 5 tiles). nW/cm2/sr salvo frac_iluminada (%).",5175.0,81.6618
2025,2,Portuguesa,PO,0.4394,good_only_v2,57621,"NASA Black Marble VNP46A3 (LAADS DAAC, coleccion 002), radiancia NearNadir Composite Snow Free sobre Venezuela (mascara venezuela_states.geojson, 5 tiles). nW/cm2/sr salvo frac_iluminada (%).",91747.0,62.8042
2025,2,Sucre,SU,0.9393,good_only_v2,37786,"NASA Black Marble VNP46A3 (LAADS DAAC, coleccion 002), radiancia NearNadir Composite Snow Free sobre Venezuela (mascara venezuela_states.geojson, 5 tiles). nW/cm2/sr salvo frac_iluminada (%).",51700.0,73.087
2025,2,Trujillo,TR,0.2557,good_only_v2,14996,"NASA Black Marble VNP46A3 (LAADS DAAC, coleccion 002), radiancia NearNadir Composite Snow Free sobre Venezuela (mascara venezuela_states.geojson, 5 tiles). nW/cm2/sr salvo frac_iluminada (%).",38257.0,39.1981
2025,2,Táchira,TA,0.1692,good_only_v2,842,"NASA Black Marble VNP46A3 (LAADS DAAC, coleccion 002), radiancia NearNadir Composite Snow Free sobre Venezuela (mascara venezuela_states.geojson, 5 tiles). nW/cm2/sr salvo frac_iluminada (%).",50629.0,1.6631
2025,2,Vargas,VA,5.5789,good_only_v2,3775,"NASA Black Marble VNP46A3 (LAADS DAAC, coleccion 002), radiancia NearNadir Composite Snow Free sobre Venezuela (mascara venezuela_states.geojson, 5 tiles). nW/cm2/sr salvo frac_iluminada (%).",4822.0,78.287
2025,2,Yaracuy,YA,1.6827,good_only_v2,12295,"NASA Black Marble VNP46A3 (LAADS DAAC, coleccion 002), radiancia NearNadir Composite Snow Free sobre Venezuela (mascara venezuela_states.geojson, 5 tiles). nW/cm2/sr salvo frac_iluminada (%).",29306.0,41.9539
2025,2,Zulia,ZU,2.0044,good_only_v2,96416,"NASA Black Marble VNP46A3 (LAADS DAAC, coleccion 002), radiancia NearNadir Composite Snow Free sobre Venezuela (mascara venezuela_states.geojson, 5 tiles). nW/cm2/sr salvo frac_iluminada (%).",208445.0,46.2549
2025,3,Amazonas,AM,0.0147,good_only_v2,88942,"NASA Black Marble VNP46A3 (LAADS DAAC, coleccion 002), radiancia NearNadir Composite Snow Free sobre Venezuela (mascara venezuela_states.geojson, 5 tiles). nW/cm2/sr salvo frac_iluminada (%).",857577.0,10.3713
2025,3,Anzoátegui,AN,2.0372,good_only_v2,184278,"NASA Black Marble VNP46A3 (LAADS DAAC, coleccion 002), radiancia NearNadir Composite Snow Free sobre Venezuela (mascara venezuela_states.geojson, 5 tiles). nW/cm2/sr salvo frac_iluminada (%).",226434.0,81.3827
2025,3,Apure,AP,0.157,good_only_v2,198707,"NASA Black Marble VNP46A3 (LAADS DAAC, coleccion 002), radiancia NearNadir Composite Snow Free sobre Venezuela (mascara venezuela_states.geojson, 5 tiles). nW/cm2/sr salvo frac_iluminada (%).",347140.0,57.2412
2025,3,Aragua,AR,5.3439,good_only_v2,12334,"NASA Black Marble VNP46A3 (LAADS DAAC, coleccion 002), radiancia NearNadir Composite Snow Free sobre Venezuela (mascara venezuela_states.geojson, 5 tiles). nW/cm2/sr salvo frac_iluminada (%).",32655.0,37.7706
2025,3,Barinas,BA,0.1018,good_only_v2,125354,"NASA Black Marble VNP46A3 (LAADS DAAC, coleccion 002), radiancia NearNadir Composite Snow Free sobre Venezuela (mascara venezuela_states.geojson, 5 tiles). nW/cm2/sr salvo frac_iluminada (%).",171359.0,73.1529
2025,3,Bolívar,BO,0.2155,good_only_v2,400229,"NASA Black Marble VNP46A3 (LAADS DAAC, coleccion 002), radiancia NearNadir Composite Snow Free sobre Venezuela (mascara venezuela_states.geojson, 5 tiles). nW/cm2/sr salvo frac_iluminada (%).",1126905.0,35.5158
2025,3,Carabobo,CA,9.0801,good_only_v2,13460,"NASA Black Marble VNP46A3 (LAADS DAAC, coleccion 002), radiancia NearNadir Composite Snow Free sobre Venezuela (mascara venezuela_states.geojson, 5 tiles). nW/cm2/sr salvo frac_iluminada (%).",22664.0,59.3893
2025,3,Cojedes,CO,0.4867,good_only_v2,43969,"NASA Black Marble VNP46A3 (LAADS DAAC, coleccion 002), radiancia NearNadir Composite Snow Free sobre Venezuela (mascara venezuela_states.geojson, 5 tiles). nW/cm2/sr salvo frac_iluminada (%).",69046.0,63.6807
2025,3,DeltaAmacuro,DE,0.0516,good_only_v2,129120,"NASA Black Marble VNP46A3 (LAADS DAAC, coleccion 002), radiancia NearNadir Composite Snow Free sobre Venezuela (mascara venezuela_states.geojson, 5 tiles). nW/cm2/sr salvo frac_iluminada (%).",188490.0,68.5023
2025,3,DependenciasFederales,DF,0.0021,good_only_v2,632,"NASA Black Marble VNP46A3 (LAADS DAAC, coleccion 002), radiancia NearNadir Composite Snow Free sobre Venezuela (mascara venezuela_states.geojson, 5 tiles). nW/cm2/sr salvo frac_iluminada (%).",1451.0,43.5562
2025,3,DistritoCapital,DC,29.3849,good_only_v2,335,"NASA Black Marble VNP46A3 (LAADS DAAC, coleccion 002), radiancia NearNadir Composite Snow Free sobre Venezuela (mascara venezuela_states.geojson, 5 tiles). nW/cm2/sr salvo frac_iluminada (%).",1395.0,24.0143
2025,3,Falcón,FA,0.7423,good_only_v2,89576,"NASA Black Marble VNP46A3 (LAADS DAAC, coleccion 002), radiancia NearNadir Composite Snow Free sobre Venezuela (mascara venezuela_states.geojson, 5 tiles). nW/cm2/sr salvo frac_iluminada (%).",129492.0,69.1749
2025,3,Guárico,GU,0.1996,good_only_v2,173664,"NASA Black Marble VNP46A3 (LAADS DAAC, coleccion 002), radiancia NearNadir Composite Snow Free sobre Venezuela (mascara venezuela_states.geojson, 5 tiles). nW/cm2/sr salvo frac_iluminada (%).",317534.0,54.6915
2025,3,Lara,LA,0.7391,good_only_v2,32550,"NASA Black Marble VNP46A3 (LAADS DAAC, coleccion 002), radiancia NearNadir Composite Snow Free sobre Venezuela (mascara venezuela_states.geojson, 5 tiles). nW/cm2/sr salvo frac_iluminada (%).",90126.0,36.1161
2025,3,Miranda,MI,6.4423,good_only_v2,790,"NASA Black Marble VNP46A3 (LAADS DAAC, coleccion 002), radiancia NearNadir Composite Snow Free sobre Venezuela (mascara venezuela_states.geojson, 5 tiles). nW/cm2/sr salvo frac_iluminada (%).",41077.0,1.9232
2025,3,Monagas,MO,5.6047,good_only_v2,121379,"NASA Black Marble VNP46A3 (LAADS DAAC, coleccion 002), radiancia NearNadir Composite Snow Free sobre Venezuela (mascara venezuela_states.geojson, 5 tiles). nW/cm2/sr salvo frac_iluminada (%).",136742.0,88.765
2025,3,Mérida,ME,0.0882,good_only_v2,9822,"NASA Black Marble VNP46A3 (LAADS DAAC, coleccion 002), radiancia NearNadir Composite Snow Free sobre Venezuela (mascara venezuela_states.geojson, 5 tiles). nW/cm2/sr salvo frac_iluminada (%).",60193.0,16.3175
2025,3,NuevaEsparta,NE,11.1054,good_only_v2,836,"NASA Black Marble VNP46A3 (LAADS DAAC, coleccion 002), radiancia NearNadir Composite Snow Free sobre Venezuela (mascara venezuela_states.geojson, 5 tiles). nW/cm2/sr salvo frac_iluminada (%).",5175.0,16.1546
2025,3,Portuguesa,PO,0.398,good_only_v2,54768,"NASA Black Marble VNP46A3 (LAADS DAAC, coleccion 002), radiancia NearNadir Composite Snow Free sobre Venezuela (mascara venezuela_states.geojson, 5 tiles). nW/cm2/sr salvo frac_iluminada (%).",91747.0,59.6946
2025,3,Sucre,SU,0.7852,good_only_v2,45544,"NASA Black Marble VNP46A3 (LAADS DAAC, coleccion 002), radiancia NearNadir Composite Snow Free sobre Venezuela (mascara venezuela_states.geojson, 5 tiles). nW/cm2/sr salvo frac_iluminada (%).",51700.0,88.0928
2025,3,Trujillo,TR,0.1817,good_only_v2,10747,"NASA Black Marble VNP46A3 (LAADS DAAC, coleccion 002), radiancia NearNadir Composite Snow Free sobre Venezuela (mascara venezuela_states.geojson, 5 tiles). nW/cm2/sr salvo frac_iluminada (%).",38257.0,28.0916
2025,3,Táchira,TA,0.318,good_only_v2,7486,"NASA Black Marble VNP46A3 (LAADS DAAC, coleccion 002), radiancia NearNadir Composite Snow Free sobre Venezuela (mascara venezuela_states.geojson, 5 tiles). nW/cm2/sr salvo frac_iluminada (%).",50629.0,14.786
2025,3,Vargas,VA,6.5623,good_only_v2,1471,"NASA Black Marble VNP46A3 (LAADS DAAC, coleccion 002), radiancia NearNadir Composite Snow Free sobre Venezuela (mascara venezuela_states.geojson, 5 tiles). nW/cm2/sr salvo frac_iluminada (%).",4822.0,30.506
2025,3,Yaracuy,YA,1.7451,good_only_v2,9126,"NASA Black Marble VNP46A3 (LAADS DAAC, coleccion 002), radiancia NearNadir Composite Snow Free sobre Venezuela (mascara venezuela_states.geojson, 5 tiles). nW/cm2/sr salvo frac_iluminada (%).",29306.0,31.1404
2025,3,Zulia,ZU,0.894,good_only_v2,61854,"NASA Black Marble VNP46A3 (LAADS DAAC, coleccion 002), radiancia NearNadir Composite Snow Free sobre Venezuela (mascara venezuela_states.geojson, 5 tiles). nW/cm2/sr salvo frac_iluminada (%).",208445.0,29.674
2025,4,Anzoátegui,AN,3.3833,good_only_v2,16194,"NASA Black Marble VNP46A3 (LAADS DAAC, coleccion 002), radiancia NearNadir Composite Snow Free sobre Venezuela (mascara venezuela_states.geojson, 5 tiles). nW/cm2/sr salvo frac_iluminada (%).",226434.0,7.1518
2025,4,Bolívar,BO,1.5998,good_only_v2,4103,"NASA Black Marble VNP46A3 (LAADS DAAC, coleccion 002), radiancia NearNadir Composite Snow Free sobre Venezuela (mascara venezuela_states.geojson, 5 tiles). nW/cm2/sr salvo frac_iluminada (%).",1126905.0,0.3641
2025,4,DeltaAmacuro,DE,0.0113,good_only_v2,28203,"NASA Black Marble VNP46A3 (LAADS DAAC, coleccion 002), radiancia NearNadir Composite Snow Free sobre Venezuela (mascara venezuela_states.geojson, 5 tiles). nW/cm2/sr salvo frac_iluminada (%).",188490.0,14.9626
2025,4,DependenciasFederales,DF,0.0,good_only_v2,57,"NASA Black Marble VNP46A3 (LAADS DAAC, coleccion 002), radiancia NearNadir Composite Snow Free sobre Venezuela (mascara venezuela_states.geojson, 5 tiles). nW/cm2/sr salvo frac_iluminada (%).",1451.0,3.9283
2025,4,Falcón,FA,0.0,good_only_v2,3,"NASA Black Marble VNP46A3 (LAADS DAAC, coleccion 002), radiancia NearNadir Composite Snow Free sobre Venezuela (mascara venezuela_states.geojson, 5 tiles). nW/cm2/sr salvo frac_iluminada (%).",129492.0,0.0023
2025,4,Miranda,MI,10.551,good_only_v2,33,"NASA Black Marble VNP46A3 (LAADS DAAC, coleccion 002), radiancia NearNadir Composite Snow Free sobre Venezuela (mascara venezuela_states.geojson, 5 tiles). nW/cm2/sr salvo frac_iluminada (%).",41077.0,0.0803
2025,4,Monagas,MO,2.537,good_only_v2,55283,"NASA Black Marble VNP46A3 (LAADS DAAC, coleccion 002), radiancia NearNadir Composite Snow Free sobre Venezuela (mascara venezuela_states.geojson, 5 tiles). nW/cm2/sr salvo frac_iluminada (%).",136742.0,40.4287
2025,4,Sucre,SU,0.3869,good_only_v2,17967,"NASA Black Marble VNP46A3 (LAADS DAAC, coleccion 002), radiancia NearNadir Composite Snow Free sobre Venezuela (mascara venezuela_states.geojson, 5 tiles). nW/cm2/sr salvo frac_iluminada (%).",51700.0,34.7524
2025,4,Táchira,TA,0.2743,good_only_v2,76,"NASA Black Marble VNP46A3 (LAADS DAAC, coleccion 002), radiancia NearNadir Composite Snow Free sobre Venezuela (mascara venezuela_states.geojson, 5 tiles). nW/cm2/sr salvo frac_iluminada (%).",50629.0,0.1501
2025,4,Zulia,ZU,0.0,good_only_v2,14,"NASA Black Marble VNP46A3 (LAADS DAAC, coleccion 002), radiancia NearNadir Composite Snow Free sobre Venezuela (mascara venezuela_states.geojson, 5 tiles). nW/cm2/sr salvo frac_iluminada (%).",208445.0,0.0067
2025,5,Anzoátegui,AN,0.0797,good_only_v2,1287,"NASA Black Marble VNP46A3 (LAADS DAAC, coleccion 002), radiancia NearNadir Composite Snow Free sobre Venezuela (mascara venezuela_states.geojson, 5 tiles). nW/cm2/sr salvo frac_iluminada (%).",226434.0,0.5684
2025,5,Bolívar,BO,0.0478,good_only_v2,546,"NASA Black Marble VNP46A3 (LAADS DAAC, coleccion 002), radiancia NearNadir Composite Snow Free sobre Venezuela (mascara venezuela_states.geojson, 5 tiles). nW/cm2/sr salvo frac_iluminada (%).",1126905.0,0.0485
2025,5,DeltaAmacuro,DE,0.0048,good_only_v2,30105,"NASA Black Marble VNP46A3 (LAADS DAAC, coleccion 002), radiancia NearNadir Composite Snow Free sobre Venezuela (mascara venezuela_states.geojson, 5 tiles). nW/cm2/sr salvo frac_iluminada (%).",188490.0,15.9717
2025,5,Falcón,FA,0.4321,good_only_v2,616,"NASA Black Marble VNP46A3 (LAADS DAAC, coleccion 002), radiancia NearNadir Composite Snow Free sobre Venezuela (mascara venezuela_states.geojson, 5 tiles). nW/cm2/sr salvo frac_iluminada (%).",129492.0,0.4757
2025,5,Miranda,MI,0.1664,good_only_v2,166,"NASA Black Marble VNP46A3 (LAADS DAAC, coleccion 002), radiancia NearNadir Composite Snow Free sobre Venezuela (mascara venezuela_states.geojson, 5 tiles). nW/cm2/sr salvo frac_iluminada (%).",41077.0,0.4041
2025,5,Monagas,MO,0.2878,good_only_v2,1702,"NASA Black Marble VNP46A3 (LAADS DAAC, coleccion 002), radiancia NearNadir Composite Snow Free sobre Venezuela (mascara venezuela_states.geojson, 5 tiles). nW/cm2/sr salvo frac_iluminada (%).",136742.0,1.2447
2025,5,NuevaEsparta,NE,0.2478,good_only_v2,41,"NASA Black Marble VNP46A3 (LAADS DAAC, coleccion 002), radiancia NearNadir Composite Snow Free sobre Venezuela (mascara venezuela_states.geojson, 5 tiles). nW/cm2/sr salvo frac_iluminada (%).",5175.0,0.7923
2025,5,Sucre,SU,0.8498,good_only_v2,2365,"NASA Black Marble VNP46A3 (LAADS DAAC, coleccion 002), radiancia NearNadir Composite Snow Free sobre Venezuela (mascara venezuela_states.geojson, 5 tiles). nW/cm2/sr salvo frac_iluminada (%).",51700.0,4.5745
2025,6,Amazonas,AM,0.0056,good_only_v2,7868,"NASA Black Marble VNP46A3 (LAADS DAAC, coleccion 002), radiancia NearNadir Composite Snow Free sobre Venezuela (mascara venezuela_states.geojson, 5 tiles). nW/cm2/sr salvo frac_iluminada (%).",857577.0,0.9175
2025,6,Anzoátegui,AN,0.0672,good_only_v2,73,"NASA Black Marble VNP46A3 (LAADS DAAC, coleccion 002), radiancia NearNadir Composite Snow Free sobre Venezuela (mascara venezuela_states.geojson, 5 tiles). nW/cm2/sr salvo frac_iluminada (%).",226434.0,0.0322
2025,6,Aragua,AR,0.8313,good_only_v2,1189,"NASA Black Marble VNP46A3 (LAADS DAAC, coleccion 002), radiancia NearNadir Composite Snow Free sobre Venezuela (mascara venezuela_states.geojson, 5 tiles). nW/cm2/sr salvo frac_iluminada (%).",32655.0,3.6411
2025,6,Barinas,BA,0.0,good_only_v2,8,"NASA Black Marble VNP46A3 (LAADS DAAC, coleccion 002), radiancia NearNadir Composite Snow Free sobre Venezuela (mascara venezuela_states.geojson, 5 tiles). nW/cm2/sr salvo frac_iluminada (%).",171359.0,0.0047
2025,6,Bolívar,BO,0.0744,good_only_v2,1329,"NASA Black Marble VNP46A3 (LAADS DAAC, coleccion 002), radiancia NearNadir Composite Snow Free sobre Venezuela (mascara venezuela_states.geojson, 5 tiles). nW/cm2/sr salvo frac_iluminada (%).",1126905.0,0.1179
2025,6,Carabobo,CA,14.9175,good_only_v2,1497,"NASA Black Marble VNP46A3 (LAADS DAAC, coleccion 002), radiancia NearNadir Composite Snow Free sobre Venezuela (mascara venezuela_states.geojson, 5 tiles). nW/cm2/sr salvo frac_iluminada (%).",22664.0,6.6052
2025,6,Cojedes,CO,0.0783,good_only_v2,202,"NASA Black Marble VNP46A3 (LAADS DAAC, coleccion 002), radiancia NearNadir Composite Snow Free sobre Venezuela (mascara venezuela_states.geojson, 5 tiles). nW/cm2/sr salvo frac_iluminada (%).",69046.0,0.2926
2025,6,DeltaAmacuro,DE,0.0134,good_only_v2,2484,"NASA Black Marble VNP46A3 (LAADS DAAC, coleccion 002), radiancia NearNadir Composite Snow Free sobre Venezuela (mascara venezuela_states.geojson, 5 tiles). nW/cm2/sr salvo frac_iluminada (%).",188490.0,1.3178
2025,6,DependenciasFederales,DF,0.0,good_only_v2,3,"NASA Black Marble VNP46A3 (LAADS DAAC, coleccion 002), radiancia NearNadir Composite Snow Free sobre Venezuela (mascara venezuela_states.geojson, 5 tiles). nW/cm2/sr salvo frac_iluminada (%).",1451.0,0.2068
2025,6,DistritoCapital,DC,4.4867,good_only_v2,30,"NASA Black Marble VNP46A3 (LAADS DAAC, coleccion 002), radiancia NearNadir Composite Snow Free sobre Venezuela (mascara venezuela_states.geojson, 5 tiles). nW/cm2/sr salvo frac_iluminada (%).",1395.0,2.1505
2025,6,Falcón,FA,0.0439,good_only_v2,1141,"NASA Black Marble VNP46A3 (LAADS DAAC, coleccion 002), radiancia NearNadir Composite Snow Free sobre Venezuela (mascara venezuela_states.geojson, 5 tiles). nW/cm2/sr salvo frac_iluminada (%).",129492.0,0.8811
2025,6,Guárico,GU,0.1441,good_only_v2,5049,"NASA Black Marble VNP46A3 (LAADS DAAC, coleccion 002), radiancia NearNadir Composite Snow Free sobre Venezuela (mascara venezuela_states.geojson, 5 tiles). nW/cm2/sr salvo frac_iluminada (%).",317534.0,1.5901
2025,6,Lara,LA,0.0264,good_only_v2,309,"NASA Black Marble VNP46A3 (LAADS DAAC, coleccion 002), radiancia NearNadir Composite Snow Free sobre Venezuela (mascara venezuela_states.geojson, 5 tiles). nW/cm2/sr salvo frac_iluminada (%).",90126.0,0.3429
2025,6,Miranda,MI,1.5651,good_only_v2,1291,"NASA Black Marble VNP46A3 (LAADS DAAC, coleccion 002), radiancia NearNadir Composite Snow Free sobre Venezuela (mascara venezuela_states.geojson, 5 tiles). nW/cm2/sr salvo frac_iluminada (%).",41077.0,3.1429
2025,6,Monagas,MO,0.0925,good_only_v2,949,"NASA Black Marble VNP46A3 (LAADS DAAC, coleccion 002), radiancia NearNadir Composite Snow Free sobre Venezuela (mascara venezuela_states.geojson, 5 tiles). nW/cm2/sr salvo frac_iluminada (%).",136742.0,0.694
2025,6,NuevaEsparta,NE,0.3466,good_only_v2,40,"NASA Black Marble VNP46A3 (LAADS DAAC, coleccion 002), radiancia NearNadir Composite Snow Free sobre Venezuela (mascara venezuela_states.geojson, 5 tiles). nW/cm2/sr salvo frac_iluminada (%).",5175.0,0.7729
2025,6,Sucre,SU,0.149,good_only_v2,1240,"NASA Black Marble VNP46A3 (LAADS DAAC, coleccion 002), radiancia NearNadir Composite Snow Free sobre Venezuela (mascara venezuela_states.geojson, 5 tiles). nW/cm2/sr salvo frac_iluminada (%).",51700.0,2.3985
2025,6,Trujillo,TR,0.1219,good_only_v2,129,"NASA Black Marble VNP46A3 (LAADS DAAC, coleccion 002), radiancia NearNadir Composite Snow Free sobre Venezuela (mascara venezuela_states.geojson, 5 tiles). nW/cm2/sr salvo frac_iluminada (%).",38257.0,0.3372
2025,6,Vargas,VA,1.6083,good_only_v2,286,"NASA Black Marble VNP46A3 (LAADS DAAC, coleccion 002), radiancia NearNadir Composite Snow Free sobre Venezuela (mascara venezuela_states.geojson, 5 tiles). nW/cm2/sr salvo frac_iluminada (%).",4822.0,5.9311
2025,6,Yaracuy,YA,0.8811,good_only_v2,594,"NASA Black Marble VNP46A3 (LAADS DAAC, coleccion 002), radiancia NearNadir Composite Snow Free sobre Venezuela (mascara venezuela_states.geojson, 5 tiles). nW/cm2/sr salvo frac_iluminada (%).",29306.0,2.0269
2025,6,Zulia,ZU,0.6951,good_only_v2,1,"NASA Black Marble VNP46A3 (LAADS DAAC, coleccion 002), radiancia NearNadir Composite Snow Free sobre Venezuela (mascara venezuela_states.geojson, 5 tiles). nW/cm2/sr salvo frac_iluminada (%).",208445.0,0.0005
2025,7,Amazonas,AM,0.0083,good_only_v2,2170,"NASA Black Marble VNP46A3 (LAADS DAAC, coleccion 002), radiancia NearNadir Composite Snow Free sobre Venezuela (mascara venezuela_states.geojson, 5 tiles). nW/cm2/sr salvo frac_iluminada (%).",857577.0,0.253
2025,7,Anzoátegui,AN,0.5857,good_only_v2,2262,"NASA Black Marble VNP46A3 (LAADS DAAC, coleccion 002), radiancia NearNadir Composite Snow Free sobre Venezuela (mascara venezuela_states.geojson, 5 tiles). nW/cm2/sr salvo frac_iluminada (%).",226434.0,0.999
2025,7,Aragua,AR,0.0231,good_only_v2,212,"NASA Black Marble VNP46A3 (LAADS DAAC, coleccion 002), radiancia NearNadir Composite Snow Free sobre Venezuela (mascara venezuela_states.geojson, 5 tiles). nW/cm2/sr salvo frac_iluminada (%).",32655.0,0.6492
2025,7,Barinas,BA,0.0133,good_only_v2,811,"NASA Black Marble VNP46A3 (LAADS DAAC, coleccion 002), radiancia NearNadir Composite Snow Free sobre Venezuela (mascara venezuela_states.geojson, 5 tiles). nW/cm2/sr salvo frac_iluminada (%).",171359.0,0.4733
2025,7,Bolívar,BO,0.0,good_only_v2,423,"NASA Black Marble VNP46A3 (LAADS DAAC, coleccion 002), radiancia NearNadir Composite Snow Free sobre Venezuela (mascara venezuela_states.geojson, 5 tiles). nW/cm2/sr salvo frac_iluminada (%).",1126905.0,0.0375
2025,7,Carabobo,CA,5.4252,good_only_v2,914,"NASA Black Marble VNP46A3 (LAADS DAAC, coleccion 002), radiancia NearNadir Composite Snow Free sobre Venezuela (mascara venezuela_states.geojson, 5 tiles). nW/cm2/sr salvo frac_iluminada (%).",22664.0,4.0328
2025,7,Cojedes,CO,0.0364,good_only_v2,289,"NASA Black Marble VNP46A3 (LAADS DAAC, coleccion 002), radiancia NearNadir Composite Snow Free sobre Venezuela (mascara venezuela_states.geojson, 5 tiles). nW/cm2/sr salvo frac_iluminada (%).",69046.0,0.4186
2025,7,DeltaAmacuro,DE,0.0023,good_only_v2,34598,"NASA Black Marble VNP46A3 (LAADS DAAC, coleccion 002), radiancia NearNadir Composite Snow Free sobre Venezuela (mascara venezuela_states.geojson, 5 tiles). nW/cm2/sr salvo frac_iluminada (%).",188490.0,18.3554
2025,7,DependenciasFederales,DF,0.0056,good_only_v2,602,"NASA Black Marble VNP46A3 (LAADS DAAC, coleccion 002), radiancia NearNadir Composite Snow Free sobre Venezuela (mascara venezuela_states.geojson, 5 tiles). nW/cm2/sr salvo frac_iluminada (%).",1451.0,41.4886
2025,7,Falcón,FA,0.4639,good_only_v2,51773,"NASA Black Marble VNP46A3 (LAADS DAAC, coleccion 002), radiancia NearNadir Composite Snow Free sobre Venezuela (mascara venezuela_states.geojson, 5 tiles). nW/cm2/sr salvo frac_iluminada (%).",129492.0,39.9816
2025,7,Guárico,GU,0.0354,good_only_v2,3091,"NASA Black Marble VNP46A3 (LAADS DAAC, coleccion 002), radiancia NearNadir Composite Snow Free sobre Venezuela (mascara venezuela_states.geojson, 5 tiles). nW/cm2/sr salvo frac_iluminada (%).",317534.0,0.9734
2025,7,Lara,LA,0.064,good_only_v2,19237,"NASA Black Marble VNP46A3 (LAADS DAAC, coleccion 002), radiancia NearNadir Composite Snow Free sobre Venezuela (mascara venezuela_states.geojson, 5 tiles). nW/cm2/sr salvo frac_iluminada (%).",90126.0,21.3446
2025,7,Miranda,MI,0.2924,good_only_v2,428,"NASA Black Marble VNP46A3 (LAADS DAAC, coleccion 002), radiancia NearNadir Composite Snow Free sobre Venezuela (mascara venezuela_states.geojson, 5 tiles). nW/cm2/sr salvo frac_iluminada (%).",41077.0,1.0419
2025,7,Monagas,MO,1.2458,good_only_v2,10540,"NASA Black Marble VNP46A3 (LAADS DAAC, coleccion 002), radiancia NearNadir Composite Snow Free sobre Venezuela (mascara venezuela_states.geojson, 5 tiles). nW/cm2/sr salvo frac_iluminada (%).",136742.0,7.7079
2025,7,Mérida,ME,0.0066,good_only_v2,2475,"NASA Black Marble VNP46A3 (LAADS DAAC, coleccion 002), radiancia NearNadir Composite Snow Free sobre Venezuela (mascara venezuela_states.geojson, 5 tiles). nW/cm2/sr salvo frac_iluminada (%).",60193.0,4.1118
2025,7,NuevaEsparta,NE,25.7311,good_only_v2,457,"NASA Black Marble VNP46A3 (LAADS DAAC, coleccion 002), radiancia NearNadir Composite Snow Free sobre Venezuela (mascara venezuela_states.geojson, 5 tiles). nW/cm2/sr salvo frac_iluminada (%).",5175.0,8.8309
2025,7,Portuguesa,PO,0.0101,good_only_v2,560,"NASA Black Marble VNP46A3 (LAADS DAAC, coleccion 002), radiancia NearNadir Composite Snow Free sobre Venezuela (mascara venezuela_states.geojson, 5 tiles). nW/cm2/sr salvo frac_iluminada (%).",91747.0,0.6104
2025,7,Sucre,SU,0.2635,good_only_v2,10759,"NASA Black Marble VNP46A3 (LAADS DAAC, coleccion 002), radiancia NearNadir Composite Snow Free sobre Venezuela (mascara venezuela_states.geojson, 5 tiles). nW/cm2/sr salvo frac_iluminada (%).",51700.0,20.8104
2025,7,Trujillo,TR,0.1125,good_only_v2,3035,"NASA Black Marble VNP46A3 (LAADS DAAC, coleccion 002), radiancia NearNadir Composite Snow Free sobre Venezuela (mascara venezuela_states.geojson, 5 tiles). nW/cm2/sr salvo frac_iluminada (%).",38257.0,7.9332
2025,7,Táchira,TA,0.0,good_only_v2,2,"NASA Black Marble VNP46A3 (LAADS DAAC, coleccion 002), radiancia NearNadir Composite Snow Free sobre Venezuela (mascara venezuela_states.geojson, 5 tiles). nW/cm2/sr salvo frac_iluminada (%).",50629.0,0.004
2025,7,Vargas,VA,0.1482,good_only_v2,170,"NASA Black Marble VNP46A3 (LAADS DAAC, coleccion 002), radiancia NearNadir Composite Snow Free sobre Venezuela (mascara venezuela_states.geojson, 5 tiles). nW/cm2/sr salvo frac_iluminada (%).",4822.0,3.5255
2025,7,Yaracuy,YA,0.5049,good_only_v2,374,"NASA Black Marble VNP46A3 (LAADS DAAC, coleccion 002), radiancia NearNadir Composite Snow Free sobre Venezuela (mascara venezuela_states.geojson, 5 tiles). nW/cm2/sr salvo frac_iluminada (%).",29306.0,1.2762
2025,7,Zulia,ZU,0.7563,good_only_v2,6803,"NASA Black Marble VNP46A3 (LAADS DAAC, coleccion 002), radiancia NearNadir Composite Snow Free sobre Venezuela (mascara venezuela_states.geojson, 5 tiles). nW/cm2/sr salvo frac_iluminada (%).",208445.0,3.2637
2025,8,Amazonas,AM,0.0,good_only_v2,1913,"NASA Black Marble VNP46A3 (LAADS DAAC, coleccion 002), radiancia NearNadir Composite Snow Free sobre Venezuela (mascara venezuela_states.geojson, 5 tiles). nW/cm2/sr salvo frac_iluminada (%).",857577.0,0.2231
2025,8,Anzoátegui,AN,1.0756,good_only_v2,16617,"NASA Black Marble VNP46A3 (LAADS DAAC, coleccion 002), radiancia NearNadir Composite Snow Free sobre Venezuela (mascara venezuela_states.geojson, 5 tiles). nW/cm2/sr salvo frac_iluminada (%).",226434.0,7.3386
2025,8,Apure,AP,0.0,good_only_v2,28,"NASA Black Marble VNP46A3 (LAADS DAAC, coleccion 002), radiancia NearNadir Composite Snow Free sobre Venezuela (mascara venezuela_states.geojson, 5 tiles). nW/cm2/sr salvo frac_iluminada (%).",347140.0,0.0081
2025,8,Aragua,AR,1.5204,good_only_v2,1901,"NASA Black Marble VNP46A3 (LAADS DAAC, coleccion 002), radiancia NearNadir Composite Snow Free sobre Venezuela (mascara venezuela_states.geojson, 5 tiles). nW/cm2/sr salvo frac_iluminada (%).",32655.0,5.8215
2025,8,Barinas,BA,0.1658,good_only_v2,2650,"NASA Black Marble VNP46A3 (LAADS DAAC, coleccion 002), radiancia NearNadir Composite Snow Free sobre Venezuela (mascara venezuela_states.geojson, 5 tiles). nW/cm2/sr salvo frac_iluminada (%).",171359.0,1.5465
2025,8,Bolívar,BO,0.0428,good_only_v2,29880,"NASA Black Marble VNP46A3 (LAADS DAAC, coleccion 002), radiancia NearNadir Composite Snow Free sobre Venezuela (mascara venezuela_states.geojson, 5 tiles). nW/cm2/sr salvo frac_iluminada (%).",1126905.0,2.6515
2025,8,Carabobo,CA,0.6452,good_only_v2,729,"NASA Black Marble VNP46A3 (LAADS DAAC, coleccion 002), radiancia NearNadir Composite Snow Free sobre Venezuela (mascara venezuela_states.geojson, 5 tiles). nW/cm2/sr salvo frac_iluminada (%).",22664.0,3.2166
2025,8,Cojedes,CO,0.3163,good_only_v2,2988,"NASA Black Marble VNP46A3 (LAADS DAAC, coleccion 002), radiancia NearNadir Composite Snow Free sobre Venezuela (mascara venezuela_states.geojson, 5 tiles). nW/cm2/sr salvo frac_iluminada (%).",69046.0,4.3275
2025,8,DeltaAmacuro,DE,0.001,good_only_v2,60820,"NASA Black Marble VNP46A3 (LAADS DAAC, coleccion 002), radiancia NearNadir Composite Snow Free sobre Venezuela (mascara venezuela_states.geojson, 5 tiles). nW/cm2/sr salvo frac_iluminada (%).",188490.0,32.267
2025,8,DependenciasFederales,DF,0.1172,good_only_v2,504,"NASA Black Marble VNP46A3 (LAADS DAAC, coleccion 002), radiancia NearNadir Composite Snow Free sobre Venezuela (mascara venezuela_states.geojson, 5 tiles). nW/cm2/sr salvo frac_iluminada (%).",1451.0,34.7347
2025,8,DistritoCapital,DC,46.6529,good_only_v2,798,"NASA Black Marble VNP46A3 (LAADS DAAC, coleccion 002), radiancia NearNadir Composite Snow Free sobre Venezuela (mascara venezuela_states.geojson, 5 tiles). nW/cm2/sr salvo frac_iluminada (%).",1395.0,57.2043
2025,8,Falcón,FA,0.3851,good_only_v2,48893,"NASA Black Marble VNP46A3 (LAADS DAAC, coleccion 002), radiancia NearNadir Composite Snow Free sobre Venezuela (mascara venezuela_states.geojson, 5 tiles). nW/cm2/sr salvo frac_iluminada (%).",129492.0,37.7575
2025,8,Guárico,GU,0.0102,good_only_v2,4445,"NASA Black Marble VNP46A3 (LAADS DAAC, coleccion 002), radiancia NearNadir Composite Snow Free sobre Venezuela (mascara venezuela_states.geojson, 5 tiles). nW/cm2/sr salvo frac_iluminada (%).",317534.0,1.3999
2025,8,Lara,LA,1.5148,good_only_v2,19957,"NASA Black Marble VNP46A3 (LAADS DAAC, coleccion 002), radiancia NearNadir Composite Snow Free sobre Venezuela (mascara venezuela_states.geojson, 5 tiles). nW/cm2/sr salvo frac_iluminada (%).",90126.0,22.1434
2025,8,Miranda,MI,3.1126,good_only_v2,4058,"NASA Black Marble VNP46A3 (LAADS DAAC, coleccion 002), radiancia NearNadir Composite Snow Free sobre Venezuela (mascara venezuela_states.geojson, 5 tiles). nW/cm2/sr salvo frac_iluminada (%).",41077.0,9.879
2025,8,Monagas,MO,6.4801,good_only_v2,4979,"NASA Black Marble VNP46A3 (LAADS DAAC, coleccion 002), radiancia NearNadir Composite Snow Free sobre Venezuela (mascara venezuela_states.geojson, 5 tiles). nW/cm2/sr salvo frac_iluminada (%).",136742.0,3.6412
2025,8,Mérida,ME,0.1025,good_only_v2,1791,"NASA Black Marble VNP46A3 (LAADS DAAC, coleccion 002), radiancia NearNadir Composite Snow Free sobre Venezuela (mascara venezuela_states.geojson, 5 tiles). nW/cm2/sr salvo frac_iluminada (%).",60193.0,2.9754
2025,8,NuevaEsparta,NE,1.2657,good_only_v2,1418,"NASA Black Marble VNP46A3 (LAADS DAAC, coleccion 002), radiancia NearNadir Composite Snow Free sobre Venezuela (mascara venezuela_states.geojson, 5 tiles). nW/cm2/sr salvo frac_iluminada (%).",5175.0,27.401
2025,8,Portuguesa,PO,0.1541,good_only_v2,922,"NASA Black Marble VNP46A3 (LAADS DAAC, coleccion 002), radiancia NearNadir Composite Snow Free sobre Venezuela (mascara venezuela_states.geojson, 5 tiles). nW/cm2/sr salvo frac_iluminada (%).",91747.0,1.0049
2025,8,Sucre,SU,0.8719,good_only_v2,10412,"NASA Black Marble VNP46A3 (LAADS DAAC, coleccion 002), radiancia NearNadir Composite Snow Free sobre Venezuela (mascara venezuela_states.geojson, 5 tiles). nW/cm2/sr salvo frac_iluminada (%).",51700.0,20.1393
2025,8,Trujillo,TR,0.5114,good_only_v2,14886,"NASA Black Marble VNP46A3 (LAADS DAAC, coleccion 002), radiancia NearNadir Composite Snow Free sobre Venezuela (mascara venezuela_states.geojson, 5 tiles). nW/cm2/sr salvo frac_iluminada (%).",38257.0,38.9105
2025,8,Vargas,VA,7.1988,good_only_v2,905,"NASA Black Marble VNP46A3 (LAADS DAAC, coleccion 002), radiancia NearNadir Composite Snow Free sobre Venezuela (mascara venezuela_states.geojson, 5 tiles). nW/cm2/sr salvo frac_iluminada (%).",4822.0,18.7681
2025,8,Yaracuy,YA,0.3277,good_only_v2,5570,"NASA Black Marble VNP46A3 (LAADS DAAC, coleccion 002), radiancia NearNadir Composite Snow Free sobre Venezuela (mascara venezuela_states.geojson, 5 tiles). nW/cm2/sr salvo frac_iluminada (%).",29306.0,19.0063
2025,8,Zulia,ZU,0.0139,good_only_v2,449,"NASA Black Marble VNP46A3 (LAADS DAAC, coleccion 002), radiancia NearNadir Composite Snow Free sobre Venezuela (mascara venezuela_states.geojson, 5 tiles). nW/cm2/sr salvo frac_iluminada (%).",208445.0,0.2154
2025,9,Amazonas,AM,0.0053,good_only_v2,19842,"NASA Black Marble VNP46A3 (LAADS DAAC, coleccion 002), radiancia NearNadir Composite Snow Free sobre Venezuela (mascara venezuela_states.geojson, 5 tiles). nW/cm2/sr salvo frac_iluminada (%).",857577.0,2.3137
2025,9,Anzoátegui,AN,1.1333,good_only_v2,46979,"NASA Black Marble VNP46A3 (LAADS DAAC, coleccion 002), radiancia NearNadir Composite Snow Free sobre Venezuela (mascara venezuela_states.geojson, 5 tiles). nW/cm2/sr salvo frac_iluminada (%).",226434.0,20.7473
2025,9,Apure,AP,0.0059,good_only_v2,3901,"NASA Black Marble VNP46A3 (LAADS DAAC, coleccion 002), radiancia NearNadir Composite Snow Free sobre Venezuela (mascara venezuela_states.geojson, 5 tiles). nW/cm2/sr salvo frac_iluminada (%).",347140.0,1.1238
2025,9,Aragua,AR,1.1701,good_only_v2,6093,"NASA Black Marble VNP46A3 (LAADS DAAC, coleccion 002), radiancia NearNadir Composite Snow Free sobre Venezuela (mascara venezuela_states.geojson, 5 tiles). nW/cm2/sr salvo frac_iluminada (%).",32655.0,18.6587
2025,9,Barinas,BA,0.0,good_only_v2,23,"NASA Black Marble VNP46A3 (LAADS DAAC, coleccion 002), radiancia NearNadir Composite Snow Free sobre Venezuela (mascara venezuela_states.geojson, 5 tiles). nW/cm2/sr salvo frac_iluminada (%).",171359.0,0.0134
2025,9,Bolívar,BO,0.0057,good_only_v2,10312,"NASA Black Marble VNP46A3 (LAADS DAAC, coleccion 002), radiancia NearNadir Composite Snow Free sobre Venezuela (mascara venezuela_states.geojson, 5 tiles). nW/cm2/sr salvo frac_iluminada (%).",1126905.0,0.9151
2025,9,Carabobo,CA,3.1053,good_only_v2,3370,"NASA Black Marble VNP46A3 (LAADS DAAC, coleccion 002), radiancia NearNadir Composite Snow Free sobre Venezuela (mascara venezuela_states.geojson, 5 tiles). nW/cm2/sr salvo frac_iluminada (%).",22664.0,14.8694
2025,9,Cojedes,CO,0.0673,good_only_v2,675,"NASA Black Marble VNP46A3 (LAADS DAAC, coleccion 002), radiancia NearNadir Composite Snow Free sobre Venezuela (mascara venezuela_states.geojson, 5 tiles). nW/cm2/sr salvo frac_iluminada (%).",69046.0,0.9776
2025,9,DeltaAmacuro,DE,0.0018,good_only_v2,93062,"NASA Black Marble VNP46A3 (LAADS DAAC, coleccion 002), radiancia NearNadir Composite Snow Free sobre Venezuela (mascara venezuela_states.geojson, 5 tiles). nW/cm2/sr salvo frac_iluminada (%).",188490.0,49.3724
2025,9,DependenciasFederales,DF,0.0203,good_only_v2,905,"NASA Black Marble VNP46A3 (LAADS DAAC, coleccion 002), radiancia NearNadir Composite Snow Free sobre Venezuela (mascara venezuela_states.geojson, 5 tiles). nW/cm2/sr salvo frac_iluminada (%).",1451.0,62.3708
2025,9,DistritoCapital,DC,31.4415,good_only_v2,762,"NASA Black Marble VNP46A3 (LAADS DAAC, coleccion 002), radiancia NearNadir Composite Snow Free sobre Venezuela (mascara venezuela_states.geojson, 5 tiles). nW/cm2/sr salvo frac_iluminada (%).",1395.0,54.6237
2025,9,Falcón,FA,0.1706,good_only_v2,1995,"NASA Black Marble VNP46A3 (LAADS DAAC, coleccion 002), radiancia NearNadir Composite Snow Free sobre Venezuela (mascara venezuela_states.geojson, 5 tiles). nW/cm2/sr salvo frac_iluminada (%).",129492.0,1.5406
2025,9,Guárico,GU,0.2007,good_only_v2,44898,"NASA Black Marble VNP46A3 (LAADS DAAC, coleccion 002), radiancia NearNadir Composite Snow Free sobre Venezuela (mascara venezuela_states.geojson, 5 tiles). nW/cm2/sr salvo frac_iluminada (%).",317534.0,14.1396
2025,9,Lara,LA,0.0,good_only_v2,1,"NASA Black Marble VNP46A3 (LAADS DAAC, coleccion 002), radiancia NearNadir Composite Snow Free sobre Venezuela (mascara venezuela_states.geojson, 5 tiles). nW/cm2/sr salvo frac_iluminada (%).",90126.0,0.0011
2025,9,Miranda,MI,4.9552,good_only_v2,4497,"NASA Black Marble VNP46A3 (LAADS DAAC, coleccion 002), radiancia NearNadir Composite Snow Free sobre Venezuela (mascara venezuela_states.geojson, 5 tiles). nW/cm2/sr salvo frac_iluminada (%).",41077.0,10.9477
2025,9,Monagas,MO,1.231,good_only_v2,93334,"NASA Black Marble VNP46A3 (LAADS DAAC, coleccion 002), radiancia NearNadir Composite Snow Free sobre Venezuela (mascara venezuela_states.geojson, 5 tiles). nW/cm2/sr salvo frac_iluminada (%).",136742.0,68.2555
2025,9,NuevaEsparta,NE,9.1952,good_only_v2,4649,"NASA Black Marble VNP46A3 (LAADS DAAC, coleccion 002), radiancia NearNadir Composite Snow Free sobre Venezuela (mascara venezuela_states.geojson, 5 tiles). nW/cm2/sr salvo frac_iluminada (%).",5175.0,89.8357
2025,9,Portuguesa,PO,0.0043,good_only_v2,1696,"NASA Black Marble VNP46A3 (LAADS DAAC, coleccion 002), radiancia NearNadir Composite Snow Free sobre Venezuela (mascara venezuela_states.geojson, 5 tiles). nW/cm2/sr salvo frac_iluminada (%).",91747.0,1.8486
2025,9,Sucre,SU,0.7543,good_only_v2,44093,"NASA Black Marble VNP46A3 (LAADS DAAC, coleccion 002), radiancia NearNadir Composite Snow Free sobre Venezuela (mascara venezuela_states.geojson, 5 tiles). nW/cm2/sr salvo frac_iluminada (%).",51700.0,85.2863
2025,9,Vargas,VA,4.2114,good_only_v2,3103,"NASA Black Marble VNP46A3 (LAADS DAAC, coleccion 002), radiancia NearNadir Composite Snow Free sobre Venezuela (mascara venezuela_states.geojson, 5 tiles). nW/cm2/sr salvo frac_iluminada (%).",4822.0,64.3509
2025,9,Yaracuy,YA,0.2502,good_only_v2,3168,"NASA Black Marble VNP46A3 (LAADS DAAC, coleccion 002), radiancia NearNadir Composite Snow Free sobre Venezuela (mascara venezuela_states.geojson, 5 tiles). nW/cm2/sr salvo frac_iluminada (%).",29306.0,10.8101
2025,10,Amazonas,AM,0.0045,good_only_v2,7135,"NASA Black Marble VNP46A3 (LAADS DAAC, coleccion 002), radiancia NearNadir Composite Snow Free sobre Venezuela (mascara venezuela_states.geojson, 5 tiles). nW/cm2/sr salvo frac_iluminada (%).",857577.0,0.832
2025,10,Anzoátegui,AN,0.3703,good_only_v2,956,"NASA Black Marble VNP46A3 (LAADS DAAC, coleccion 002), radiancia NearNadir Composite Snow Free sobre Venezuela (mascara venezuela_states.geojson, 5 tiles). nW/cm2/sr salvo frac_iluminada (%).",226434.0,0.4222
2025,10,Apure,AP,0.1076,good_only_v2,55,"NASA Black Marble VNP46A3 (LAADS DAAC, coleccion 002), radiancia NearNadir Composite Snow Free sobre Venezuela (mascara venezuela_states.geojson, 5 tiles). nW/cm2/sr salvo frac_iluminada (%).",347140.0,0.0158
2025,10,Aragua,AR,3.3915,good_only_v2,15822,"NASA Black Marble VNP46A3 (LAADS DAAC, coleccion 002), radiancia NearNadir Composite Snow Free sobre Venezuela (mascara venezuela_states.geojson, 5 tiles). nW/cm2/sr salvo frac_iluminada (%).",32655.0,48.452
2025,10,Barinas,BA,0.0025,good_only_v2,933,"NASA Black Marble VNP46A3 (LAADS DAAC, coleccion 002), radiancia NearNadir Composite Snow Free sobre Venezuela (mascara venezuela_states.geojson, 5 tiles). nW/cm2/sr salvo frac_iluminada (%).",171359.0,0.5445
2025,10,Bolívar,BO,0.0548,good_only_v2,5424,"NASA Black Marble VNP46A3 (LAADS DAAC, coleccion 002), radiancia NearNadir Composite Snow Free sobre Venezuela (mascara venezuela_states.geojson, 5 tiles). nW/cm2/sr salvo frac_iluminada (%).",1126905.0,0.4813
2025,10,Carabobo,CA,5.4364,good_only_v2,5502,"NASA Black Marble VNP46A3 (LAADS DAAC, coleccion 002), radiancia NearNadir Composite Snow Free sobre Venezuela (mascara venezuela_states.geojson, 5 tiles). nW/cm2/sr salvo frac_iluminada (%).",22664.0,24.2764
2025,10,Cojedes,CO,0.1463,good_only_v2,6352,"NASA Black Marble VNP46A3 (LAADS DAAC, coleccion 002), radiancia NearNadir Composite Snow Free sobre Venezuela (mascara venezuela_states.geojson, 5 tiles). nW/cm2/sr salvo frac_iluminada (%).",69046.0,9.1997
2025,10,DeltaAmacuro,DE,0.0036,good_only_v2,34889,"NASA Black Marble VNP46A3 (LAADS DAAC, coleccion 002), radiancia NearNadir Composite Snow Free sobre Venezuela (mascara venezuela_states.geojson, 5 tiles). nW/cm2/sr salvo frac_iluminada (%).",188490.0,18.5097
2025,10,DependenciasFederales,DF,0.7149,good_only_v2,79,"NASA Black Marble VNP46A3 (LAADS DAAC, coleccion 002), radiancia NearNadir Composite Snow Free sobre Venezuela (mascara venezuela_states.geojson, 5 tiles). nW/cm2/sr salvo frac_iluminada (%).",1451.0,5.4445
2025,10,DistritoCapital,DC,44.2253,good_only_v2,1157,"NASA Black Marble VNP46A3 (LAADS DAAC, coleccion 002), radiancia NearNadir Composite Snow Free sobre Venezuela (mascara venezuela_states.geojson, 5 tiles). nW/cm2/sr salvo frac_iluminada (%).",1395.0,82.9391
2025,10,Falcón,FA,0.0819,good_only_v2,24781,"NASA Black Marble VNP46A3 (LAADS DAAC, coleccion 002), radiancia NearNadir Composite Snow Free sobre Venezuela (mascara venezuela_states.geojson, 5 tiles). nW/cm2/sr salvo frac_iluminada (%).",129492.0,19.1371
2025,10,Guárico,GU,0.1205,good_only_v2,6980,"NASA Black Marble VNP46A3 (LAADS DAAC, coleccion 002), radiancia NearNadir Composite Snow Free sobre Venezuela (mascara venezuela_states.geojson, 5 tiles). nW/cm2/sr salvo frac_iluminada (%).",317534.0,2.1982
2025,10,Lara,LA,2.0673,good_only_v2,18747,"NASA Black Marble VNP46A3 (LAADS DAAC, coleccion 002), radiancia NearNadir Composite Snow Free sobre Venezuela (mascara venezuela_states.geojson, 5 tiles). nW/cm2/sr salvo frac_iluminada (%).",90126.0,20.8009
2025,10,Miranda,MI,4.4509,good_only_v2,14283,"NASA Black Marble VNP46A3 (LAADS DAAC, coleccion 002), radiancia NearNadir Composite Snow Free sobre Venezuela (mascara venezuela_states.geojson, 5 tiles). nW/cm2/sr salvo frac_iluminada (%).",41077.0,34.7713
2025,10,Monagas,MO,0.1084,good_only_v2,1566,"NASA Black Marble VNP46A3 (LAADS DAAC, coleccion 002), radiancia NearNadir Composite Snow Free sobre Venezuela (mascara venezuela_states.geojson, 5 tiles). nW/cm2/sr salvo frac_iluminada (%).",136742.0,1.1452
2025,10,Mérida,ME,0.4183,good_only_v2,2656,"NASA Black Marble VNP46A3 (LAADS DAAC, coleccion 002), radiancia NearNadir Composite Snow Free sobre Venezuela (mascara venezuela_states.geojson, 5 tiles). nW/cm2/sr salvo frac_iluminada (%).",60193.0,4.4125
2025,10,NuevaEsparta,NE,22.9096,good_only_v2,360,"NASA Black Marble VNP46A3 (LAADS DAAC, coleccion 002), radiancia NearNadir Composite Snow Free sobre Venezuela (mascara venezuela_states.geojson, 5 tiles). nW/cm2/sr salvo frac_iluminada (%).",5175.0,6.9565
2025,10,Portuguesa,PO,0.3558,good_only_v2,9525,"NASA Black Marble VNP46A3 (LAADS DAAC, coleccion 002), radiancia NearNadir Composite Snow Free sobre Venezuela (mascara venezuela_states.geojson, 5 tiles). nW/cm2/sr salvo frac_iluminada (%).",91747.0,10.3818
2025,10,Sucre,SU,0.518,good_only_v2,3526,"NASA Black Marble VNP46A3 (LAADS DAAC, coleccion 002), radiancia NearNadir Composite Snow Free sobre Venezuela (mascara venezuela_states.geojson, 5 tiles). nW/cm2/sr salvo frac_iluminada (%).",51700.0,6.8201
2025,10,Trujillo,TR,0.1582,good_only_v2,4913,"NASA Black Marble VNP46A3 (LAADS DAAC, coleccion 002), radiancia NearNadir Composite Snow Free sobre Venezuela (mascara venezuela_states.geojson, 5 tiles). nW/cm2/sr salvo frac_iluminada (%).",38257.0,12.8421
2025,10,Táchira,TA,0.1296,good_only_v2,79,"NASA Black Marble VNP46A3 (LAADS DAAC, coleccion 002), radiancia NearNadir Composite Snow Free sobre Venezuela (mascara venezuela_states.geojson, 5 tiles). nW/cm2/sr salvo frac_iluminada (%).",50629.0,0.156
2025,10,Vargas,VA,2.4061,good_only_v2,3315,"NASA Black Marble VNP46A3 (LAADS DAAC, coleccion 002), radiancia NearNadir Composite Snow Free sobre Venezuela (mascara venezuela_states.geojson, 5 tiles). nW/cm2/sr salvo frac_iluminada (%).",4822.0,68.7474
2025,10,Yaracuy,YA,1.0009,good_only_v2,11817,"NASA Black Marble VNP46A3 (LAADS DAAC, coleccion 002), radiancia NearNadir Composite Snow Free sobre Venezuela (mascara venezuela_states.geojson, 5 tiles). nW/cm2/sr salvo frac_iluminada (%).",29306.0,40.3228
2025,10,Zulia,ZU,0.0432,good_only_v2,840,"NASA Black Marble VNP46A3 (LAADS DAAC, coleccion 002), radiancia NearNadir Composite Snow Free sobre Venezuela (mascara venezuela_states.geojson, 5 tiles). nW/cm2/sr salvo frac_iluminada (%).",208445.0,0.403
2025,11,Anzoátegui,AN,1.1521,good_only_v2,37096,"NASA Black Marble VNP46A3 (LAADS DAAC, coleccion 002), radiancia NearNadir Composite Snow Free sobre Venezuela (mascara venezuela_states.geojson, 5 tiles). nW/cm2/sr salvo frac_iluminada (%).",226434.0,16.3827
2025,11,Apure,AP,0.004,good_only_v2,3736,"NASA Black Marble VNP46A3 (LAADS DAAC, coleccion 002), radiancia NearNadir Composite Snow Free sobre Venezuela (mascara venezuela_states.geojson, 5 tiles). nW/cm2/sr salvo frac_iluminada (%).",347140.0,1.0762
2025,11,Aragua,AR,4.1257,good_only_v2,13767,"NASA Black Marble VNP46A3 (LAADS DAAC, coleccion 002), radiancia NearNadir Composite Snow Free sobre Venezuela (mascara venezuela_states.geojson, 5 tiles). nW/cm2/sr salvo frac_iluminada (%).",32655.0,42.1589
2025,11,Barinas,BA,0.2543,good_only_v2,36699,"NASA Black Marble VNP46A3 (LAADS DAAC, coleccion 002), radiancia NearNadir Composite Snow Free sobre Venezuela (mascara venezuela_states.geojson, 5 tiles). nW/cm2/sr salvo frac_iluminada (%).",171359.0,21.4164
2025,11,Bolívar,BO,0.0735,good_only_v2,3761,"NASA Black Marble VNP46A3 (LAADS DAAC, coleccion 002), radiancia NearNadir Composite Snow Free sobre Venezuela (mascara venezuela_states.geojson, 5 tiles). nW/cm2/sr salvo frac_iluminada (%).",1126905.0,0.3337
2025,11,Carabobo,CA,7.1459,good_only_v2,12628,"NASA Black Marble VNP46A3 (LAADS DAAC, coleccion 002), radiancia NearNadir Composite Snow Free sobre Venezuela (mascara venezuela_states.geojson, 5 tiles). nW/cm2/sr salvo frac_iluminada (%).",22664.0,55.7183
2025,11,Cojedes,CO,0.114,good_only_v2,20286,"NASA Black Marble VNP46A3 (LAADS DAAC, coleccion 002), radiancia NearNadir Composite Snow Free sobre Venezuela (mascara venezuela_states.geojson, 5 tiles). nW/cm2/sr salvo frac_iluminada (%).",69046.0,29.3804
2025,11,DeltaAmacuro,DE,0.0512,good_only_v2,4860,"NASA Black Marble VNP46A3 (LAADS DAAC, coleccion 002), radiancia NearNadir Composite Snow Free sobre Venezuela (mascara venezuela_states.geojson, 5 tiles). nW/cm2/sr salvo frac_iluminada (%).",188490.0,2.5784
2025,11,DependenciasFederales,DF,0.0,good_only_v2,384,"NASA Black Marble VNP46A3 (LAADS DAAC, coleccion 002), radiancia NearNadir Composite Snow Free sobre Venezuela (mascara venezuela_states.geojson, 5 tiles). nW/cm2/sr salvo frac_iluminada (%).",1451.0,26.4645
2025,11,DistritoCapital,DC,43.3124,good_only_v2,413,"NASA Black Marble VNP46A3 (LAADS DAAC, coleccion 002), radiancia NearNadir Composite Snow Free sobre Venezuela (mascara venezuela_states.geojson, 5 tiles). nW/cm2/sr salvo frac_iluminada (%).",1395.0,29.6057
2025,11,Falcón,FA,0.1237,good_only_v2,13665,"NASA Black Marble VNP46A3 (LAADS DAAC, coleccion 002), radiancia NearNadir Composite Snow Free sobre Venezuela (mascara venezuela_states.geojson, 5 tiles). nW/cm2/sr salvo frac_iluminada (%).",129492.0,10.5528
2025,11,Guárico,GU,0.0411,good_only_v2,46438,"NASA Black Marble VNP46A3 (LAADS DAAC, coleccion 002), radiancia NearNadir Composite Snow Free sobre Venezuela (mascara venezuela_states.geojson, 5 tiles). nW/cm2/sr salvo frac_iluminada (%).",317534.0,14.6246
2025,11,Lara,LA,5.6366,good_only_v2,8159,"NASA Black Marble VNP46A3 (LAADS DAAC, coleccion 002), radiancia NearNadir Composite Snow Free sobre Venezuela (mascara venezuela_states.geojson, 5 tiles). nW/cm2/sr salvo frac_iluminada (%).",90126.0,9.0529
2025,11,Miranda,MI,10.8978,good_only_v2,1034,"NASA Black Marble VNP46A3 (LAADS DAAC, coleccion 002), radiancia NearNadir Composite Snow Free sobre Venezuela (mascara venezuela_states.geojson, 5 tiles). nW/cm2/sr salvo frac_iluminada (%).",41077.0,2.5172
2025,11,Monagas,MO,0.1301,good_only_v2,6678,"NASA Black Marble VNP46A3 (LAADS DAAC, coleccion 002), radiancia NearNadir Composite Snow Free sobre Venezuela (mascara venezuela_states.geojson, 5 tiles). nW/cm2/sr salvo frac_iluminada (%).",136742.0,4.8836
2025,11,Mérida,ME,0.0284,good_only_v2,138,"NASA Black Marble VNP46A3 (LAADS DAAC, coleccion 002), radiancia NearNadir Composite Snow Free sobre Venezuela (mascara venezuela_states.geojson, 5 tiles). nW/cm2/sr salvo frac_iluminada (%).",60193.0,0.2293
2025,11,NuevaEsparta,NE,14.3008,good_only_v2,1728,"NASA Black Marble VNP46A3 (LAADS DAAC, coleccion 002), radiancia NearNadir Composite Snow Free sobre Venezuela (mascara venezuela_states.geojson, 5 tiles). nW/cm2/sr salvo frac_iluminada (%).",5175.0,33.3913
2025,11,Portuguesa,PO,0.0434,good_only_v2,5762,"NASA Black Marble VNP46A3 (LAADS DAAC, coleccion 002), radiancia NearNadir Composite Snow Free sobre Venezuela (mascara venezuela_states.geojson, 5 tiles). nW/cm2/sr salvo frac_iluminada (%).",91747.0,6.2803
2025,11,Sucre,SU,1.2918,good_only_v2,10961,"NASA Black Marble VNP46A3 (LAADS DAAC, coleccion 002), radiancia NearNadir Composite Snow Free sobre Venezuela (mascara venezuela_states.geojson, 5 tiles). nW/cm2/sr salvo frac_iluminada (%).",51700.0,21.2012
2025,11,Trujillo,TR,0.2495,good_only_v2,4757,"NASA Black Marble VNP46A3 (LAADS DAAC, coleccion 002), radiancia NearNadir Composite Snow Free sobre Venezuela (mascara venezuela_states.geojson, 5 tiles). nW/cm2/sr salvo frac_iluminada (%).",38257.0,12.4343
2025,11,Táchira,TA,0.0701,good_only_v2,169,"NASA Black Marble VNP46A3 (LAADS DAAC, coleccion 002), radiancia NearNadir Composite Snow Free sobre Venezuela (mascara venezuela_states.geojson, 5 tiles). nW/cm2/sr salvo frac_iluminada (%).",50629.0,0.3338
2025,11,Vargas,VA,3.7987,good_only_v2,2660,"NASA Black Marble VNP46A3 (LAADS DAAC, coleccion 002), radiancia NearNadir Composite Snow Free sobre Venezuela (mascara venezuela_states.geojson, 5 tiles). nW/cm2/sr salvo frac_iluminada (%).",4822.0,55.1638
2025,11,Yaracuy,YA,0.809,good_only_v2,8283,"NASA Black Marble VNP46A3 (LAADS DAAC, coleccion 002), radiancia NearNadir Composite Snow Free sobre Venezuela (mascara venezuela_states.geojson, 5 tiles). nW/cm2/sr salvo frac_iluminada (%).",29306.0,28.2638
2025,11,Zulia,ZU,0.9478,good_only_v2,615,"NASA Black Marble VNP46A3 (LAADS DAAC, coleccion 002), radiancia NearNadir Composite Snow Free sobre Venezuela (mascara venezuela_states.geojson, 5 tiles). nW/cm2/sr salvo frac_iluminada (%).",208445.0,0.295
2025,12,Amazonas,AM,0.0002,good_only_v2,50168,"NASA Black Marble VNP46A3 (LAADS DAAC, coleccion 002), radiancia NearNadir Composite Snow Free sobre Venezuela (mascara venezuela_states.geojson, 5 tiles). nW/cm2/sr salvo frac_iluminada (%).",857577.0,5.85
2025,12,Anzoátegui,AN,6.0722,good_only_v2,9823,"NASA Black Marble VNP46A3 (LAADS DAAC, coleccion 002), radiancia NearNadir Composite Snow Free sobre Venezuela (mascara venezuela_states.geojson, 5 tiles). nW/cm2/sr salvo frac_iluminada (%).",226434.0,4.3381
2025,12,Apure,AP,0.0685,good_only_v2,44067,"NASA Black Marble VNP46A3 (LAADS DAAC, coleccion 002), radiancia NearNadir Composite Snow Free sobre Venezuela (mascara venezuela_states.geojson, 5 tiles). nW/cm2/sr salvo frac_iluminada (%).",347140.0,12.6943
2025,12,Aragua,AR,3.7783,good_only_v2,16190,"NASA Black Marble VNP46A3 (LAADS DAAC, coleccion 002), radiancia NearNadir Composite Snow Free sobre Venezuela (mascara venezuela_states.geojson, 5 tiles). nW/cm2/sr salvo frac_iluminada (%).",32655.0,49.5789
2025,12,Barinas,BA,0.2898,good_only_v2,92630,"NASA Black Marble VNP46A3 (LAADS DAAC, coleccion 002), radiancia NearNadir Composite Snow Free sobre Venezuela (mascara venezuela_states.geojson, 5 tiles). nW/cm2/sr salvo frac_iluminada (%).",171359.0,54.0561
2025,12,Bolívar,BO,0.0344,good_only_v2,88723,"NASA Black Marble VNP46A3 (LAADS DAAC, coleccion 002), radiancia NearNadir Composite Snow Free sobre Venezuela (mascara venezuela_states.geojson, 5 tiles). nW/cm2/sr salvo frac_iluminada (%).",1126905.0,7.8732
2025,12,Carabobo,CA,7.7003,good_only_v2,16666,"NASA Black Marble VNP46A3 (LAADS DAAC, coleccion 002), radiancia NearNadir Composite Snow Free sobre Venezuela (mascara venezuela_states.geojson, 5 tiles). nW/cm2/sr salvo frac_iluminada (%).",22664.0,73.5351
2025,12,Cojedes,CO,0.3308,good_only_v2,33320,"NASA Black Marble VNP46A3 (LAADS DAAC, coleccion 002), radiancia NearNadir Composite Snow Free sobre Venezuela (mascara venezuela_states.geojson, 5 tiles). nW/cm2/sr salvo frac_iluminada (%).",69046.0,48.2577
2025,12,DeltaAmacuro,DE,0.0152,good_only_v2,57257,"NASA Black Marble VNP46A3 (LAADS DAAC, coleccion 002), radiancia NearNadir Composite Snow Free sobre Venezuela (mascara venezuela_states.geojson, 5 tiles). nW/cm2/sr salvo frac_iluminada (%).",188490.0,30.3767
2025,12,DependenciasFederales,DF,0.0781,good_only_v2,1270,"NASA Black Marble VNP46A3 (LAADS DAAC, coleccion 002), radiancia NearNadir Composite Snow Free sobre Venezuela (mascara venezuela_states.geojson, 5 tiles). nW/cm2/sr salvo frac_iluminada (%).",1451.0,87.5258
2025,12,DistritoCapital,DC,44.9364,good_only_v2,1015,"NASA Black Marble VNP46A3 (LAADS DAAC, coleccion 002), radiancia NearNadir Composite Snow Free sobre Venezuela (mascara venezuela_states.geojson, 5 tiles). nW/cm2/sr salvo frac_iluminada (%).",1395.0,72.7599
2025,12,Falcón,FA,1.1959,good_only_v2,108312,"NASA Black Marble VNP46A3 (LAADS DAAC, coleccion 002), radiancia NearNadir Composite Snow Free sobre Venezuela (mascara venezuela_states.geojson, 5 tiles). nW/cm2/sr salvo frac_iluminada (%).",129492.0,83.6438
2025,12,Guárico,GU,0.4163,good_only_v2,37664,"NASA Black Marble VNP46A3 (LAADS DAAC, coleccion 002), radiancia NearNadir Composite Snow Free sobre Venezuela (mascara venezuela_states.geojson, 5 tiles). nW/cm2/sr salvo frac_iluminada (%).",317534.0,11.8614
2025,12,Lara,LA,0.8028,good_only_v2,60363,"NASA Black Marble VNP46A3 (LAADS DAAC, coleccion 002), radiancia NearNadir Composite Snow Free sobre Venezuela (mascara venezuela_states.geojson, 5 tiles). nW/cm2/sr salvo frac_iluminada (%).",90126.0,66.9762
2025,12,Miranda,MI,9.4476,good_only_v2,5541,"NASA Black Marble VNP46A3 (LAADS DAAC, coleccion 002), radiancia NearNadir Composite Snow Free sobre Venezuela (mascara venezuela_states.geojson, 5 tiles). nW/cm2/sr salvo frac_iluminada (%).",41077.0,13.4893
2025,12,Monagas,MO,8.283,good_only_v2,51822,"NASA Black Marble VNP46A3 (LAADS DAAC, coleccion 002), radiancia NearNadir Composite Snow Free sobre Venezuela (mascara venezuela_states.geojson, 5 tiles). nW/cm2/sr salvo frac_iluminada (%).",136742.0,37.8976
2025,12,Mérida,ME,0.1065,good_only_v2,15275,"NASA Black Marble VNP46A3 (LAADS DAAC, coleccion 002), radiancia NearNadir Composite Snow Free sobre Venezuela (mascara venezuela_states.geojson, 5 tiles). nW/cm2/sr salvo frac_iluminada (%).",60193.0,25.3767
2025,12,NuevaEsparta,NE,9.948,good_only_v2,3843,"NASA Black Marble VNP46A3 (LAADS DAAC, coleccion 002), radiancia NearNadir Composite Snow Free sobre Venezuela (mascara venezuela_states.geojson, 5 tiles). nW/cm2/sr salvo frac_iluminada (%).",5175.0,74.2609
2025,12,Portuguesa,PO,0.4843,good_only_v2,55012,"NASA Black Marble VNP46A3 (LAADS DAAC, coleccion 002), radiancia NearNadir Composite Snow Free sobre Venezuela (mascara venezuela_states.geojson, 5 tiles). nW/cm2/sr salvo frac_iluminada (%).",91747.0,59.9605
2025,12,Sucre,SU,0.8241,good_only_v2,41148,"NASA Black Marble VNP46A3 (LAADS DAAC, coleccion 002), radiancia NearNadir Composite Snow Free sobre Venezuela (mascara venezuela_states.geojson, 5 tiles). nW/cm2/sr salvo frac_iluminada (%).",51700.0,79.5899
2025,12,Trujillo,TR,0.3836,good_only_v2,25530,"NASA Black Marble VNP46A3 (LAADS DAAC, coleccion 002), radiancia NearNadir Composite Snow Free sobre Venezuela (mascara venezuela_states.geojson, 5 tiles). nW/cm2/sr salvo frac_iluminada (%).",38257.0,66.7329
2025,12,Táchira,TA,0.5056,good_only_v2,8602,"NASA Black Marble VNP46A3 (LAADS DAAC, coleccion 002), radiancia NearNadir Composite Snow Free sobre Venezuela (mascara venezuela_states.geojson, 5 tiles). nW/cm2/sr salvo frac_iluminada (%).",50629.0,16.9903
2025,12,Vargas,VA,5.0408,good_only_v2,3424,"NASA Black Marble VNP46A3 (LAADS DAAC, coleccion 002), radiancia NearNadir Composite Snow Free sobre Venezuela (mascara venezuela_states.geojson, 5 tiles). nW/cm2/sr salvo frac_iluminada (%).",4822.0,71.0079
2025,12,Yaracuy,YA,1.2367,good_only_v2,11077,"NASA Black Marble VNP46A3 (LAADS DAAC, coleccion 002), radiancia NearNadir Composite Snow Free sobre Venezuela (mascara venezuela_states.geojson, 5 tiles). nW/cm2/sr salvo frac_iluminada (%).",29306.0,37.7977
2025,12,Zulia,ZU,1.5441,good_only_v2,127631,"NASA Black Marble VNP46A3 (LAADS DAAC, coleccion 002), radiancia NearNadir Composite Snow Free sobre Venezuela (mascara venezuela_states.geojson, 5 tiles). nW/cm2/sr salvo frac_iluminada (%).",208445.0,61.2301
2026,1,Amazonas,AM,0.0035,good_only_v2,25874,"NASA Black Marble VNP46A3 (LAADS DAAC, coleccion 002), radiancia NearNadir Composite Snow Free sobre Venezuela (mascara venezuela_states.geojson, 5 tiles). nW/cm2/sr salvo frac_iluminada (%).",857577.0,3.0171
2026,1,Anzoátegui,AN,1.6597,good_only_v2,185851,"NASA Black Marble VNP46A3 (LAADS DAAC, coleccion 002), radiancia NearNadir Composite Snow Free sobre Venezuela (mascara venezuela_states.geojson, 5 tiles). nW/cm2/sr salvo frac_iluminada (%).",226434.0,82.0773
2026,1,Apure,AP,0.0367,good_only_v2,108940,"NASA Black Marble VNP46A3 (LAADS DAAC, coleccion 002), radiancia NearNadir Composite Snow Free sobre Venezuela (mascara venezuela_states.geojson, 5 tiles). nW/cm2/sr salvo frac_iluminada (%).",347140.0,31.3822
2026,1,Aragua,AR,2.3811,good_only_v2,26378,"NASA Black Marble VNP46A3 (LAADS DAAC, coleccion 002), radiancia NearNadir Composite Snow Free sobre Venezuela (mascara venezuela_states.geojson, 5 tiles). nW/cm2/sr salvo frac_iluminada (%).",32655.0,80.7778
2026,1,Barinas,BA,0.0477,good_only_v2,47596,"NASA Black Marble VNP46A3 (LAADS DAAC, coleccion 002), radiancia NearNadir Composite Snow Free sobre Venezuela (mascara venezuela_states.geojson, 5 tiles). nW/cm2/sr salvo frac_iluminada (%).",171359.0,27.7756
2026,1,Bolívar,BO,0.2075,good_only_v2,170688,"NASA Black Marble VNP46A3 (LAADS DAAC, coleccion 002), radiancia NearNadir Composite Snow Free sobre Venezuela (mascara venezuela_states.geojson, 5 tiles). nW/cm2/sr salvo frac_iluminada (%).",1126905.0,15.1466
2026,1,Carabobo,CA,7.4569,good_only_v2,15546,"NASA Black Marble VNP46A3 (LAADS DAAC, coleccion 002), radiancia NearNadir Composite Snow Free sobre Venezuela (mascara venezuela_states.geojson, 5 tiles). nW/cm2/sr salvo frac_iluminada (%).",22664.0,68.5934
2026,1,Cojedes,CO,0.2692,good_only_v2,36778,"NASA Black Marble VNP46A3 (LAADS DAAC, coleccion 002), radiancia NearNadir Composite Snow Free sobre Venezuela (mascara venezuela_states.geojson, 5 tiles). nW/cm2/sr salvo frac_iluminada (%).",69046.0,53.2659
2026,1,DeltaAmacuro,DE,0.0025,good_only_v2,93616,"NASA Black Marble VNP46A3 (LAADS DAAC, coleccion 002), radiancia NearNadir Composite Snow Free sobre Venezuela (mascara venezuela_states.geojson, 5 tiles). nW/cm2/sr salvo frac_iluminada (%).",188490.0,49.6663
2026,1,DependenciasFederales,DF,0.0489,good_only_v2,1018,"NASA Black Marble VNP46A3 (LAADS DAAC, coleccion 002), radiancia NearNadir Composite Snow Free sobre Venezuela (mascara venezuela_states.geojson, 5 tiles). nW/cm2/sr salvo frac_iluminada (%).",1451.0,70.1585
2026,1,DistritoCapital,DC,44.389,good_only_v2,1261,"NASA Black Marble VNP46A3 (LAADS DAAC, coleccion 002), radiancia NearNadir Composite Snow Free sobre Venezuela (mascara venezuela_states.geojson, 5 tiles). nW/cm2/sr salvo frac_iluminada (%).",1395.0,90.3943
2026,1,Falcón,FA,0.5032,good_only_v2,56269,"NASA Black Marble VNP46A3 (LAADS DAAC, coleccion 002), radiancia NearNadir Composite Snow Free sobre Venezuela (mascara venezuela_states.geojson, 5 tiles). nW/cm2/sr salvo frac_iluminada (%).",129492.0,43.4536
2026,1,Guárico,GU,0.1478,good_only_v2,243635,"NASA Black Marble VNP46A3 (LAADS DAAC, coleccion 002), radiancia NearNadir Composite Snow Free sobre Venezuela (mascara venezuela_states.geojson, 5 tiles). nW/cm2/sr salvo frac_iluminada (%).",317534.0,76.7272
2026,1,Lara,LA,0.9223,good_only_v2,8622,"NASA Black Marble VNP46A3 (LAADS DAAC, coleccion 002), radiancia NearNadir Composite Snow Free sobre Venezuela (mascara venezuela_states.geojson, 5 tiles). nW/cm2/sr salvo frac_iluminada (%).",90126.0,9.5666
2026,1,Miranda,MI,3.9762,good_only_v2,14879,"NASA Black Marble VNP46A3 (LAADS DAAC, coleccion 002), radiancia NearNadir Composite Snow Free sobre Venezuela (mascara venezuela_states.geojson, 5 tiles). nW/cm2/sr salvo frac_iluminada (%).",41077.0,36.2222
2026,1,Monagas,MO,6.3039,good_only_v2,88338,"NASA Black Marble VNP46A3 (LAADS DAAC, coleccion 002), radiancia NearNadir Composite Snow Free sobre Venezuela (mascara venezuela_states.geojson, 5 tiles). nW/cm2/sr salvo frac_iluminada (%).",136742.0,64.602
2026,1,Mérida,ME,0.3016,good_only_v2,405,"NASA Black Marble VNP46A3 (LAADS DAAC, coleccion 002), radiancia NearNadir Composite Snow Free sobre Venezuela (mascara venezuela_states.geojson, 5 tiles). nW/cm2/sr salvo frac_iluminada (%).",60193.0,0.6728
2026,1,NuevaEsparta,NE,9.2499,good_only_v2,3319,"NASA Black Marble VNP46A3 (LAADS DAAC, coleccion 002), radiancia NearNadir Composite Snow Free sobre Venezuela (mascara venezuela_states.geojson, 5 tiles). nW/cm2/sr salvo frac_iluminada (%).",5175.0,64.1353
2026,1,Portuguesa,PO,0.1849,good_only_v2,34733,"NASA Black Marble VNP46A3 (LAADS DAAC, coleccion 002), radiancia NearNadir Composite Snow Free sobre Venezuela (mascara venezuela_states.geojson, 5 tiles). nW/cm2/sr salvo frac_iluminada (%).",91747.0,37.8574
2026,1,Sucre,SU,0.5367,good_only_v2,40403,"NASA Black Marble VNP46A3 (LAADS DAAC, coleccion 002), radiancia NearNadir Composite Snow Free sobre Venezuela (mascara venezuela_states.geojson, 5 tiles). nW/cm2/sr salvo frac_iluminada (%).",51700.0,78.1489
2026,1,Trujillo,TR,0.1262,good_only_v2,2367,"NASA Black Marble VNP46A3 (LAADS DAAC, coleccion 002), radiancia NearNadir Composite Snow Free sobre Venezuela (mascara venezuela_states.geojson, 5 tiles). nW/cm2/sr salvo frac_iluminada (%).",38257.0,6.1871
2026,1,Vargas,VA,5.8331,good_only_v2,3675,"NASA Black Marble VNP46A3 (LAADS DAAC, coleccion 002), radiancia NearNadir Composite Snow Free sobre Venezuela (mascara venezuela_states.geojson, 5 tiles). nW/cm2/sr salvo frac_iluminada (%).",4822.0,76.2132
2026,1,Yaracuy,YA,0.9899,good_only_v2,14003,"NASA Black Marble VNP46A3 (LAADS DAAC, coleccion 002), radiancia NearNadir Composite Snow Free sobre Venezuela (mascara venezuela_states.geojson, 5 tiles). nW/cm2/sr salvo frac_iluminada (%).",29306.0,47.782
2026,1,Zulia,ZU,0.7157,good_only_v2,3407,"NASA Black Marble VNP46A3 (LAADS DAAC, coleccion 002), radiancia NearNadir Composite Snow Free sobre Venezuela (mascara venezuela_states.geojson, 5 tiles). nW/cm2/sr salvo frac_iluminada (%).",208445.0,1.6345
2026,2,Amazonas,AM,0.0025,good_only_v2,4189,"NASA Black Marble VNP46A3 (LAADS DAAC, coleccion 002), radiancia NearNadir Composite Snow Free sobre Venezuela (mascara venezuela_states.geojson, 5 tiles). nW/cm2/sr salvo frac_iluminada (%).",857577.0,0.4885
2026,2,Anzoátegui,AN,1.4785,good_only_v2,148354,"NASA Black Marble VNP46A3 (LAADS DAAC, coleccion 002), radiancia NearNadir Composite Snow Free sobre Venezuela (mascara venezuela_states.geojson, 5 tiles). nW/cm2/sr salvo frac_iluminada (%).",226434.0,65.5175
2026,2,Apure,AP,0.0554,good_only_v2,92811,"NASA Black Marble VNP46A3 (LAADS DAAC, coleccion 002), radiancia NearNadir Composite Snow Free sobre Venezuela (mascara venezuela_states.geojson, 5 tiles). nW/cm2/sr salvo frac_iluminada (%).",347140.0,26.7359
2026,2,Aragua,AR,1.3374,good_only_v2,4821,"NASA Black Marble VNP46A3 (LAADS DAAC, coleccion 002), radiancia NearNadir Composite Snow Free sobre Venezuela (mascara venezuela_states.geojson, 5 tiles). nW/cm2/sr salvo frac_iluminada (%).",32655.0,14.7634
2026,2,Barinas,BA,0.0531,good_only_v2,61650,"NASA Black Marble VNP46A3 (LAADS DAAC, coleccion 002), radiancia NearNadir Composite Snow Free sobre Venezuela (mascara venezuela_states.geojson, 5 tiles). nW/cm2/sr salvo frac_iluminada (%).",171359.0,35.9771
2026,2,Bolívar,BO,0.1032,good_only_v2,221860,"NASA Black Marble VNP46A3 (LAADS DAAC, coleccion 002), radiancia NearNadir Composite Snow Free sobre Venezuela (mascara venezuela_states.geojson, 5 tiles). nW/cm2/sr salvo frac_iluminada (%).",1126905.0,19.6876
2026,2,Carabobo,CA,1.4327,good_only_v2,2461,"NASA Black Marble VNP46A3 (LAADS DAAC, coleccion 002), radiancia NearNadir Composite Snow Free sobre Venezuela (mascara venezuela_states.geojson, 5 tiles). nW/cm2/sr salvo frac_iluminada (%).",22664.0,10.8586
2026,2,Cojedes,CO,0.0307,good_only_v2,4326,"NASA Black Marble VNP46A3 (LAADS DAAC, coleccion 002), radiancia NearNadir Composite Snow Free sobre Venezuela (mascara venezuela_states.geojson, 5 tiles). nW/cm2/sr salvo frac_iluminada (%).",69046.0,6.2654
2026,2,DeltaAmacuro,DE,0.0212,good_only_v2,108738,"NASA Black Marble VNP46A3 (LAADS DAAC, coleccion 002), radiancia NearNadir Composite Snow Free sobre Venezuela (mascara venezuela_states.geojson, 5 tiles). nW/cm2/sr salvo frac_iluminada (%).",188490.0,57.689
2026,2,DependenciasFederales,DF,0.0295,good_only_v2,876,"NASA Black Marble VNP46A3 (LAADS DAAC, coleccion 002), radiancia NearNadir Composite Snow Free sobre Venezuela (mascara venezuela_states.geojson, 5 tiles). nW/cm2/sr salvo frac_iluminada (%).",1451.0,60.3722
2026,2,DistritoCapital,DC,20.1471,good_only_v2,168,"NASA Black Marble VNP46A3 (LAADS DAAC, coleccion 002), radiancia NearNadir Composite Snow Free sobre Venezuela (mascara venezuela_states.geojson, 5 tiles). nW/cm2/sr salvo frac_iluminada (%).",1395.0,12.043
2026,2,Falcón,FA,1.4818,good_only_v2,74578,"NASA Black Marble VNP46A3 (LAADS DAAC, coleccion 002), radiancia NearNadir Composite Snow Free sobre Venezuela (mascara venezuela_states.geojson, 5 tiles). nW/cm2/sr salvo frac_iluminada (%).",129492.0,57.5927
2026,2,Guárico,GU,0.4504,good_only_v2,59808,"NASA Black Marble VNP46A3 (LAADS DAAC, coleccion 002), radiancia NearNadir Composite Snow Free sobre Venezuela (mascara venezuela_states.geojson, 5 tiles). nW/cm2/sr salvo frac_iluminada (%).",317534.0,18.8351
2026,2,Lara,LA,0.2169,good_only_v2,12414,"NASA Black Marble VNP46A3 (LAADS DAAC, coleccion 002), radiancia NearNadir Composite Snow Free sobre Venezuela (mascara venezuela_states.geojson, 5 tiles). nW/cm2/sr salvo frac_iluminada (%).",90126.0,13.774
2026,2,Miranda,MI,0.523,good_only_v2,2314,"NASA Black Marble VNP46A3 (LAADS DAAC, coleccion 002), radiancia NearNadir Composite Snow Free sobre Venezuela (mascara venezuela_states.geojson, 5 tiles). nW/cm2/sr salvo frac_iluminada (%).",41077.0,5.6333
2026,2,Monagas,MO,6.6194,good_only_v2,89172,"NASA Black Marble VNP46A3 (LAADS DAAC, coleccion 002), radiancia NearNadir Composite Snow Free sobre Venezuela (mascara venezuela_states.geojson, 5 tiles). nW/cm2/sr salvo frac_iluminada (%).",136742.0,65.2119
2026,2,Mérida,ME,0.1849,good_only_v2,5583,"NASA Black Marble VNP46A3 (LAADS DAAC, coleccion 002), radiancia NearNadir Composite Snow Free sobre Venezuela (mascara venezuela_states.geojson, 5 tiles). nW/cm2/sr salvo frac_iluminada (%).",60193.0,9.2752
2026,2,NuevaEsparta,NE,10.6577,good_only_v2,3105,"NASA Black Marble VNP46A3 (LAADS DAAC, coleccion 002), radiancia NearNadir Composite Snow Free sobre Venezuela (mascara venezuela_states.geojson, 5 tiles). nW/cm2/sr salvo frac_iluminada (%).",5175.0,60.0
2026,2,Portuguesa,PO,0.2107,good_only_v2,23224,"NASA Black Marble VNP46A3 (LAADS DAAC, coleccion 002), radiancia NearNadir Composite Snow Free sobre Venezuela (mascara venezuela_states.geojson, 5 tiles). nW/cm2/sr salvo frac_iluminada (%).",91747.0,25.3131
2026,2,Sucre,SU,0.8624,good_only_v2,42670,"NASA Black Marble VNP46A3 (LAADS DAAC, coleccion 002), radiancia NearNadir Composite Snow Free sobre Venezuela (mascara venezuela_states.geojson, 5 tiles). nW/cm2/sr salvo frac_iluminada (%).",51700.0,82.5338
2026,2,Trujillo,TR,0.3607,good_only_v2,10417,"NASA Black Marble VNP46A3 (LAADS DAAC, coleccion 002), radiancia NearNadir Composite Snow Free sobre Venezuela (mascara venezuela_states.geojson, 5 tiles). nW/cm2/sr salvo frac_iluminada (%).",38257.0,27.229
2026,2,Táchira,TA,0.8338,good_only_v2,8759,"NASA Black Marble VNP46A3 (LAADS DAAC, coleccion 002), radiancia NearNadir Composite Snow Free sobre Venezuela (mascara venezuela_states.geojson, 5 tiles). nW/cm2/sr salvo frac_iluminada (%).",50629.0,17.3004
2026,2,Vargas,VA,6.2614,good_only_v2,2661,"NASA Black Marble VNP46A3 (LAADS DAAC, coleccion 002), radiancia NearNadir Composite Snow Free sobre Venezuela (mascara venezuela_states.geojson, 5 tiles). nW/cm2/sr salvo frac_iluminada (%).",4822.0,55.1846
2026,2,Yaracuy,YA,0.422,good_only_v2,2700,"NASA Black Marble VNP46A3 (LAADS DAAC, coleccion 002), radiancia NearNadir Composite Snow Free sobre Venezuela (mascara venezuela_states.geojson, 5 tiles). nW/cm2/sr salvo frac_iluminada (%).",29306.0,9.2131
2026,2,Zulia,ZU,1.343,good_only_v2,47905,"NASA Black Marble VNP46A3 (LAADS DAAC, coleccion 002), radiancia NearNadir Composite Snow Free sobre Venezuela (mascara venezuela_states.geojson, 5 tiles). nW/cm2/sr salvo frac_iluminada (%).",208445.0,22.9821
2026,3,Amazonas,AM,0.0258,good_only_v2,29412,"NASA Black Marble VNP46A3 (LAADS DAAC, coleccion 002), radiancia NearNadir Composite Snow Free sobre Venezuela (mascara venezuela_states.geojson, 5 tiles). nW/cm2/sr salvo frac_iluminada (%).",857577.0,3.4297
2026,3,Anzoátegui,AN,1.3068,good_only_v2,29467,"NASA Black Marble VNP46A3 (LAADS DAAC, coleccion 002), radiancia NearNadir Composite Snow Free sobre Venezuela (mascara venezuela_states.geojson, 5 tiles). nW/cm2/sr salvo frac_iluminada (%).",226434.0,13.0135
2026,3,Apure,AP,0.1861,good_only_v2,66300,"NASA Black Marble VNP46A3 (LAADS DAAC, coleccion 002), radiancia NearNadir Composite Snow Free sobre Venezuela (mascara venezuela_states.geojson, 5 tiles). nW/cm2/sr salvo frac_iluminada (%).",347140.0,19.0989
2026,3,Aragua,AR,0.3919,good_only_v2,14364,"NASA Black Marble VNP46A3 (LAADS DAAC, coleccion 002), radiancia NearNadir Composite Snow Free sobre Venezuela (mascara venezuela_states.geojson, 5 tiles). nW/cm2/sr salvo frac_iluminada (%).",32655.0,43.9871
2026,3,Barinas,BA,0.2019,good_only_v2,7271,"NASA Black Marble VNP46A3 (LAADS DAAC, coleccion 002), radiancia NearNadir Composite Snow Free sobre Venezuela (mascara venezuela_states.geojson, 5 tiles). nW/cm2/sr salvo frac_iluminada (%).",171359.0,4.2431
2026,3,Bolívar,BO,0.064,good_only_v2,52092,"NASA Black Marble VNP46A3 (LAADS DAAC, coleccion 002), radiancia NearNadir Composite Snow Free sobre Venezuela (mascara venezuela_states.geojson, 5 tiles). nW/cm2/sr salvo frac_iluminada (%).",1126905.0,4.6226
2026,3,Carabobo,CA,6.6427,good_only_v2,2411,"NASA Black Marble VNP46A3 (LAADS DAAC, coleccion 002), radiancia NearNadir Composite Snow Free sobre Venezuela (mascara venezuela_states.geojson, 5 tiles). nW/cm2/sr salvo frac_iluminada (%).",22664.0,10.638
2026,3,Cojedes,CO,1.1766,good_only_v2,5095,"NASA Black Marble VNP46A3 (LAADS DAAC, coleccion 002), radiancia NearNadir Composite Snow Free sobre Venezuela (mascara venezuela_states.geojson, 5 tiles). nW/cm2/sr salvo frac_iluminada (%).",69046.0,7.3791
2026,3,DeltaAmacuro,DE,0.0022,good_only_v2,7388,"NASA Black Marble VNP46A3 (LAADS DAAC, coleccion 002), radiancia NearNadir Composite Snow Free sobre Venezuela (mascara venezuela_states.geojson, 5 tiles). nW/cm2/sr salvo frac_iluminada (%).",188490.0,3.9196
2026,3,DependenciasFederales,DF,0.1417,good_only_v2,629,"NASA Black Marble VNP46A3 (LAADS DAAC, coleccion 002), radiancia NearNadir Composite Snow Free sobre Venezuela (mascara venezuela_states.geojson, 5 tiles). nW/cm2/sr salvo frac_iluminada (%).",1451.0,43.3494
2026,3,DistritoCapital,DC,36.9976,good_only_v2,367,"NASA Black Marble VNP46A3 (LAADS DAAC, coleccion 002), radiancia NearNadir Composite Snow Free sobre Venezuela (mascara venezuela_states.geojson, 5 tiles). nW/cm2/sr salvo frac_iluminada (%).",1395.0,26.3082
2026,3,Falcón,FA,0.2724,good_only_v2,12632,"NASA Black Marble VNP46A3 (LAADS DAAC, coleccion 002), radiancia NearNadir Composite Snow Free sobre Venezuela (mascara venezuela_states.geojson, 5 tiles). nW/cm2/sr salvo frac_iluminada (%).",129492.0,9.755
2026,3,Guárico,GU,0.2551,good_only_v2,171226,"NASA Black Marble VNP46A3 (LAADS DAAC, coleccion 002), radiancia NearNadir Composite Snow Free sobre Venezuela (mascara venezuela_states.geojson, 5 tiles). nW/cm2/sr salvo frac_iluminada (%).",317534.0,53.9237
2026,3,Lara,LA,0.2358,good_only_v2,1705,"NASA Black Marble VNP46A3 (LAADS DAAC, coleccion 002), radiancia NearNadir Composite Snow Free sobre Venezuela (mascara venezuela_states.geojson, 5 tiles). nW/cm2/sr salvo frac_iluminada (%).",90126.0,1.8918
2026,3,Miranda,MI,0.4376,good_only_v2,1633,"NASA Black Marble VNP46A3 (LAADS DAAC, coleccion 002), radiancia NearNadir Composite Snow Free sobre Venezuela (mascara venezuela_states.geojson, 5 tiles). nW/cm2/sr salvo frac_iluminada (%).",41077.0,3.9755
2026,3,Monagas,MO,2.6038,good_only_v2,33217,"NASA Black Marble VNP46A3 (LAADS DAAC, coleccion 002), radiancia NearNadir Composite Snow Free sobre Venezuela (mascara venezuela_states.geojson, 5 tiles). nW/cm2/sr salvo frac_iluminada (%).",136742.0,24.2917
2026,3,Mérida,ME,0.2496,good_only_v2,47,"NASA Black Marble VNP46A3 (LAADS DAAC, coleccion 002), radiancia NearNadir Composite Snow Free sobre Venezuela (mascara venezuela_states.geojson, 5 tiles). nW/cm2/sr salvo frac_iluminada (%).",60193.0,0.0781
2026,3,NuevaEsparta,NE,11.4811,good_only_v2,795,"NASA Black Marble VNP46A3 (LAADS DAAC, coleccion 002), radiancia NearNadir Composite Snow Free sobre Venezuela (mascara venezuela_states.geojson, 5 tiles). nW/cm2/sr salvo frac_iluminada (%).",5175.0,15.3623
2026,3,Portuguesa,PO,0.4511,good_only_v2,4102,"NASA Black Marble VNP46A3 (LAADS DAAC, coleccion 002), radiancia NearNadir Composite Snow Free sobre Venezuela (mascara venezuela_states.geojson, 5 tiles). nW/cm2/sr salvo frac_iluminada (%).",91747.0,4.471
2026,3,Sucre,SU,0.7062,good_only_v2,26374,"NASA Black Marble VNP46A3 (LAADS DAAC, coleccion 002), radiancia NearNadir Composite Snow Free sobre Venezuela (mascara venezuela_states.geojson, 5 tiles). nW/cm2/sr salvo frac_iluminada (%).",51700.0,51.0135
2026,3,Trujillo,TR,0.0897,good_only_v2,105,"NASA Black Marble VNP46A3 (LAADS DAAC, coleccion 002), radiancia NearNadir Composite Snow Free sobre Venezuela (mascara venezuela_states.geojson, 5 tiles). nW/cm2/sr salvo frac_iluminada (%).",38257.0,0.2745
2026,3,Táchira,TA,0.3768,good_only_v2,439,"NASA Black Marble VNP46A3 (LAADS DAAC, coleccion 002), radiancia NearNadir Composite Snow Free sobre Venezuela (mascara venezuela_states.geojson, 5 tiles). nW/cm2/sr salvo frac_iluminada (%).",50629.0,0.8671
2026,3,Vargas,VA,8.0787,good_only_v2,588,"NASA Black Marble VNP46A3 (LAADS DAAC, coleccion 002), radiancia NearNadir Composite Snow Free sobre Venezuela (mascara venezuela_states.geojson, 5 tiles). nW/cm2/sr salvo frac_iluminada (%).",4822.0,12.1941
2026,3,Yaracuy,YA,1.4083,good_only_v2,4186,"NASA Black Marble VNP46A3 (LAADS DAAC, coleccion 002), radiancia NearNadir Composite Snow Free sobre Venezuela (mascara venezuela_states.geojson, 5 tiles). nW/cm2/sr salvo frac_iluminada (%).",29306.0,14.2838
2026,3,Zulia,ZU,1.4932,good_only_v2,18228,"NASA Black Marble VNP46A3 (LAADS DAAC, coleccion 002), radiancia NearNadir Composite Snow Free sobre Venezuela (mascara venezuela_states.geojson, 5 tiles). nW/cm2/sr salvo frac_iluminada (%).",208445.0,8.7448
2026,4,Amazonas,AM,0.0152,good_only_v2,712,"NASA Black Marble VNP46A3 (LAADS DAAC, coleccion 002), radiancia NearNadir Composite Snow Free sobre Venezuela (mascara venezuela_states.geojson, 5 tiles). nW/cm2/sr salvo frac_iluminada (%).",857577.0,0.083
2026,4,Anzoátegui,AN,1.8663,good_only_v2,7076,"NASA Black Marble VNP46A3 (LAADS DAAC, coleccion 002), radiancia NearNadir Composite Snow Free sobre Venezuela (mascara venezuela_states.geojson, 5 tiles). nW/cm2/sr salvo frac_iluminada (%).",226434.0,3.125
2026,4,Apure,AP,0.0,good_only_v2,92,"NASA Black Marble VNP46A3 (LAADS DAAC, coleccion 002), radiancia NearNadir Composite Snow Free sobre Venezuela (mascara venezuela_states.geojson, 5 tiles). nW/cm2/sr salvo frac_iluminada (%).",347140.0,0.0265
2026,4,Barinas,BA,0.0,good_only_v2,60,"NASA Black Marble VNP46A3 (LAADS DAAC, coleccion 002), radiancia NearNadir Composite Snow Free sobre Venezuela (mascara venezuela_states.geojson, 5 tiles). nW/cm2/sr salvo frac_iluminada (%).",171359.0,0.035
2026,4,Bolívar,BO,0.1677,good_only_v2,57974,"NASA Black Marble VNP46A3 (LAADS DAAC, coleccion 002), radiancia NearNadir Composite Snow Free sobre Venezuela (mascara venezuela_states.geojson, 5 tiles). nW/cm2/sr salvo frac_iluminada (%).",1126905.0,5.1445
2026,4,DeltaAmacuro,DE,0.0744,good_only_v2,74490,"NASA Black Marble VNP46A3 (LAADS DAAC, coleccion 002), radiancia NearNadir Composite Snow Free sobre Venezuela (mascara venezuela_states.geojson, 5 tiles). nW/cm2/sr salvo frac_iluminada (%).",188490.0,39.5193
2026,4,DependenciasFederales,DF,0.0107,good_only_v2,557,"NASA Black Marble VNP46A3 (LAADS DAAC, coleccion 002), radiancia NearNadir Composite Snow Free sobre Venezuela (mascara venezuela_states.geojson, 5 tiles). nW/cm2/sr salvo frac_iluminada (%).",1451.0,38.3873
2026,4,Falcón,FA,0.3431,good_only_v2,8431,"NASA Black Marble VNP46A3 (LAADS DAAC, coleccion 002), radiancia NearNadir Composite Snow Free sobre Venezuela (mascara venezuela_states.geojson, 5 tiles). nW/cm2/sr salvo frac_iluminada (%).",129492.0,6.5108
2026,4,Guárico,GU,0.1568,good_only_v2,2760,"NASA Black Marble VNP46A3 (LAADS DAAC, coleccion 002), radiancia NearNadir Composite Snow Free sobre Venezuela (mascara venezuela_states.geojson, 5 tiles). nW/cm2/sr salvo frac_iluminada (%).",317534.0,0.8692
2026,4,Lara,LA,0.0153,good_only_v2,82,"NASA Black Marble VNP46A3 (LAADS DAAC, coleccion 002), radiancia NearNadir Composite Snow Free sobre Venezuela (mascara venezuela_states.geojson, 5 tiles). nW/cm2/sr salvo frac_iluminada (%).",90126.0,0.091
2026,4,Miranda,MI,0.4071,good_only_v2,374,"NASA Black Marble VNP46A3 (LAADS DAAC, coleccion 002), radiancia NearNadir Composite Snow Free sobre Venezuela (mascara venezuela_states.geojson, 5 tiles). nW/cm2/sr salvo frac_iluminada (%).",41077.0,0.9105
2026,4,Monagas,MO,0.2757,good_only_v2,38208,"NASA Black Marble VNP46A3 (LAADS DAAC, coleccion 002), radiancia NearNadir Composite Snow Free sobre Venezuela (mascara venezuela_states.geojson, 5 tiles). nW/cm2/sr salvo frac_iluminada (%).",136742.0,27.9417
2026,4,Mérida,ME,0.0,good_only_v2,1,"NASA Black Marble VNP46A3 (LAADS DAAC, coleccion 002), radiancia NearNadir Composite Snow Free sobre Venezuela (mascara venezuela_states.geojson, 5 tiles). nW/cm2/sr salvo frac_iluminada (%).",60193.0,0.0017
2026,4,Sucre,SU,0.2299,good_only_v2,1569,"NASA Black Marble VNP46A3 (LAADS DAAC, coleccion 002), radiancia NearNadir Composite Snow Free sobre Venezuela (mascara venezuela_states.geojson, 5 tiles). nW/cm2/sr salvo frac_iluminada (%).",51700.0,3.0348
2026,4,Vargas,VA,0.0958,good_only_v2,23,"NASA Black Marble VNP46A3 (LAADS DAAC, coleccion 002), radiancia NearNadir Composite Snow Free sobre Venezuela (mascara venezuela_states.geojson, 5 tiles). nW/cm2/sr salvo frac_iluminada (%).",4822.0,0.477
2026,4,Zulia,ZU,51.8331,good_only_v2,14,"NASA Black Marble VNP46A3 (LAADS DAAC, coleccion 002), radiancia NearNadir Composite Snow Free sobre Venezuela (mascara venezuela_states.geojson, 5 tiles). nW/cm2/sr salvo frac_iluminada (%).",208445.0,0.0067
2026,5,Amazonas,AM,0.0085,good_only_v2,599,"NASA Black Marble VNP46A3 (LAADS DAAC, coleccion 002), radiancia NearNadir Composite Snow Free sobre Venezuela (mascara venezuela_states.geojson, 5 tiles). nW/cm2/sr salvo frac_iluminada (%).",857577.0,0.0698
2026,5,Anzoátegui,AN,1.0006,good_only_v2,33094,"NASA Black Marble VNP46A3 (LAADS DAAC, coleccion 002), radiancia NearNadir Composite Snow Free sobre Venezuela (mascara venezuela_states.geojson, 5 tiles). nW/cm2/sr salvo frac_iluminada (%).",226434.0,14.6153
2026,5,Apure,AP,0.0,good_only_v2,587,"NASA Black Marble VNP46A3 (LAADS DAAC, coleccion 002), radiancia NearNadir Composite Snow Free sobre Venezuela (mascara venezuela_states.geojson, 5 tiles). nW/cm2/sr salvo frac_iluminada (%).",347140.0,0.1691
2026,5,Aragua,AR,3.1691,good_only_v2,15624,"NASA Black Marble VNP46A3 (LAADS DAAC, coleccion 002), radiancia NearNadir Composite Snow Free sobre Venezuela (mascara venezuela_states.geojson, 5 tiles). nW/cm2/sr salvo frac_iluminada (%).",32655.0,47.8457
2026,5,Barinas,BA,0.0148,good_only_v2,747,"NASA Black Marble VNP46A3 (LAADS DAAC, coleccion 002), radiancia NearNadir Composite Snow Free sobre Venezuela (mascara venezuela_states.geojson, 5 tiles). nW/cm2/sr salvo frac_iluminada (%).",171359.0,0.4359
2026,5,Bolívar,BO,1.097,good_only_v2,28281,"NASA Black Marble VNP46A3 (LAADS DAAC, coleccion 002), radiancia NearNadir Composite Snow Free sobre Venezuela (mascara venezuela_states.geojson, 5 tiles). nW/cm2/sr salvo frac_iluminada (%).",1126905.0,2.5096
2026,5,Carabobo,CA,6.5312,good_only_v2,3287,"NASA Black Marble VNP46A3 (LAADS DAAC, coleccion 002), radiancia NearNadir Composite Snow Free sobre Venezuela (mascara venezuela_states.geojson, 5 tiles). nW/cm2/sr salvo frac_iluminada (%).",22664.0,14.5032
2026,5,Cojedes,CO,0.2181,good_only_v2,1868,"NASA Black Marble VNP46A3 (LAADS DAAC, coleccion 002), radiancia NearNadir Composite Snow Free sobre Venezuela (mascara venezuela_states.geojson, 5 tiles). nW/cm2/sr salvo frac_iluminada (%).",69046.0,2.7054
2026,5,DeltaAmacuro,DE,0.1057,good_only_v2,79295,"NASA Black Marble VNP46A3 (LAADS DAAC, coleccion 002), radiancia NearNadir Composite Snow Free sobre Venezuela (mascara venezuela_states.geojson, 5 tiles). nW/cm2/sr salvo frac_iluminada (%).",188490.0,42.0685
2026,5,DependenciasFederales,DF,0.019,good_only_v2,182,"NASA Black Marble VNP46A3 (LAADS DAAC, coleccion 002), radiancia NearNadir Composite Snow Free sobre Venezuela (mascara venezuela_states.geojson, 5 tiles). nW/cm2/sr salvo frac_iluminada (%).",1451.0,12.5431
2026,5,DistritoCapital,DC,64.4637,good_only_v2,91,"NASA Black Marble VNP46A3 (LAADS DAAC, coleccion 002), radiancia NearNadir Composite Snow Free sobre Venezuela (mascara venezuela_states.geojson, 5 tiles). nW/cm2/sr salvo frac_iluminada (%).",1395.0,6.5233
2026,5,Falcón,FA,1.3437,good_only_v2,28655,"NASA Black Marble VNP46A3 (LAADS DAAC, coleccion 002), radiancia NearNadir Composite Snow Free sobre Venezuela (mascara venezuela_states.geojson, 5 tiles). nW/cm2/sr salvo frac_iluminada (%).",129492.0,22.1288
2026,5,Guárico,GU,0.3464,good_only_v2,39004,"NASA Black Marble VNP46A3 (LAADS DAAC, coleccion 002), radiancia NearNadir Composite Snow Free sobre Venezuela (mascara venezuela_states.geojson, 5 tiles). nW/cm2/sr salvo frac_iluminada (%).",317534.0,12.2834
2026,5,Lara,LA,3.5823,good_only_v2,8556,"NASA Black Marble VNP46A3 (LAADS DAAC, coleccion 002), radiancia NearNadir Composite Snow Free sobre Venezuela (mascara venezuela_states.geojson, 5 tiles). nW/cm2/sr salvo frac_iluminada (%).",90126.0,9.4934
2026,5,Miranda,MI,1.8329,good_only_v2,1290,"NASA Black Marble VNP46A3 (LAADS DAAC, coleccion 002), radiancia NearNadir Composite Snow Free sobre Venezuela (mascara venezuela_states.geojson, 5 tiles). nW/cm2/sr salvo frac_iluminada (%).",41077.0,3.1404
2026,5,Monagas,MO,2.8955,good_only_v2,34116,"NASA Black Marble VNP46A3 (LAADS DAAC, coleccion 002), radiancia NearNadir Composite Snow Free sobre Venezuela (mascara venezuela_states.geojson, 5 tiles). nW/cm2/sr salvo frac_iluminada (%).",136742.0,24.9492
2026,5,Mérida,ME,0.4374,good_only_v2,812,"NASA Black Marble VNP46A3 (LAADS DAAC, coleccion 002), radiancia NearNadir Composite Snow Free sobre Venezuela (mascara venezuela_states.geojson, 5 tiles). nW/cm2/sr salvo frac_iluminada (%).",60193.0,1.349
2026,5,NuevaEsparta,NE,10.5161,good_only_v2,3121,"NASA Black Marble VNP46A3 (LAADS DAAC, coleccion 002), radiancia NearNadir Composite Snow Free sobre Venezuela (mascara venezuela_states.geojson, 5 tiles). nW/cm2/sr salvo frac_iluminada (%).",5175.0,60.3092
2026,5,Portuguesa,PO,0.4491,good_only_v2,7472,"NASA Black Marble VNP46A3 (LAADS DAAC, coleccion 002), radiancia NearNadir Composite Snow Free sobre Venezuela (mascara venezuela_states.geojson, 5 tiles). nW/cm2/sr salvo frac_iluminada (%).",91747.0,8.1441
2026,5,Sucre,SU,1.6032,good_only_v2,17001,"NASA Black Marble VNP46A3 (LAADS DAAC, coleccion 002), radiancia NearNadir Composite Snow Free sobre Venezuela (mascara venezuela_states.geojson, 5 tiles). nW/cm2/sr salvo frac_iluminada (%).",51700.0,32.8839
2026,5,Trujillo,TR,0.1336,good_only_v2,3272,"NASA Black Marble VNP46A3 (LAADS DAAC, coleccion 002), radiancia NearNadir Composite Snow Free sobre Venezuela (mascara venezuela_states.geojson, 5 tiles). nW/cm2/sr salvo frac_iluminada (%).",38257.0,8.5527
2026,5,Vargas,VA,5.597,good_only_v2,3221,"NASA Black Marble VNP46A3 (LAADS DAAC, coleccion 002), radiancia NearNadir Composite Snow Free sobre Venezuela (mascara venezuela_states.geojson, 5 tiles). nW/cm2/sr salvo frac_iluminada (%).",4822.0,66.798
2026,5,Yaracuy,YA,1.3441,good_only_v2,1887,"NASA Black Marble VNP46A3 (LAADS DAAC, coleccion 002), radiancia NearNadir Composite Snow Free sobre Venezuela (mascara venezuela_states.geojson, 5 tiles). nW/cm2/sr salvo frac_iluminada (%).",29306.0,6.439
2026,5,Zulia,ZU,1.3461,good_only_v2,5250,"NASA Black Marble VNP46A3 (LAADS DAAC, coleccion 002), radiancia NearNadir Composite Snow Free sobre Venezuela (mascara venezuela_states.geojson, 5 tiles). nW/cm2/sr salvo frac_iluminada (%).",208445.0,2.5187
2026,6,Anzoátegui,AN,0.5889,good_only_v2,12746,"NASA Black Marble VNP46A3 (LAADS DAAC, coleccion 002), radiancia NearNadir Composite Snow Free sobre Venezuela (mascara venezuela_states.geojson, 5 tiles). nW/cm2/sr salvo frac_iluminada (%).",226434.0,5.629
2026,6,Apure,AP,0.0,good_only_v2,157,"NASA Black Marble VNP46A3 (LAADS DAAC, coleccion 002), radiancia NearNadir Composite Snow Free sobre Venezuela (mascara venezuela_states.geojson, 5 tiles). nW/cm2/sr salvo frac_iluminada (%).",347140.0,0.0452
2026,6,Aragua,AR,4.3392,good_only_v2,1930,"NASA Black Marble VNP46A3 (LAADS DAAC, coleccion 002), radiancia NearNadir Composite Snow Free sobre Venezuela (mascara venezuela_states.geojson, 5 tiles). nW/cm2/sr salvo frac_iluminada (%).",32655.0,5.9103
2026,6,Barinas,BA,0.0305,good_only_v2,504,"NASA Black Marble VNP46A3 (LAADS DAAC, coleccion 002), radiancia NearNadir Composite Snow Free sobre Venezuela (mascara venezuela_states.geojson, 5 tiles). nW/cm2/sr salvo frac_iluminada (%).",171359.0,0.2941
2026,6,Bolívar,BO,0.0571,good_only_v2,300,"NASA Black Marble VNP46A3 (LAADS DAAC, coleccion 002), radiancia NearNadir Composite Snow Free sobre Venezuela (mascara venezuela_states.geojson, 5 tiles). nW/cm2/sr salvo frac_iluminada (%).",1126905.0,0.0266
2026,6,Carabobo,CA,0.9173,good_only_v2,2447,"NASA Black Marble VNP46A3 (LAADS DAAC, coleccion 002), radiancia NearNadir Composite Snow Free sobre Venezuela (mascara venezuela_states.geojson, 5 tiles). nW/cm2/sr salvo frac_iluminada (%).",22664.0,10.7969
2026,6,Cojedes,CO,0.2541,good_only_v2,1075,"NASA Black Marble VNP46A3 (LAADS DAAC, coleccion 002), radiancia NearNadir Composite Snow Free sobre Venezuela (mascara venezuela_states.geojson, 5 tiles). nW/cm2/sr salvo frac_iluminada (%).",69046.0,1.5569
2026,6,DeltaAmacuro,DE,0.0442,good_only_v2,63,"NASA Black Marble VNP46A3 (LAADS DAAC, coleccion 002), radiancia NearNadir Composite Snow Free sobre Venezuela (mascara venezuela_states.geojson, 5 tiles). nW/cm2/sr salvo frac_iluminada (%).",188490.0,0.0334
2026,6,DependenciasFederales,DF,0.0,good_only_v2,11,"NASA Black Marble VNP46A3 (LAADS DAAC, coleccion 002), radiancia NearNadir Composite Snow Free sobre Venezuela (mascara venezuela_states.geojson, 5 tiles). nW/cm2/sr salvo frac_iluminada (%).",1451.0,0.7581
2026,6,Falcón,FA,0.5296,good_only_v2,2799,"NASA Black Marble VNP46A3 (LAADS DAAC, coleccion 002), radiancia NearNadir Composite Snow Free sobre Venezuela (mascara venezuela_states.geojson, 5 tiles). nW/cm2/sr salvo frac_iluminada (%).",129492.0,2.1615
2026,6,Guárico,GU,0.4168,good_only_v2,1274,"NASA Black Marble VNP46A3 (LAADS DAAC, coleccion 002), radiancia NearNadir Composite Snow Free sobre Venezuela (mascara venezuela_states.geojson, 5 tiles). nW/cm2/sr salvo frac_iluminada (%).",317534.0,0.4012
2026,6,Miranda,MI,0.1403,good_only_v2,50,"NASA Black Marble VNP46A3 (LAADS DAAC, coleccion 002), radiancia NearNadir Composite Snow Free sobre Venezuela (mascara venezuela_states.geojson, 5 tiles). nW/cm2/sr salvo frac_iluminada (%).",41077.0,0.1217
2026,6,NuevaEsparta,NE,6.1201,good_only_v2,61,"NASA Black Marble VNP46A3 (LAADS DAAC, coleccion 002), radiancia NearNadir Composite Snow Free sobre Venezuela (mascara venezuela_states.geojson, 5 tiles). nW/cm2/sr salvo frac_iluminada (%).",5175.0,1.1787
2026,6,Portuguesa,PO,0.0154,good_only_v2,1146,"NASA Black Marble VNP46A3 (LAADS DAAC, coleccion 002), radiancia NearNadir Composite Snow Free sobre Venezuela (mascara venezuela_states.geojson, 5 tiles). nW/cm2/sr salvo frac_iluminada (%).",91747.0,1.2491
2026,6,Sucre,SU,0.2654,good_only_v2,3331,"NASA Black Marble VNP46A3 (LAADS DAAC, coleccion 002), radiancia NearNadir Composite Snow Free sobre Venezuela (mascara venezuela_states.geojson, 5 tiles). nW/cm2/sr salvo frac_iluminada (%).",51700.0,6.4429
2026,6,Vargas,VA,0.4577,good_only_v2,607,"NASA Black Marble VNP46A3 (LAADS DAAC, coleccion 002), radiancia NearNadir Composite Snow Free sobre Venezuela (mascara venezuela_states.geojson, 5 tiles). nW/cm2/sr salvo frac_iluminada (%).",4822.0,12.5881
2026,6,Yaracuy,YA,0.3402,good_only_v2,1357,"NASA Black Marble VNP46A3 (LAADS DAAC, coleccion 002), radiancia NearNadir Composite Snow Free sobre Venezuela (mascara venezuela_states.geojson, 5 tiles). nW/cm2/sr salvo frac_iluminada (%).",29306.0,4.6305
2026,6,Zulia,ZU,0.0219,good_only_v2,1461,"NASA Black Marble VNP46A3 (LAADS DAAC, coleccion 002), radiancia NearNadir Composite Snow Free sobre Venezuela (mascara venezuela_states.geojson, 5 tiles). nW/cm2/sr salvo frac_iluminada (%).",208445.0,0.7009
2026,7,Amazonas,AM,0.3324,good_only_v2,9672,"NASA Black Marble VNP46A3 (LAADS DAAC, coleccion 002), radiancia NearNadir Composite Snow Free sobre Venezuela (mascara venezuela_states.geojson, 5 tiles). nW/cm2/sr salvo frac_iluminada (%).",857577.0,1.1278
2026,7,Anzoátegui,AN,0.7242,good_only_v2,95,"NASA Black Marble VNP46A3 (LAADS DAAC, coleccion 002), radiancia NearNadir Composite Snow Free sobre Venezuela (mascara venezuela_states.geojson, 5 tiles). nW/cm2/sr salvo frac_iluminada (%).",226434.0,0.042
2026,7,Apure,AP,0.3021,good_only_v2,1434,"NASA Black Marble VNP46A3 (LAADS DAAC, coleccion 002), radiancia NearNadir Composite Snow Free sobre Venezuela (mascara venezuela_states.geojson, 5 tiles). nW/cm2/sr salvo frac_iluminada (%).",347140.0,0.4131
2026,7,Aragua,AR,1.5985,good_only_v2,369,"NASA Black Marble VNP46A3 (LAADS DAAC, coleccion 002), radiancia NearNadir Composite Snow Free sobre Venezuela (mascara venezuela_states.geojson, 5 tiles). nW/cm2/sr salvo frac_iluminada (%).",32655.0,1.13
2026,7,Barinas,BA,0.0293,good_only_v2,7801,"NASA Black Marble VNP46A3 (LAADS DAAC, coleccion 002), radiancia NearNadir Composite Snow Free sobre Venezuela (mascara venezuela_states.geojson, 5 tiles). nW/cm2/sr salvo frac_iluminada (%).",171359.0,4.5524
2026,7,Bolívar,BO,0.1056,good_only_v2,617,"NASA Black Marble VNP46A3 (LAADS DAAC, coleccion 002), radiancia NearNadir Composite Snow Free sobre Venezuela (mascara venezuela_states.geojson, 5 tiles). nW/cm2/sr salvo frac_iluminada (%).",1126905.0,0.0548
2026,7,Carabobo,CA,9.7082,good_only_v2,3,"NASA Black Marble VNP46A3 (LAADS DAAC, coleccion 002), radiancia NearNadir Composite Snow Free sobre Venezuela (mascara venezuela_states.geojson, 5 tiles). nW/cm2/sr salvo frac_iluminada (%).",22664.0,0.0132
2026,7,Cojedes,CO,0.0497,good_only_v2,20232,"NASA Black Marble VNP46A3 (LAADS DAAC, coleccion 002), radiancia NearNadir Composite Snow Free sobre Venezuela (mascara venezuela_states.geojson, 5 tiles). nW/cm2/sr salvo frac_iluminada (%).",69046.0,29.3022
2026,7,DeltaAmacuro,DE,0.0134,good_only_v2,678,"NASA Black Marble VNP46A3 (LAADS DAAC, coleccion 002), radiancia NearNadir Composite Snow Free sobre Venezuela (mascara venezuela_states.geojson, 5 tiles). nW/cm2/sr salvo frac_iluminada (%).",188490.0,0.3597
2026,7,DependenciasFederales,DF,0.0162,good_only_v2,245,"NASA Black Marble VNP46A3 (LAADS DAAC, coleccion 002), radiancia NearNadir Composite Snow Free sobre Venezuela (mascara venezuela_states.geojson, 5 tiles). nW/cm2/sr salvo frac_iluminada (%).",1451.0,16.8849
2026,7,Falcón,FA,0.5069,good_only_v2,182,"NASA Black Marble VNP46A3 (LAADS DAAC, coleccion 002), radiancia NearNadir Composite Snow Free sobre Venezuela (mascara venezuela_states.geojson, 5 tiles). nW/cm2/sr salvo frac_iluminada (%).",129492.0,0.1405
2026,7,Guárico,GU,0.3887,good_only_v2,9498,"NASA Black Marble VNP46A3 (LAADS DAAC, coleccion 002), radiancia NearNadir Composite Snow Free sobre Venezuela (mascara venezuela_states.geojson, 5 tiles). nW/cm2/sr salvo frac_iluminada (%).",317534.0,2.9912
2026,7,Lara,LA,0.5122,good_only_v2,44,"NASA Black Marble VNP46A3 (LAADS DAAC, coleccion 002), radiancia NearNadir Composite Snow Free sobre Venezuela (mascara venezuela_states.geojson, 5 tiles). nW/cm2/sr salvo frac_iluminada (%).",90126.0,0.0488
2026,7,Miranda,MI,0.3257,good_only_v2,640,"NASA Black Marble VNP46A3 (LAADS DAAC, coleccion 002), radiancia NearNadir Composite Snow Free sobre Venezuela (mascara venezuela_states.geojson, 5 tiles). nW/cm2/sr salvo frac_iluminada (%).",41077.0,1.558
2026,7,Monagas,MO,0.0179,good_only_v2,3442,"NASA Black Marble VNP46A3 (LAADS DAAC, coleccion 002), radiancia NearNadir Composite Snow Free sobre Venezuela (mascara venezuela_states.geojson, 5 tiles). nW/cm2/sr salvo frac_iluminada (%).",136742.0,2.5171
2026,7,Mérida,ME,0.2993,good_only_v2,54,"NASA Black Marble VNP46A3 (LAADS DAAC, coleccion 002), radiancia NearNadir Composite Snow Free sobre Venezuela (mascara venezuela_states.geojson, 5 tiles). nW/cm2/sr salvo frac_iluminada (%).",60193.0,0.0897
2026,7,NuevaEsparta,NE,14.1124,good_only_v2,256,"NASA Black Marble VNP46A3 (LAADS DAAC, coleccion 002), radiancia NearNadir Composite Snow Free sobre Venezuela (mascara venezuela_states.geojson, 5 tiles). nW/cm2/sr salvo frac_iluminada (%).",5175.0,4.9469
2026,7,Portuguesa,PO,0.0173,good_only_v2,16019,"NASA Black Marble VNP46A3 (LAADS DAAC, coleccion 002), radiancia NearNadir Composite Snow Free sobre Venezuela (mascara venezuela_states.geojson, 5 tiles). nW/cm2/sr salvo frac_iluminada (%).",91747.0,17.46
2026,7,Sucre,SU,0.2422,good_only_v2,477,"NASA Black Marble VNP46A3 (LAADS DAAC, coleccion 002), radiancia NearNadir Composite Snow Free sobre Venezuela (mascara venezuela_states.geojson, 5 tiles). nW/cm2/sr salvo frac_iluminada (%).",51700.0,0.9226
2026,7,Trujillo,TR,0.2767,good_only_v2,232,"NASA Black Marble VNP46A3 (LAADS DAAC, coleccion 002), radiancia NearNadir Composite Snow Free sobre Venezuela (mascara venezuela_states.geojson, 5 tiles). nW/cm2/sr salvo frac_iluminada (%).",38257.0,0.6064
2026,7,Vargas,VA,0.4331,good_only_v2,159,"NASA Black Marble VNP46A3 (LAADS DAAC, coleccion 002), radiancia NearNadir Composite Snow Free sobre Venezuela (mascara venezuela_states.geojson, 5 tiles). nW/cm2/sr salvo frac_iluminada (%).",4822.0,3.2974
2026,7,Yaracuy,YA,4.0927,good_only_v2,18,"NASA Black Marble VNP46A3 (LAADS DAAC, coleccion 002), radiancia NearNadir Composite Snow Free sobre Venezuela (mascara venezuela_states.geojson, 5 tiles). nW/cm2/sr salvo frac_iluminada (%).",29306.0,0.0614
2026,8,Amazonas,AM,0.0014,good_only_v2,14771,"NASA Black Marble VNP46A3 (LAADS DAAC, coleccion 002), radiancia NearNadir Composite Snow Free sobre Venezuela (mascara venezuela_states.geojson, 5 tiles). nW/cm2/sr salvo frac_iluminada (%).",857577.0,1.7224
2026,8,Anzoátegui,AN,2.2786,good_only_v2,7931,"NASA Black Marble VNP46A3 (LAADS DAAC, coleccion 002), radiancia NearNadir Composite Snow Free sobre Venezuela (mascara venezuela_states.geojson, 5 tiles). nW/cm2/sr salvo frac_iluminada (%).",226434.0,3.5026
2026,8,Apure,AP,0.0,good_only_v2,1,"NASA Black Marble VNP46A3 (LAADS DAAC, coleccion 002), radiancia NearNadir Composite Snow Free sobre Venezuela (mascara venezuela_states.geojson, 5 tiles). nW/cm2/sr salvo frac_iluminada (%).",347140.0,0.0003
2026,8,Aragua,AR,0.6893,good_only_v2,2934,"NASA Black Marble VNP46A3 (LAADS DAAC, coleccion 002), radiancia NearNadir Composite Snow Free sobre Venezuela (mascara venezuela_states.geojson, 5 tiles). nW/cm2/sr salvo frac_iluminada (%).",32655.0,8.9848
2026,8,Bolívar,BO,0.0233,good_only_v2,17800,"NASA Black Marble VNP46A3 (LAADS DAAC, coleccion 002), radiancia NearNadir Composite Snow Free sobre Venezuela (mascara venezuela_states.geojson, 5 tiles). nW/cm2/sr salvo frac_iluminada (%).",1126905.0,1.5795
2026,8,Carabobo,CA,0.8539,good_only_v2,405,"NASA Black Marble VNP46A3 (LAADS DAAC, coleccion 002), radiancia NearNadir Composite Snow Free sobre Venezuela (mascara venezuela_states.geojson, 5 tiles). nW/cm2/sr salvo frac_iluminada (%).",22664.0,1.787
2026,8,Cojedes,CO,0.0014,good_only_v2,400,"NASA Black Marble VNP46A3 (LAADS DAAC, coleccion 002), radiancia NearNadir Composite Snow Free sobre Venezuela (mascara venezuela_states.geojson, 5 tiles). nW/cm2/sr salvo frac_iluminada (%).",69046.0,0.5793
2026,8,DeltaAmacuro,DE,0.0038,good_only_v2,57609,"NASA Black Marble VNP46A3 (LAADS DAAC, coleccion 002), radiancia NearNadir Composite Snow Free sobre Venezuela (mascara venezuela_states.geojson, 5 tiles). nW/cm2/sr salvo frac_iluminada (%).",188490.0,30.5634
2026,8,DependenciasFederales,DF,0.0028,good_only_v2,206,"NASA Black Marble VNP46A3 (LAADS DAAC, coleccion 002), radiancia NearNadir Composite Snow Free sobre Venezuela (mascara venezuela_states.geojson, 5 tiles). nW/cm2/sr salvo frac_iluminada (%).",1451.0,14.1971
2026,8,DistritoCapital,DC,24.0043,good_only_v2,195,"NASA Black Marble VNP46A3 (LAADS DAAC, coleccion 002), radiancia NearNadir Composite Snow Free sobre Venezuela (mascara venezuela_states.geojson, 5 tiles). nW/cm2/sr salvo frac_iluminada (%).",1395.0,13.9785
2026,8,Falcón,FA,0.1163,good_only_v2,25740,"NASA Black Marble VNP46A3 (LAADS DAAC, coleccion 002), radiancia NearNadir Composite Snow Free sobre Venezuela (mascara venezuela_states.geojson, 5 tiles). nW/cm2/sr salvo frac_iluminada (%).",129492.0,19.8777
2026,8,Guárico,GU,0.9443,good_only_v2,5169,"NASA Black Marble VNP46A3 (LAADS DAAC, coleccion 002), radiancia NearNadir Composite Snow Free sobre Venezuela (mascara venezuela_states.geojson, 5 tiles). nW/cm2/sr salvo frac_iluminada (%).",317534.0,1.6279
2026,8,Lara,LA,0.1222,good_only_v2,12119,"NASA Black Marble VNP46A3 (LAADS DAAC, coleccion 002), radiancia NearNadir Composite Snow Free sobre Venezuela (mascara venezuela_states.geojson, 5 tiles). nW/cm2/sr salvo frac_iluminada (%).",90126.0,13.4467
2026,8,Miranda,MI,3.7446,good_only_v2,1715,"NASA Black Marble VNP46A3 (LAADS DAAC, coleccion 002), radiancia NearNadir Composite Snow Free sobre Venezuela (mascara venezuela_states.geojson, 5 tiles). nW/cm2/sr salvo frac_iluminada (%).",41077.0,4.1751
2026,8,Monagas,MO,0.4786,good_only_v2,22492,"NASA Black Marble VNP46A3 (LAADS DAAC, coleccion 002), radiancia NearNadir Composite Snow Free sobre Venezuela (mascara venezuela_states.geojson, 5 tiles). nW/cm2/sr salvo frac_iluminada (%).",136742.0,16.4485
2026,8,NuevaEsparta,NE,4.2689,good_only_v2,121,"NASA Black Marble VNP46A3 (LAADS DAAC, coleccion 002), radiancia NearNadir Composite Snow Free sobre Venezuela (mascara venezuela_states.geojson, 5 tiles). nW/cm2/sr salvo frac_iluminada (%).",5175.0,2.3382
2026,8,Portuguesa,PO,0.1007,good_only_v2,354,"NASA Black Marble VNP46A3 (LAADS DAAC, coleccion 002), radiancia NearNadir Composite Snow Free sobre Venezuela (mascara venezuela_states.geojson, 5 tiles). nW/cm2/sr salvo frac_iluminada (%).",91747.0,0.3858
2026,8,Sucre,SU,0.2519,good_only_v2,16374,"NASA Black Marble VNP46A3 (LAADS DAAC, coleccion 002), radiancia NearNadir Composite Snow Free sobre Venezuela (mascara venezuela_states.geojson, 5 tiles). nW/cm2/sr salvo frac_iluminada (%).",51700.0,31.6712
2026,8,Trujillo,TR,0.0402,good_only_v2,115,"NASA Black Marble VNP46A3 (LAADS DAAC, coleccion 002), radiancia NearNadir Composite Snow Free sobre Venezuela (mascara venezuela_states.geojson, 5 tiles). nW/cm2/sr salvo frac_iluminada (%).",38257.0,0.3006
2026,8,Vargas,VA,1.6076,good_only_v2,1882,"NASA Black Marble VNP46A3 (LAADS DAAC, coleccion 002), radiancia NearNadir Composite Snow Free sobre Venezuela (mascara venezuela_states.geojson, 5 tiles). nW/cm2/sr salvo frac_iluminada (%).",4822.0,39.0294
2026,8,Yaracuy,YA,0.243,good_only_v2,1727,"NASA Black Marble VNP46A3 (LAADS DAAC, coleccion 002), radiancia NearNadir Composite Snow Free sobre Venezuela (mascara venezuela_states.geojson, 5 tiles). nW/cm2/sr salvo frac_iluminada (%).",29306.0,5.893
2026,8,Zulia,ZU,0.0307,good_only_v2,291,"NASA Black Marble VNP46A3 (LAADS DAAC, coleccion 002), radiancia NearNadir Composite Snow Free sobre Venezuela (mascara venezuela_states.geojson, 5 tiles). nW/cm2/sr salvo frac_iluminada (%).",208445.0,0.1396
