escenario,familia,año,iciv_score,categoria,cobertura_pct,diferencia_base
peso_D1_macro_-20%,pesos,2000,74.62,Favorable,55.3,1.3100000000000023
peso_D1_macro_-20%,pesos,2001,76.41,Favorable,55.3,1.039999999999992
peso_D1_macro_-20%,pesos,2002,69.91,Favorable,55.3,1.039999999999992
peso_D1_macro_-20%,pesos,2003,65.21,Intermedio,55.3,0.4299999999999926
peso_D1_macro_-20%,pesos,2004,80.68,Favorable,55.3,-0.09999999999999432
peso_D1_macro_-20%,pesos,2005,82.83,Muy favorable,55.3,0.519999999999996
peso_D1_macro_-20%,pesos,2006,88.63,Muy favorable,65.6,0.8999999999999915
peso_D1_macro_-20%,pesos,2007,88.04,Muy favorable,65.6,0.9100000000000108
peso_D1_macro_-20%,pesos,2008,85.96,Muy favorable,65.6,0.1799999999999926
peso_D1_macro_-20%,pesos,2009,83.79,Muy favorable,65.6,0.7900000000000063
peso_D1_macro_-20%,pesos,2010,81.64,Muy favorable,65.6,0.2600000000000051
peso_D1_macro_-20%,pesos,2011,80.99,Favorable,65.6,-0.4000000000000057
peso_D1_macro_-20%,pesos,2012,81.24,Muy favorable,91.0,-0.4200000000000017
peso_D1_macro_-20%,pesos,2013,80.14,Favorable,94.8,-0.18999999999999773
peso_D1_macro_-20%,pesos,2014,75.99,Favorable,94.8,-0.04000000000000625
peso_D1_macro_-20%,pesos,2015,72.49,Favorable,94.8,0.6999999999999886
peso_D1_macro_-20%,pesos,2016,58.62,Intermedio,94.8,0.5999999999999943
peso_D1_macro_-20%,pesos,2017,51.35,Intermedio,91.0,0.21000000000000085
peso_D1_macro_-20%,pesos,2018,44.31,Desfavorable,94.8,1.2899999999999991
peso_D1_macro_-20%,pesos,2019,32.92,Desfavorable,94.8,0.7100000000000009
peso_D1_macro_-20%,pesos,2020,19.94,Muy desfavorable,94.8,-0.6099999999999994
peso_D1_macro_-20%,pesos,2021,27.73,Muy desfavorable,94.8,-1.9600000000000009
peso_D1_macro_-20%,pesos,2022,33.15,Desfavorable,94.8,-2.770000000000003
peso_D1_macro_-20%,pesos,2023,30.02,Muy desfavorable,94.8,-1.9800000000000004
peso_D1_macro_-20%,pesos,2024,29.75,Muy desfavorable,92.1,-2.5900000000000034
peso_D1_macro_-20%,pesos,2025,23.41,Muy desfavorable,81.8,-2.5199999999999996
peso_D1_macro_-20%,pesos,2026,40.09,Desfavorable,39.3,-2.5899999999999963
peso_D1_macro_-10%,pesos,2000,73.95,Favorable,56.7,0.6400000000000006
peso_D1_macro_-10%,pesos,2001,75.88,Favorable,56.7,0.5099999999999909
peso_D1_macro_-10%,pesos,2002,69.38,Favorable,56.7,0.5099999999999909
peso_D1_macro_-10%,pesos,2003,64.99,Intermedio,56.7,0.20999999999999375
peso_D1_macro_-10%,pesos,2004,80.73,Favorable,56.7,-0.04999999999999716
peso_D1_macro_-10%,pesos,2005,82.56,Muy favorable,56.7,0.25
peso_D1_macro_-10%,pesos,2006,88.18,Muy favorable,66.7,0.45000000000000284
peso_D1_macro_-10%,pesos,2007,87.58,Muy favorable,66.7,0.45000000000000284
peso_D1_macro_-10%,pesos,2008,85.87,Muy favorable,66.7,0.09000000000000341
peso_D1_macro_-10%,pesos,2009,83.39,Muy favorable,66.7,0.39000000000000057
peso_D1_macro_-10%,pesos,2010,81.51,Muy favorable,66.7,0.13000000000000966
peso_D1_macro_-10%,pesos,2011,81.19,Muy favorable,66.7,-0.20000000000000284
peso_D1_macro_-10%,pesos,2012,81.45,Muy favorable,91.3,-0.20999999999999375
peso_D1_macro_-10%,pesos,2013,80.24,Favorable,95.0,-0.09000000000000341
peso_D1_macro_-10%,pesos,2014,76.01,Favorable,95.0,-0.01999999999999602
peso_D1_macro_-10%,pesos,2015,72.14,Favorable,95.0,0.3499999999999943
peso_D1_macro_-10%,pesos,2016,58.32,Intermedio,95.0,0.29999999999999716
peso_D1_macro_-10%,pesos,2017,51.24,Intermedio,91.3,0.10000000000000142
peso_D1_macro_-10%,pesos,2018,43.66,Desfavorable,95.0,0.6399999999999935
peso_D1_macro_-10%,pesos,2019,32.56,Desfavorable,95.0,0.3500000000000014
peso_D1_macro_-10%,pesos,2020,20.25,Muy desfavorable,95.0,-0.3000000000000007
peso_D1_macro_-10%,pesos,2021,28.71,Muy desfavorable,95.0,-0.9800000000000004
peso_D1_macro_-10%,pesos,2022,34.53,Desfavorable,95.0,-1.3900000000000006
peso_D1_macro_-10%,pesos,2023,31.01,Desfavorable,95.0,-0.9899999999999984
peso_D1_macro_-10%,pesos,2024,31.05,Desfavorable,92.3,-1.2900000000000027
peso_D1_macro_-10%,pesos,2025,24.67,Muy desfavorable,82.4,-1.259999999999998
peso_D1_macro_-10%,pesos,2026,41.43,Desfavorable,40.2,-1.25
peso_D1_macro_-5%,pesos,2000,73.63,Favorable,57.5,0.3199999999999932
peso_D1_macro_-5%,pesos,2001,75.62,Favorable,57.5,0.25
peso_D1_macro_-5%,pesos,2002,69.12,Favorable,57.5,0.25
peso_D1_macro_-5%,pesos,2003,64.88,Intermedio,57.5,0.09999999999999432
peso_D1_macro_-5%,pesos,2004,80.76,Favorable,57.5,-0.01999999999999602
peso_D1_macro_-5%,pesos,2005,82.43,Muy favorable,57.5,0.12000000000000455
peso_D1_macro_-5%,pesos,2006,87.95,Muy favorable,67.3,0.21999999999999886
peso_D1_macro_-5%,pesos,2007,87.35,Muy favorable,67.3,0.21999999999999886
peso_D1_macro_-5%,pesos,2008,85.83,Muy favorable,67.3,0.04999999999999716
peso_D1_macro_-5%,pesos,2009,83.19,Muy favorable,67.3,0.18999999999999773
peso_D1_macro_-5%,pesos,2010,81.44,Muy favorable,67.3,0.060000000000002274
peso_D1_macro_-5%,pesos,2011,81.29,Muy favorable,67.3,-0.09999999999999432
peso_D1_macro_-5%,pesos,2012,81.56,Muy favorable,91.5,-0.09999999999999432
peso_D1_macro_-5%,pesos,2013,80.28,Favorable,95.0,-0.04999999999999716
peso_D1_macro_-5%,pesos,2014,76.02,Favorable,95.0,-0.010000000000005116
peso_D1_macro_-5%,pesos,2015,71.97,Favorable,95.0,0.1799999999999926
peso_D1_macro_-5%,pesos,2016,58.17,Intermedio,95.0,0.14999999999999858
peso_D1_macro_-5%,pesos,2017,51.19,Intermedio,91.5,0.04999999999999716
peso_D1_macro_-5%,pesos,2018,43.34,Desfavorable,95.0,0.3200000000000003
peso_D1_macro_-5%,pesos,2019,32.38,Desfavorable,95.0,0.1700000000000017
peso_D1_macro_-5%,pesos,2020,20.4,Muy desfavorable,95.0,-0.15000000000000213
peso_D1_macro_-5%,pesos,2021,29.2,Muy desfavorable,95.0,-0.490000000000002
peso_D1_macro_-5%,pesos,2022,35.23,Desfavorable,95.0,-0.6900000000000048
peso_D1_macro_-5%,pesos,2023,31.5,Desfavorable,95.0,-0.5
peso_D1_macro_-5%,pesos,2024,31.69,Desfavorable,92.5,-0.6500000000000021
peso_D1_macro_-5%,pesos,2025,25.3,Muy desfavorable,82.6,-0.629999999999999
peso_D1_macro_-5%,pesos,2026,42.06,Desfavorable,40.7,-0.6199999999999974
peso_D1_macro_+5%,pesos,2000,73.0,Favorable,58.9,-0.3100000000000023
peso_D1_macro_+5%,pesos,2001,75.12,Favorable,58.9,-0.25
peso_D1_macro_+5%,pesos,2002,68.62,Favorable,58.9,-0.25
peso_D1_macro_+5%,pesos,2003,64.67,Intermedio,58.9,-0.10999999999999943
peso_D1_macro_+5%,pesos,2004,80.81,Favorable,58.9,0.030000000000001137
peso_D1_macro_+5%,pesos,2005,82.19,Muy favorable,58.9,-0.12000000000000455
peso_D1_macro_+5%,pesos,2006,87.51,Muy favorable,68.3,-0.21999999999999886
peso_D1_macro_+5%,pesos,2007,86.9,Muy favorable,68.3,-0.22999999999998977
peso_D1_macro_+5%,pesos,2008,85.74,Muy favorable,68.3,-0.04000000000000625
peso_D1_macro_+5%,pesos,2009,82.8,Muy favorable,68.3,-0.20000000000000284
peso_D1_macro_+5%,pesos,2010,81.31,Muy favorable,68.3,-0.06999999999999318
peso_D1_macro_+5%,pesos,2011,81.48,Muy favorable,68.3,0.09000000000000341
peso_D1_macro_+5%,pesos,2012,81.77,Muy favorable,91.7,0.10999999999999943
peso_D1_macro_+5%,pesos,2013,80.37,Favorable,95.2,0.04000000000000625
peso_D1_macro_+5%,pesos,2014,76.04,Favorable,95.2,0.010000000000005116
peso_D1_macro_+5%,pesos,2015,71.61,Favorable,95.2,-0.18000000000000682
peso_D1_macro_+5%,pesos,2016,57.86,Intermedio,95.2,-0.1600000000000037
peso_D1_macro_+5%,pesos,2017,51.09,Intermedio,91.7,-0.04999999999999716
peso_D1_macro_+5%,pesos,2018,42.69,Desfavorable,95.2,-0.3300000000000054
peso_D1_macro_+5%,pesos,2019,32.03,Desfavorable,95.2,-0.17999999999999972
peso_D1_macro_+5%,pesos,2020,20.7,Muy desfavorable,95.2,0.14999999999999858
peso_D1_macro_+5%,pesos,2021,30.18,Muy desfavorable,95.2,0.48999999999999844
peso_D1_macro_+5%,pesos,2022,36.61,Desfavorable,95.2,0.6899999999999977
peso_D1_macro_+5%,pesos,2023,32.49,Desfavorable,95.2,0.490000000000002
peso_D1_macro_+5%,pesos,2024,32.99,Desfavorable,92.7,0.6499999999999986
peso_D1_macro_+5%,pesos,2025,26.56,Muy desfavorable,83.2,0.629999999999999
peso_D1_macro_+5%,pesos,2026,43.28,Desfavorable,41.6,0.6000000000000014
peso_D1_macro_+10%,pesos,2000,72.69,Favorable,59.6,-0.6200000000000045
peso_D1_macro_+10%,pesos,2001,74.88,Favorable,59.6,-0.4900000000000091
peso_D1_macro_+10%,pesos,2002,68.38,Favorable,59.6,-0.4900000000000091
peso_D1_macro_+10%,pesos,2003,64.57,Intermedio,59.6,-0.21000000000000796
peso_D1_macro_+10%,pesos,2004,80.83,Favorable,59.6,0.04999999999999716
peso_D1_macro_+10%,pesos,2005,82.06,Muy favorable,59.6,-0.25
peso_D1_macro_+10%,pesos,2006,87.29,Muy favorable,68.9,-0.4399999999999977
peso_D1_macro_+10%,pesos,2007,86.68,Muy favorable,68.9,-0.44999999999998863
peso_D1_macro_+10%,pesos,2008,85.7,Muy favorable,68.9,-0.0799999999999983
peso_D1_macro_+10%,pesos,2009,82.61,Muy favorable,68.9,-0.39000000000000057
peso_D1_macro_+10%,pesos,2010,81.25,Muy favorable,68.9,-0.12999999999999545
peso_D1_macro_+10%,pesos,2011,81.58,Muy favorable,68.9,0.18999999999999773
peso_D1_macro_+10%,pesos,2012,81.88,Muy favorable,91.9,0.21999999999999886
peso_D1_macro_+10%,pesos,2013,80.42,Favorable,95.3,0.09000000000000341
peso_D1_macro_+10%,pesos,2014,76.05,Favorable,95.3,0.01999999999999602
peso_D1_macro_+10%,pesos,2015,71.44,Favorable,95.3,-0.3500000000000085
peso_D1_macro_+10%,pesos,2016,57.71,Intermedio,95.3,-0.3100000000000023
peso_D1_macro_+10%,pesos,2017,51.04,Intermedio,91.9,-0.10000000000000142
peso_D1_macro_+10%,pesos,2018,42.37,Desfavorable,95.3,-0.6500000000000057
peso_D1_macro_+10%,pesos,2019,31.85,Desfavorable,95.3,-0.35999999999999943
peso_D1_macro_+10%,pesos,2020,20.85,Muy desfavorable,95.3,0.3000000000000007
peso_D1_macro_+10%,pesos,2021,30.67,Muy desfavorable,95.3,0.9800000000000004
peso_D1_macro_+10%,pesos,2022,37.31,Desfavorable,95.3,1.3900000000000006
peso_D1_macro_+10%,pesos,2023,32.99,Desfavorable,95.3,0.990000000000002
peso_D1_macro_+10%,pesos,2024,33.64,Desfavorable,92.8,1.2999999999999972
peso_D1_macro_+10%,pesos,2025,27.18,Muy desfavorable,83.5,1.25
peso_D1_macro_+10%,pesos,2026,43.87,Desfavorable,42.1,1.1899999999999977
peso_D1_macro_+20%,pesos,2000,72.1,Favorable,61.0,-1.210000000000008
peso_D1_macro_+20%,pesos,2001,74.4,Favorable,61.0,-0.9699999999999989
peso_D1_macro_+20%,pesos,2002,67.91,Favorable,61.0,-0.960000000000008
peso_D1_macro_+20%,pesos,2003,64.37,Intermedio,61.0,-0.4099999999999966
peso_D1_macro_+20%,pesos,2004,80.88,Favorable,61.0,0.09999999999999432
peso_D1_macro_+20%,pesos,2005,81.83,Muy favorable,61.0,-0.480000000000004
peso_D1_macro_+20%,pesos,2006,86.85,Muy favorable,70.0,-0.8800000000000097
peso_D1_macro_+20%,pesos,2007,86.24,Muy favorable,70.0,-0.8900000000000006
peso_D1_macro_+20%,pesos,2008,85.62,Muy favorable,70.0,-0.1599999999999966
peso_D1_macro_+20%,pesos,2009,82.22,Muy favorable,70.0,-0.7800000000000011
peso_D1_macro_+20%,pesos,2010,81.13,Muy favorable,70.0,-0.25
peso_D1_macro_+20%,pesos,2011,81.77,Muy favorable,70.0,0.37999999999999545
peso_D1_macro_+20%,pesos,2012,82.09,Muy favorable,92.2,0.4300000000000068
peso_D1_macro_+20%,pesos,2013,80.51,Favorable,95.5,0.18000000000000682
peso_D1_macro_+20%,pesos,2014,76.07,Favorable,95.5,0.03999999999999204
peso_D1_macro_+20%,pesos,2015,71.08,Favorable,95.5,-0.710000000000008
peso_D1_macro_+20%,pesos,2016,57.41,Intermedio,95.5,-0.6100000000000065
peso_D1_macro_+20%,pesos,2017,50.93,Desfavorable,92.2,-0.21000000000000085
peso_D1_macro_+20%,pesos,2018,41.72,Desfavorable,95.5,-1.3000000000000043
peso_D1_macro_+20%,pesos,2019,31.49,Desfavorable,95.5,-0.7200000000000024
peso_D1_macro_+20%,pesos,2020,21.15,Muy desfavorable,95.5,0.5999999999999979
peso_D1_macro_+20%,pesos,2021,31.65,Desfavorable,95.5,1.9599999999999973
peso_D1_macro_+20%,pesos,2022,38.69,Desfavorable,95.5,2.769999999999996
peso_D1_macro_+20%,pesos,2023,33.97,Desfavorable,95.5,1.9699999999999989
peso_D1_macro_+20%,pesos,2024,34.94,Desfavorable,93.1,2.5999999999999943
peso_D1_macro_+20%,pesos,2025,28.42,Muy desfavorable,84.1,2.490000000000002
peso_D1_macro_+20%,pesos,2026,44.99,Desfavorable,43.0,2.3100000000000023
peso_D2_energia_-20%,pesos,2000,71.2,Favorable,57.4,-2.1099999999999994
peso_D2_energia_-20%,pesos,2001,73.7,Favorable,57.4,-1.6700000000000017
peso_D2_energia_-20%,pesos,2002,67.94,Favorable,57.4,-0.9300000000000068
peso_D2_energia_-20%,pesos,2003,63.96,Intermedio,57.4,-0.8200000000000003
peso_D2_energia_-20%,pesos,2004,80.36,Favorable,57.4,-0.4200000000000017
peso_D2_energia_-20%,pesos,2005,81.09,Muy favorable,57.4,-1.2199999999999989
peso_D2_energia_-20%,pesos,2006,87.26,Muy favorable,67.4,-0.46999999999999886
peso_D2_energia_-20%,pesos,2007,86.53,Muy favorable,67.4,-0.5999999999999943
peso_D2_energia_-20%,pesos,2008,85.9,Muy favorable,67.4,0.12000000000000455
peso_D2_energia_-20%,pesos,2009,82.92,Muy favorable,67.4,-0.0799999999999983
peso_D2_energia_-20%,pesos,2010,81.49,Muy favorable,67.4,0.10999999999999943
peso_D2_energia_-20%,pesos,2011,81.27,Muy favorable,67.4,-0.12000000000000455
peso_D2_energia_-20%,pesos,2012,81.58,Muy favorable,92.4,-0.0799999999999983
peso_D2_energia_-20%,pesos,2013,80.18,Favorable,96.1,-0.14999999999999147
peso_D2_energia_-20%,pesos,2014,75.68,Favorable,96.1,-0.3499999999999943
peso_D2_energia_-20%,pesos,2015,71.25,Favorable,96.1,-0.5400000000000063
peso_D2_energia_-20%,pesos,2016,57.29,Intermedio,96.1,-0.730000000000004
peso_D2_energia_-20%,pesos,2017,50.61,Desfavorable,92.4,-0.5300000000000011
peso_D2_energia_-20%,pesos,2018,43.14,Desfavorable,96.1,0.11999999999999744
peso_D2_energia_-20%,pesos,2019,33.05,Desfavorable,96.1,0.8399999999999963
peso_D2_energia_-20%,pesos,2020,21.55,Muy desfavorable,96.1,1.0
peso_D2_energia_-20%,pesos,2021,30.99,Muy desfavorable,96.1,1.2999999999999972
peso_D2_energia_-20%,pesos,2022,37.26,Desfavorable,96.1,1.3399999999999963
peso_D2_energia_-20%,pesos,2023,33.05,Desfavorable,96.1,1.0499999999999972
peso_D2_energia_-20%,pesos,2024,33.22,Desfavorable,93.4,0.8799999999999955
peso_D2_energia_-20%,pesos,2025,26.31,Muy desfavorable,83.3,0.379999999999999
peso_D2_energia_-20%,pesos,2026,44.62,Desfavorable,39.5,1.9399999999999977
peso_D2_energia_-10%,pesos,2000,72.27,Favorable,57.8,-1.0400000000000063
peso_D2_energia_-10%,pesos,2001,74.55,Favorable,57.8,-0.8200000000000074
peso_D2_energia_-10%,pesos,2002,68.41,Favorable,57.8,-0.46000000000000796
peso_D2_energia_-10%,pesos,2003,64.38,Intermedio,57.8,-0.4000000000000057
peso_D2_energia_-10%,pesos,2004,80.58,Favorable,57.8,-0.20000000000000284
peso_D2_energia_-10%,pesos,2005,81.71,Muy favorable,57.8,-0.6000000000000085
peso_D2_energia_-10%,pesos,2006,87.5,Muy favorable,67.6,-0.23000000000000398
peso_D2_energia_-10%,pesos,2007,86.83,Muy favorable,67.6,-0.29999999999999716
peso_D2_energia_-10%,pesos,2008,85.84,Muy favorable,67.6,0.060000000000002274
peso_D2_energia_-10%,pesos,2009,82.96,Muy favorable,67.6,-0.04000000000000625
peso_D2_energia_-10%,pesos,2010,81.43,Muy favorable,67.6,0.05000000000001137
peso_D2_energia_-10%,pesos,2011,81.33,Muy favorable,67.6,-0.060000000000002274
peso_D2_energia_-10%,pesos,2012,81.62,Muy favorable,92.0,-0.03999999999999204
peso_D2_energia_-10%,pesos,2013,80.25,Favorable,95.6,-0.0799999999999983
peso_D2_energia_-10%,pesos,2014,75.85,Favorable,95.6,-0.18000000000000682
peso_D2_energia_-10%,pesos,2015,71.52,Favorable,95.6,-0.27000000000001023
peso_D2_energia_-10%,pesos,2016,57.65,Intermedio,95.6,-0.37000000000000455
peso_D2_energia_-10%,pesos,2017,50.87,Desfavorable,92.0,-0.2700000000000031
peso_D2_energia_-10%,pesos,2018,43.08,Desfavorable,95.6,0.05999999999999517
peso_D2_energia_-10%,pesos,2019,32.63,Desfavorable,95.6,0.4200000000000017
peso_D2_energia_-10%,pesos,2020,21.05,Muy desfavorable,95.6,0.5
peso_D2_energia_-10%,pesos,2021,30.34,Muy desfavorable,95.6,0.6499999999999986
peso_D2_energia_-10%,pesos,2022,36.59,Desfavorable,95.6,0.6700000000000017
peso_D2_energia_-10%,pesos,2023,32.52,Desfavorable,95.6,0.5200000000000031
peso_D2_energia_-10%,pesos,2024,32.78,Desfavorable,93.0,0.4399999999999977
peso_D2_energia_-10%,pesos,2025,26.12,Muy desfavorable,83.1,0.19000000000000128
peso_D2_energia_-10%,pesos,2026,43.63,Desfavorable,40.3,0.9500000000000028
peso_D2_energia_-5%,pesos,2000,72.79,Favorable,58.0,-0.519999999999996
peso_D2_energia_-5%,pesos,2001,74.96,Favorable,58.0,-0.4100000000000108
peso_D2_energia_-5%,pesos,2002,68.64,Favorable,58.0,-0.23000000000000398
peso_D2_energia_-5%,pesos,2003,64.58,Intermedio,58.0,-0.20000000000000284
peso_D2_energia_-5%,pesos,2004,80.68,Favorable,58.0,-0.09999999999999432
peso_D2_energia_-5%,pesos,2005,82.01,Muy favorable,58.0,-0.29999999999999716
peso_D2_energia_-5%,pesos,2006,87.61,Muy favorable,67.7,-0.12000000000000455
peso_D2_energia_-5%,pesos,2007,86.98,Muy favorable,67.7,-0.14999999999999147
peso_D2_energia_-5%,pesos,2008,85.81,Muy favorable,67.7,0.030000000000001137
peso_D2_energia_-5%,pesos,2009,82.98,Muy favorable,67.7,-0.01999999999999602
peso_D2_energia_-5%,pesos,2010,81.41,Muy favorable,67.7,0.030000000000001137
peso_D2_energia_-5%,pesos,2011,81.36,Muy favorable,67.7,-0.030000000000001137
peso_D2_energia_-5%,pesos,2012,81.64,Muy favorable,91.8,-0.01999999999999602
peso_D2_energia_-5%,pesos,2013,80.29,Favorable,95.4,-0.03999999999999204
peso_D2_energia_-5%,pesos,2014,75.94,Favorable,95.4,-0.09000000000000341
peso_D2_energia_-5%,pesos,2015,71.65,Favorable,95.4,-0.14000000000000057
peso_D2_energia_-5%,pesos,2016,57.83,Intermedio,95.4,-0.19000000000000483
peso_D2_energia_-5%,pesos,2017,51.01,Intermedio,91.8,-0.13000000000000256
peso_D2_energia_-5%,pesos,2018,43.05,Desfavorable,95.4,0.02999999999999403
peso_D2_energia_-5%,pesos,2019,32.42,Desfavorable,95.4,0.21000000000000085
peso_D2_energia_-5%,pesos,2020,20.8,Muy desfavorable,95.4,0.25
peso_D2_energia_-5%,pesos,2021,30.02,Muy desfavorable,95.4,0.3299999999999983
peso_D2_energia_-5%,pesos,2022,36.26,Desfavorable,95.4,0.3399999999999963
peso_D2_energia_-5%,pesos,2023,32.26,Desfavorable,95.4,0.259999999999998
peso_D2_energia_-5%,pesos,2024,32.56,Desfavorable,92.8,0.21999999999999886
peso_D2_energia_-5%,pesos,2025,26.03,Muy desfavorable,83.0,0.10000000000000142
peso_D2_energia_-5%,pesos,2026,43.15,Desfavorable,40.7,0.46999999999999886
peso_D2_energia_+5%,pesos,2000,73.82,Favorable,58.4,0.5099999999999909
peso_D2_energia_+5%,pesos,2001,75.77,Favorable,58.4,0.3999999999999915
peso_D2_energia_+5%,pesos,2002,69.09,Favorable,58.4,0.21999999999999886
peso_D2_energia_+5%,pesos,2003,64.97,Intermedio,58.4,0.18999999999999773
peso_D2_energia_+5%,pesos,2004,80.88,Favorable,58.4,0.09999999999999432
peso_D2_energia_+5%,pesos,2005,82.6,Muy favorable,58.4,0.28999999999999204
peso_D2_energia_+5%,pesos,2006,87.85,Muy favorable,67.9,0.11999999999999034
peso_D2_energia_+5%,pesos,2007,87.27,Muy favorable,67.9,0.14000000000000057
peso_D2_energia_+5%,pesos,2008,85.75,Muy favorable,67.9,-0.030000000000001137
peso_D2_energia_+5%,pesos,2009,83.01,Muy favorable,67.9,0.010000000000005116
peso_D2_energia_+5%,pesos,2010,81.35,Muy favorable,67.9,-0.030000000000001137
peso_D2_energia_+5%,pesos,2011,81.42,Muy favorable,67.9,0.030000000000001137
peso_D2_energia_+5%,pesos,2012,81.68,Muy favorable,91.4,0.020000000000010232
peso_D2_energia_+5%,pesos,2013,80.36,Favorable,94.9,0.030000000000001137
peso_D2_energia_+5%,pesos,2014,76.12,Favorable,94.9,0.09000000000000341
peso_D2_energia_+5%,pesos,2015,71.92,Favorable,94.9,0.12999999999999545
peso_D2_energia_+5%,pesos,2016,58.2,Intermedio,94.9,0.17999999999999972
peso_D2_energia_+5%,pesos,2017,51.27,Intermedio,91.4,0.13000000000000256
peso_D2_energia_+5%,pesos,2018,42.98,Desfavorable,94.9,-0.04000000000000625
peso_D2_energia_+5%,pesos,2019,32.0,Desfavorable,94.9,-0.21000000000000085
peso_D2_energia_+5%,pesos,2020,20.3,Muy desfavorable,94.9,-0.25
peso_D2_energia_+5%,pesos,2021,29.37,Muy desfavorable,94.9,-0.3200000000000003
peso_D2_energia_+5%,pesos,2022,35.59,Desfavorable,94.9,-0.3299999999999983
peso_D2_energia_+5%,pesos,2023,31.73,Desfavorable,94.9,-0.2699999999999996
peso_D2_energia_+5%,pesos,2024,32.12,Desfavorable,92.4,-0.22000000000000597
peso_D2_energia_+5%,pesos,2025,25.84,Muy desfavorable,82.8,-0.08999999999999986
peso_D2_energia_+5%,pesos,2026,42.22,Desfavorable,41.5,-0.46000000000000085
peso_D2_energia_+10%,pesos,2000,74.32,Favorable,58.6,1.009999999999991
peso_D2_energia_+10%,pesos,2001,76.16,Favorable,58.6,0.789999999999992
peso_D2_energia_+10%,pesos,2002,69.31,Favorable,58.6,0.4399999999999977
peso_D2_energia_+10%,pesos,2003,65.17,Intermedio,58.6,0.39000000000000057
peso_D2_energia_+10%,pesos,2004,80.98,Favorable,58.6,0.20000000000000284
peso_D2_energia_+10%,pesos,2005,82.89,Muy favorable,58.6,0.5799999999999983
peso_D2_energia_+10%,pesos,2006,87.96,Muy favorable,68.0,0.22999999999998977
peso_D2_energia_+10%,pesos,2007,87.42,Muy favorable,68.0,0.29000000000000625
peso_D2_energia_+10%,pesos,2008,85.72,Muy favorable,68.0,-0.060000000000002274
peso_D2_energia_+10%,pesos,2009,83.03,Muy favorable,68.0,0.030000000000001137
peso_D2_energia_+10%,pesos,2010,81.32,Muy favorable,68.0,-0.060000000000002274
peso_D2_energia_+10%,pesos,2011,81.45,Muy favorable,68.0,0.060000000000002274
peso_D2_energia_+10%,pesos,2012,81.71,Muy favorable,91.2,0.04999999999999716
peso_D2_energia_+10%,pesos,2013,80.4,Favorable,94.6,0.07000000000000739
peso_D2_energia_+10%,pesos,2014,76.21,Favorable,94.6,0.1799999999999926
peso_D2_energia_+10%,pesos,2015,72.06,Favorable,94.6,0.269999999999996
peso_D2_energia_+10%,pesos,2016,58.38,Intermedio,94.6,0.35999999999999943
peso_D2_energia_+10%,pesos,2017,51.41,Intermedio,91.2,0.269999999999996
peso_D2_energia_+10%,pesos,2018,42.95,Desfavorable,94.6,-0.07000000000000028
peso_D2_energia_+10%,pesos,2019,31.78,Desfavorable,94.6,-0.4299999999999997
peso_D2_energia_+10%,pesos,2020,20.05,Muy desfavorable,94.6,-0.5
peso_D2_energia_+10%,pesos,2021,29.04,Muy desfavorable,94.6,-0.6500000000000021
peso_D2_energia_+10%,pesos,2022,35.25,Desfavorable,94.6,-0.6700000000000017
peso_D2_energia_+10%,pesos,2023,31.47,Desfavorable,94.6,-0.5300000000000011
peso_D2_energia_+10%,pesos,2024,31.9,Desfavorable,92.2,-0.44000000000000483
peso_D2_energia_+10%,pesos,2025,25.74,Muy desfavorable,82.7,-0.19000000000000128
peso_D2_energia_+10%,pesos,2026,41.77,Desfavorable,41.9,-0.9099999999999966
peso_D2_energia_+20%,pesos,2000,75.31,Favorable,59.0,2.0
peso_D2_energia_+20%,pesos,2001,76.94,Favorable,59.0,1.5699999999999932
peso_D2_energia_+20%,pesos,2002,69.75,Favorable,59.0,0.8799999999999955
peso_D2_energia_+20%,pesos,2003,65.55,Intermedio,59.0,0.769999999999996
peso_D2_energia_+20%,pesos,2004,81.18,Muy favorable,59.0,0.4000000000000057
peso_D2_energia_+20%,pesos,2005,83.46,Muy favorable,59.0,1.1499999999999915
peso_D2_energia_+20%,pesos,2006,88.19,Muy favorable,68.1,0.45999999999999375
peso_D2_energia_+20%,pesos,2007,87.71,Muy favorable,68.1,0.5799999999999983
peso_D2_energia_+20%,pesos,2008,85.66,Muy favorable,68.1,-0.12000000000000455
peso_D2_energia_+20%,pesos,2009,83.07,Muy favorable,68.1,0.06999999999999318
peso_D2_energia_+20%,pesos,2010,81.27,Muy favorable,68.1,-0.10999999999999943
peso_D2_energia_+20%,pesos,2011,81.51,Muy favorable,68.1,0.12000000000000455
peso_D2_energia_+20%,pesos,2012,81.75,Muy favorable,90.8,0.09000000000000341
peso_D2_energia_+20%,pesos,2013,80.47,Favorable,94.1,0.14000000000000057
peso_D2_energia_+20%,pesos,2014,76.39,Favorable,94.1,0.35999999999999943
peso_D2_energia_+20%,pesos,2015,72.33,Favorable,94.1,0.539999999999992
peso_D2_energia_+20%,pesos,2016,58.74,Intermedio,94.1,0.7199999999999989
peso_D2_energia_+20%,pesos,2017,51.67,Intermedio,90.8,0.5300000000000011
peso_D2_energia_+20%,pesos,2018,42.89,Desfavorable,94.1,-0.13000000000000256
peso_D2_energia_+20%,pesos,2019,31.36,Desfavorable,94.1,-0.8500000000000014
peso_D2_energia_+20%,pesos,2020,19.55,Muy desfavorable,94.1,-1.0
peso_D2_energia_+20%,pesos,2021,28.39,Muy desfavorable,94.1,-1.3000000000000007
peso_D2_energia_+20%,pesos,2022,34.58,Desfavorable,94.1,-1.3400000000000034
peso_D2_energia_+20%,pesos,2023,30.94,Muy desfavorable,94.1,-1.0599999999999987
peso_D2_energia_+20%,pesos,2024,31.47,Desfavorable,91.7,-0.8700000000000045
peso_D2_energia_+20%,pesos,2025,25.56,Muy desfavorable,82.5,-0.370000000000001
peso_D2_energia_+20%,pesos,2026,40.9,Desfavorable,42.8,-1.7800000000000011
peso_D3_institucional_-20%,pesos,2000,73.31,Favorable,61.0,0.0
peso_D3_institucional_-20%,pesos,2001,75.37,Favorable,61.0,0.0
peso_D3_institucional_-20%,pesos,2002,68.87,Favorable,61.0,0.0
peso_D3_institucional_-20%,pesos,2003,64.78,Intermedio,61.0,0.0
peso_D3_institucional_-20%,pesos,2004,80.78,Favorable,61.0,0.0
peso_D3_institucional_-20%,pesos,2005,82.31,Muy favorable,61.0,0.0
peso_D3_institucional_-20%,pesos,2006,87.73,Muy favorable,71.1,0.0
peso_D3_institucional_-20%,pesos,2007,87.13,Muy favorable,71.1,0.0
peso_D3_institucional_-20%,pesos,2008,85.78,Muy favorable,71.1,0.0
peso_D3_institucional_-20%,pesos,2009,83.0,Muy favorable,71.1,0.0
peso_D3_institucional_-20%,pesos,2010,81.38,Muy favorable,71.1,0.0
peso_D3_institucional_-20%,pesos,2011,81.39,Muy favorable,71.1,0.0
peso_D3_institucional_-20%,pesos,2012,81.98,Muy favorable,92.1,0.3200000000000074
peso_D3_institucional_-20%,pesos,2013,80.21,Favorable,94.9,-0.12000000000000455
peso_D3_institucional_-20%,pesos,2014,76.53,Favorable,94.9,0.5
peso_D3_institucional_-20%,pesos,2015,72.35,Favorable,94.9,0.5599999999999881
peso_D3_institucional_-20%,pesos,2016,58.52,Intermedio,94.9,0.5
peso_D3_institucional_-20%,pesos,2017,51.38,Intermedio,92.1,0.240000000000002
peso_D3_institucional_-20%,pesos,2018,43.4,Desfavorable,94.9,0.37999999999999545
peso_D3_institucional_-20%,pesos,2019,32.72,Desfavorable,94.9,0.509999999999998
peso_D3_institucional_-20%,pesos,2020,20.85,Muy desfavorable,94.9,0.3000000000000007
peso_D3_institucional_-20%,pesos,2021,30.45,Muy desfavorable,94.9,0.759999999999998
peso_D3_institucional_-20%,pesos,2022,36.8,Desfavorable,94.9,0.8799999999999955
peso_D3_institucional_-20%,pesos,2023,32.75,Desfavorable,94.9,0.75
peso_D3_institucional_-20%,pesos,2024,33.67,Desfavorable,92.2,1.3299999999999983
peso_D3_institucional_-20%,pesos,2025,27.24,Muy desfavorable,82.9,1.3099999999999987
peso_D3_institucional_-20%,pesos,2026,42.68,Desfavorable,43.1,0.0
peso_D3_institucional_-10%,pesos,2000,73.31,Favorable,59.6,0.0
peso_D3_institucional_-10%,pesos,2001,75.37,Favorable,59.6,0.0
peso_D3_institucional_-10%,pesos,2002,68.87,Favorable,59.6,0.0
peso_D3_institucional_-10%,pesos,2003,64.78,Intermedio,59.6,0.0
peso_D3_institucional_-10%,pesos,2004,80.78,Favorable,59.6,0.0
peso_D3_institucional_-10%,pesos,2005,82.31,Muy favorable,59.6,0.0
peso_D3_institucional_-10%,pesos,2006,87.73,Muy favorable,69.4,0.0
peso_D3_institucional_-10%,pesos,2007,87.13,Muy favorable,69.4,0.0
peso_D3_institucional_-10%,pesos,2008,85.78,Muy favorable,69.4,0.0
peso_D3_institucional_-10%,pesos,2009,83.0,Muy favorable,69.4,0.0
peso_D3_institucional_-10%,pesos,2010,81.38,Muy favorable,69.4,0.0
peso_D3_institucional_-10%,pesos,2011,81.39,Muy favorable,69.4,0.0
peso_D3_institucional_-10%,pesos,2012,81.82,Muy favorable,91.8,0.1599999999999966
peso_D3_institucional_-10%,pesos,2013,80.27,Favorable,95.0,-0.060000000000002274
peso_D3_institucional_-10%,pesos,2014,76.28,Favorable,95.0,0.25
peso_D3_institucional_-10%,pesos,2015,72.07,Favorable,95.0,0.2799999999999869
peso_D3_institucional_-10%,pesos,2016,58.27,Intermedio,95.0,0.25
peso_D3_institucional_-10%,pesos,2017,51.26,Intermedio,91.8,0.11999999999999744
peso_D3_institucional_-10%,pesos,2018,43.21,Desfavorable,95.0,0.18999999999999773
peso_D3_institucional_-10%,pesos,2019,32.46,Desfavorable,95.0,0.25
peso_D3_institucional_-10%,pesos,2020,20.7,Muy desfavorable,95.0,0.14999999999999858
peso_D3_institucional_-10%,pesos,2021,30.07,Muy desfavorable,95.0,0.379999999999999
peso_D3_institucional_-10%,pesos,2022,36.36,Desfavorable,95.0,0.4399999999999977
peso_D3_institucional_-10%,pesos,2023,32.38,Desfavorable,95.0,0.38000000000000256
peso_D3_institucional_-10%,pesos,2024,33.01,Desfavorable,92.4,0.6699999999999946
peso_D3_institucional_-10%,pesos,2025,26.59,Muy desfavorable,82.9,0.6600000000000001
peso_D3_institucional_-10%,pesos,2026,42.68,Desfavorable,42.1,0.0
peso_D3_institucional_-5%,pesos,2000,73.31,Favorable,58.9,0.0
peso_D3_institucional_-5%,pesos,2001,75.37,Favorable,58.9,0.0
peso_D3_institucional_-5%,pesos,2002,68.87,Favorable,58.9,0.0
peso_D3_institucional_-5%,pesos,2003,64.78,Intermedio,58.9,0.0
peso_D3_institucional_-5%,pesos,2004,80.78,Favorable,58.9,0.0
peso_D3_institucional_-5%,pesos,2005,82.31,Muy favorable,58.9,0.0
peso_D3_institucional_-5%,pesos,2006,87.73,Muy favorable,68.6,0.0
peso_D3_institucional_-5%,pesos,2007,87.13,Muy favorable,68.6,0.0
peso_D3_institucional_-5%,pesos,2008,85.78,Muy favorable,68.6,0.0
peso_D3_institucional_-5%,pesos,2009,83.0,Muy favorable,68.6,0.0
peso_D3_institucional_-5%,pesos,2010,81.38,Muy favorable,68.6,0.0
peso_D3_institucional_-5%,pesos,2011,81.39,Muy favorable,68.6,0.0
peso_D3_institucional_-5%,pesos,2012,81.74,Muy favorable,91.7,0.0799999999999983
peso_D3_institucional_-5%,pesos,2013,80.3,Favorable,95.1,-0.030000000000001137
peso_D3_institucional_-5%,pesos,2014,76.16,Favorable,95.1,0.12999999999999545
peso_D3_institucional_-5%,pesos,2015,71.93,Favorable,95.1,0.14000000000000057
peso_D3_institucional_-5%,pesos,2016,58.14,Intermedio,95.1,0.11999999999999744
peso_D3_institucional_-5%,pesos,2017,51.2,Intermedio,91.7,0.060000000000002274
peso_D3_institucional_-5%,pesos,2018,43.11,Desfavorable,95.1,0.0899999999999963
peso_D3_institucional_-5%,pesos,2019,32.33,Desfavorable,95.1,0.11999999999999744
peso_D3_institucional_-5%,pesos,2020,20.62,Muy desfavorable,95.1,0.07000000000000028
peso_D3_institucional_-5%,pesos,2021,29.88,Muy desfavorable,95.1,0.18999999999999773
peso_D3_institucional_-5%,pesos,2022,36.14,Desfavorable,95.1,0.21999999999999886
peso_D3_institucional_-5%,pesos,2023,32.19,Desfavorable,95.1,0.18999999999999773
peso_D3_institucional_-5%,pesos,2024,32.68,Desfavorable,92.5,0.3399999999999963
peso_D3_institucional_-5%,pesos,2025,26.26,Muy desfavorable,82.9,0.33000000000000185
peso_D3_institucional_-5%,pesos,2026,42.68,Desfavorable,41.6,0.0
peso_D3_institucional_+5%,pesos,2000,73.31,Favorable,57.5,0.0
peso_D3_institucional_+5%,pesos,2001,75.37,Favorable,57.5,0.0
peso_D3_institucional_+5%,pesos,2002,68.87,Favorable,57.5,0.0
peso_D3_institucional_+5%,pesos,2003,64.78,Intermedio,57.5,0.0
peso_D3_institucional_+5%,pesos,2004,80.78,Favorable,57.5,0.0
peso_D3_institucional_+5%,pesos,2005,82.31,Muy favorable,57.5,0.0
peso_D3_institucional_+5%,pesos,2006,87.73,Muy favorable,67.0,0.0
peso_D3_institucional_+5%,pesos,2007,87.13,Muy favorable,67.0,0.0
peso_D3_institucional_+5%,pesos,2008,85.78,Muy favorable,67.0,0.0
peso_D3_institucional_+5%,pesos,2009,83.0,Muy favorable,67.0,0.0
peso_D3_institucional_+5%,pesos,2010,81.38,Muy favorable,67.0,0.0
peso_D3_institucional_+5%,pesos,2011,81.39,Muy favorable,67.0,0.0
peso_D3_institucional_+5%,pesos,2012,81.59,Muy favorable,91.5,-0.06999999999999318
peso_D3_institucional_+5%,pesos,2013,80.35,Favorable,95.2,0.01999999999999602
peso_D3_institucional_+5%,pesos,2014,75.91,Favorable,95.2,-0.12000000000000455
peso_D3_institucional_+5%,pesos,2015,71.65,Favorable,95.2,-0.14000000000000057
peso_D3_institucional_+5%,pesos,2016,57.89,Intermedio,95.2,-0.13000000000000256
peso_D3_institucional_+5%,pesos,2017,51.08,Intermedio,91.5,-0.060000000000002274
peso_D3_institucional_+5%,pesos,2018,42.92,Desfavorable,95.2,-0.10000000000000142
peso_D3_institucional_+5%,pesos,2019,32.08,Desfavorable,95.2,-0.13000000000000256
peso_D3_institucional_+5%,pesos,2020,20.48,Muy desfavorable,95.2,-0.07000000000000028
peso_D3_institucional_+5%,pesos,2021,29.5,Muy desfavorable,95.2,-0.19000000000000128
peso_D3_institucional_+5%,pesos,2022,35.7,Desfavorable,95.2,-0.21999999999999886
peso_D3_institucional_+5%,pesos,2023,31.81,Desfavorable,95.2,-0.19000000000000128
peso_D3_institucional_+5%,pesos,2024,32.01,Desfavorable,92.7,-0.3300000000000054
peso_D3_institucional_+5%,pesos,2025,25.61,Muy desfavorable,82.9,-0.3200000000000003
peso_D3_institucional_+5%,pesos,2026,42.68,Desfavorable,40.6,0.0
peso_D3_institucional_+10%,pesos,2000,73.31,Favorable,56.8,0.0
peso_D3_institucional_+10%,pesos,2001,75.37,Favorable,56.8,0.0
peso_D3_institucional_+10%,pesos,2002,68.87,Favorable,56.8,0.0
peso_D3_institucional_+10%,pesos,2003,64.78,Intermedio,56.8,0.0
peso_D3_institucional_+10%,pesos,2004,80.78,Favorable,56.8,0.0
peso_D3_institucional_+10%,pesos,2005,82.31,Muy favorable,56.8,0.0
peso_D3_institucional_+10%,pesos,2006,87.73,Muy favorable,66.2,0.0
peso_D3_institucional_+10%,pesos,2007,87.13,Muy favorable,66.2,0.0
peso_D3_institucional_+10%,pesos,2008,85.78,Muy favorable,66.2,0.0
peso_D3_institucional_+10%,pesos,2009,83.0,Muy favorable,66.2,0.0
peso_D3_institucional_+10%,pesos,2010,81.38,Muy favorable,66.2,0.0
peso_D3_institucional_+10%,pesos,2011,81.39,Muy favorable,66.2,0.0
peso_D3_institucional_+10%,pesos,2012,81.51,Muy favorable,91.4,-0.14999999999999147
peso_D3_institucional_+10%,pesos,2013,80.38,Favorable,95.2,0.04999999999999716
peso_D3_institucional_+10%,pesos,2014,75.78,Favorable,95.2,-0.25
peso_D3_institucional_+10%,pesos,2015,71.51,Favorable,95.2,-0.28000000000000114
peso_D3_institucional_+10%,pesos,2016,57.76,Intermedio,95.2,-0.2600000000000051
peso_D3_institucional_+10%,pesos,2017,51.02,Intermedio,91.4,-0.11999999999999744
peso_D3_institucional_+10%,pesos,2018,42.82,Desfavorable,95.2,-0.20000000000000284
peso_D3_institucional_+10%,pesos,2019,31.95,Desfavorable,95.2,-0.26000000000000156
peso_D3_institucional_+10%,pesos,2020,20.4,Muy desfavorable,95.2,-0.15000000000000213
peso_D3_institucional_+10%,pesos,2021,29.31,Muy desfavorable,95.2,-0.38000000000000256
peso_D3_institucional_+10%,pesos,2022,35.48,Desfavorable,95.2,-0.44000000000000483
peso_D3_institucional_+10%,pesos,2023,31.62,Desfavorable,95.2,-0.379999999999999
peso_D3_institucional_+10%,pesos,2024,31.68,Desfavorable,92.8,-0.6600000000000037
peso_D3_institucional_+10%,pesos,2025,25.28,Muy desfavorable,83.0,-0.6499999999999986
peso_D3_institucional_+10%,pesos,2026,42.68,Desfavorable,40.1,0.0
peso_D3_institucional_+20%,pesos,2000,73.31,Favorable,55.3,0.0
peso_D3_institucional_+20%,pesos,2001,75.37,Favorable,55.3,0.0
peso_D3_institucional_+20%,pesos,2002,68.87,Favorable,55.3,0.0
peso_D3_institucional_+20%,pesos,2003,64.78,Intermedio,55.3,0.0
peso_D3_institucional_+20%,pesos,2004,80.78,Favorable,55.3,0.0
peso_D3_institucional_+20%,pesos,2005,82.31,Muy favorable,55.3,0.0
peso_D3_institucional_+20%,pesos,2006,87.73,Muy favorable,64.5,0.0
peso_D3_institucional_+20%,pesos,2007,87.13,Muy favorable,64.5,0.0
peso_D3_institucional_+20%,pesos,2008,85.78,Muy favorable,64.5,0.0
peso_D3_institucional_+20%,pesos,2009,83.0,Muy favorable,64.5,0.0
peso_D3_institucional_+20%,pesos,2010,81.38,Muy favorable,64.5,0.0
peso_D3_institucional_+20%,pesos,2011,81.39,Muy favorable,64.5,0.0
peso_D3_institucional_+20%,pesos,2012,81.35,Muy favorable,91.1,-0.3100000000000023
peso_D3_institucional_+20%,pesos,2013,80.44,Favorable,95.4,0.10999999999999943
peso_D3_institucional_+20%,pesos,2014,75.53,Favorable,95.4,-0.5
peso_D3_institucional_+20%,pesos,2015,71.23,Favorable,95.4,-0.5600000000000023
peso_D3_institucional_+20%,pesos,2016,57.51,Intermedio,95.4,-0.5100000000000051
peso_D3_institucional_+20%,pesos,2017,50.9,Desfavorable,91.1,-0.240000000000002
peso_D3_institucional_+20%,pesos,2018,42.63,Desfavorable,95.4,-0.39000000000000057
peso_D3_institucional_+20%,pesos,2019,31.69,Desfavorable,95.4,-0.5199999999999996
peso_D3_institucional_+20%,pesos,2020,20.25,Muy desfavorable,95.4,-0.3000000000000007
peso_D3_institucional_+20%,pesos,2021,28.94,Muy desfavorable,95.4,-0.75
peso_D3_institucional_+20%,pesos,2022,35.04,Desfavorable,95.4,-0.8800000000000026
peso_D3_institucional_+20%,pesos,2023,31.24,Desfavorable,95.4,-0.7600000000000016
peso_D3_institucional_+20%,pesos,2024,31.02,Desfavorable,92.9,-1.3200000000000038
peso_D3_institucional_+20%,pesos,2025,24.64,Muy desfavorable,83.0,-1.2899999999999991
peso_D3_institucional_+20%,pesos,2026,42.68,Desfavorable,39.1,0.0
peso_D4_comercial_-20%,pesos,2000,73.31,Favorable,60.6,0.0
peso_D4_comercial_-20%,pesos,2001,75.37,Favorable,60.6,0.0
peso_D4_comercial_-20%,pesos,2002,68.87,Favorable,60.6,0.0
peso_D4_comercial_-20%,pesos,2003,64.78,Intermedio,60.6,0.0
peso_D4_comercial_-20%,pesos,2004,80.78,Favorable,60.6,0.0
peso_D4_comercial_-20%,pesos,2005,82.31,Muy favorable,60.6,0.0
peso_D4_comercial_-20%,pesos,2006,87.15,Muy favorable,68.3,-0.5799999999999983
peso_D4_comercial_-20%,pesos,2007,86.46,Muy favorable,68.3,-0.6700000000000017
peso_D4_comercial_-20%,pesos,2008,85.06,Muy favorable,68.3,-0.7199999999999989
peso_D4_comercial_-20%,pesos,2009,82.35,Muy favorable,68.3,-0.6500000000000057
peso_D4_comercial_-20%,pesos,2010,80.89,Favorable,68.3,-0.4899999999999949
peso_D4_comercial_-20%,pesos,2011,81.26,Muy favorable,68.3,-0.12999999999999545
peso_D4_comercial_-20%,pesos,2012,82.11,Muy favorable,91.3,0.45000000000000284
peso_D4_comercial_-20%,pesos,2013,80.68,Favorable,94.9,0.3500000000000085
peso_D4_comercial_-20%,pesos,2014,75.57,Favorable,94.9,-0.46000000000000796
peso_D4_comercial_-20%,pesos,2015,71.47,Favorable,94.9,-0.3200000000000074
peso_D4_comercial_-20%,pesos,2016,57.77,Intermedio,94.9,-0.25
peso_D4_comercial_-20%,pesos,2017,50.71,Desfavorable,91.3,-0.4299999999999997
peso_D4_comercial_-20%,pesos,2018,41.99,Desfavorable,94.9,-1.0300000000000011
peso_D4_comercial_-20%,pesos,2019,30.81,Muy desfavorable,94.9,-1.4000000000000021
peso_D4_comercial_-20%,pesos,2020,20.7,Muy desfavorable,94.9,0.14999999999999858
peso_D4_comercial_-20%,pesos,2021,30.33,Muy desfavorable,94.9,0.639999999999997
peso_D4_comercial_-20%,pesos,2022,36.97,Desfavorable,94.9,1.0499999999999972
peso_D4_comercial_-20%,pesos,2023,32.88,Desfavorable,94.9,0.8800000000000026
peso_D4_comercial_-20%,pesos,2024,33.39,Desfavorable,92.3,1.0499999999999972
peso_D4_comercial_-20%,pesos,2025,26.8,Muy desfavorable,82.2,0.870000000000001
peso_D4_comercial_-20%,pesos,2026,42.68,Desfavorable,42.9,0.0
peso_D4_comercial_-10%,pesos,2000,73.31,Favorable,59.4,0.0
peso_D4_comercial_-10%,pesos,2001,75.37,Favorable,59.4,0.0
peso_D4_comercial_-10%,pesos,2002,68.87,Favorable,59.4,0.0
peso_D4_comercial_-10%,pesos,2003,64.78,Intermedio,59.4,0.0
peso_D4_comercial_-10%,pesos,2004,80.78,Favorable,59.4,0.0
peso_D4_comercial_-10%,pesos,2005,82.31,Muy favorable,59.4,0.0
peso_D4_comercial_-10%,pesos,2006,87.44,Muy favorable,68.1,-0.29000000000000625
peso_D4_comercial_-10%,pesos,2007,86.79,Muy favorable,68.1,-0.3399999999999892
peso_D4_comercial_-10%,pesos,2008,85.42,Muy favorable,68.1,-0.35999999999999943
peso_D4_comercial_-10%,pesos,2009,82.67,Muy favorable,68.1,-0.3299999999999983
peso_D4_comercial_-10%,pesos,2010,81.14,Muy favorable,68.1,-0.23999999999999488
peso_D4_comercial_-10%,pesos,2011,81.32,Muy favorable,68.1,-0.07000000000000739
peso_D4_comercial_-10%,pesos,2012,81.89,Muy favorable,91.4,0.23000000000000398
peso_D4_comercial_-10%,pesos,2013,80.5,Favorable,95.0,0.1700000000000017
peso_D4_comercial_-10%,pesos,2014,75.8,Favorable,95.0,-0.23000000000000398
peso_D4_comercial_-10%,pesos,2015,71.63,Favorable,95.0,-0.1600000000000108
peso_D4_comercial_-10%,pesos,2016,57.89,Intermedio,95.0,-0.13000000000000256
peso_D4_comercial_-10%,pesos,2017,50.93,Desfavorable,91.4,-0.21000000000000085
peso_D4_comercial_-10%,pesos,2018,42.5,Desfavorable,95.0,-0.5200000000000031
peso_D4_comercial_-10%,pesos,2019,31.51,Desfavorable,95.0,-0.6999999999999993
peso_D4_comercial_-10%,pesos,2020,20.62,Muy desfavorable,95.0,0.07000000000000028
peso_D4_comercial_-10%,pesos,2021,30.01,Muy desfavorable,95.0,0.3200000000000003
peso_D4_comercial_-10%,pesos,2022,36.45,Desfavorable,95.0,0.5300000000000011
peso_D4_comercial_-10%,pesos,2023,32.44,Desfavorable,95.0,0.4399999999999977
peso_D4_comercial_-10%,pesos,2024,32.87,Desfavorable,92.4,0.529999999999994
peso_D4_comercial_-10%,pesos,2025,26.36,Muy desfavorable,82.6,0.4299999999999997
peso_D4_comercial_-10%,pesos,2026,42.68,Desfavorable,42.0,0.0
peso_D4_comercial_-5%,pesos,2000,73.31,Favorable,58.8,0.0
peso_D4_comercial_-5%,pesos,2001,75.37,Favorable,58.8,0.0
peso_D4_comercial_-5%,pesos,2002,68.87,Favorable,58.8,0.0
peso_D4_comercial_-5%,pesos,2003,64.78,Intermedio,58.8,0.0
peso_D4_comercial_-5%,pesos,2004,80.78,Favorable,58.8,0.0
peso_D4_comercial_-5%,pesos,2005,82.31,Muy favorable,58.8,0.0
peso_D4_comercial_-5%,pesos,2006,87.59,Muy favorable,67.9,-0.14000000000000057
peso_D4_comercial_-5%,pesos,2007,86.96,Muy favorable,67.9,-0.1700000000000017
peso_D4_comercial_-5%,pesos,2008,85.6,Muy favorable,67.9,-0.18000000000000682
peso_D4_comercial_-5%,pesos,2009,82.83,Muy favorable,67.9,-0.1700000000000017
peso_D4_comercial_-5%,pesos,2010,81.26,Muy favorable,67.9,-0.11999999999999034
peso_D4_comercial_-5%,pesos,2011,81.36,Muy favorable,67.9,-0.030000000000001137
peso_D4_comercial_-5%,pesos,2012,81.77,Muy favorable,91.5,0.10999999999999943
peso_D4_comercial_-5%,pesos,2013,80.41,Favorable,95.1,0.0799999999999983
peso_D4_comercial_-5%,pesos,2014,75.92,Favorable,95.1,-0.10999999999999943
peso_D4_comercial_-5%,pesos,2015,71.71,Favorable,95.1,-0.0800000000000125
peso_D4_comercial_-5%,pesos,2016,57.95,Intermedio,95.1,-0.07000000000000028
peso_D4_comercial_-5%,pesos,2017,51.03,Intermedio,91.5,-0.10999999999999943
peso_D4_comercial_-5%,pesos,2018,42.76,Desfavorable,95.1,-0.2600000000000051
peso_D4_comercial_-5%,pesos,2019,31.86,Desfavorable,95.1,-0.3500000000000014
peso_D4_comercial_-5%,pesos,2020,20.59,Muy desfavorable,95.1,0.03999999999999915
peso_D4_comercial_-5%,pesos,2021,29.85,Muy desfavorable,95.1,0.16000000000000014
peso_D4_comercial_-5%,pesos,2022,36.18,Desfavorable,95.1,0.259999999999998
peso_D4_comercial_-5%,pesos,2023,32.22,Desfavorable,95.1,0.21999999999999886
peso_D4_comercial_-5%,pesos,2024,32.61,Desfavorable,92.5,0.269999999999996
peso_D4_comercial_-5%,pesos,2025,26.15,Muy desfavorable,82.8,0.21999999999999886
peso_D4_comercial_-5%,pesos,2026,42.68,Desfavorable,41.6,0.0
peso_D4_comercial_+5%,pesos,2000,73.31,Favorable,57.6,0.0
peso_D4_comercial_+5%,pesos,2001,75.37,Favorable,57.6,0.0
peso_D4_comercial_+5%,pesos,2002,68.87,Favorable,57.6,0.0
peso_D4_comercial_+5%,pesos,2003,64.78,Intermedio,57.6,0.0
peso_D4_comercial_+5%,pesos,2004,80.78,Favorable,57.6,0.0
peso_D4_comercial_+5%,pesos,2005,82.31,Muy favorable,57.6,0.0
peso_D4_comercial_+5%,pesos,2006,87.87,Muy favorable,67.7,0.14000000000000057
peso_D4_comercial_+5%,pesos,2007,87.29,Muy favorable,67.7,0.1600000000000108
peso_D4_comercial_+5%,pesos,2008,85.96,Muy favorable,67.7,0.1799999999999926
peso_D4_comercial_+5%,pesos,2009,83.16,Muy favorable,67.7,0.1599999999999966
peso_D4_comercial_+5%,pesos,2010,81.5,Muy favorable,67.7,0.12000000000000455
peso_D4_comercial_+5%,pesos,2011,81.42,Muy favorable,67.7,0.030000000000001137
peso_D4_comercial_+5%,pesos,2012,81.55,Muy favorable,91.7,-0.10999999999999943
peso_D4_comercial_+5%,pesos,2013,80.24,Favorable,95.2,-0.09000000000000341
peso_D4_comercial_+5%,pesos,2014,76.15,Favorable,95.2,0.12000000000000455
peso_D4_comercial_+5%,pesos,2015,71.87,Favorable,95.2,0.0799999999999983
peso_D4_comercial_+5%,pesos,2016,58.08,Intermedio,95.2,0.05999999999999517
peso_D4_comercial_+5%,pesos,2017,51.25,Intermedio,91.7,0.10999999999999943
peso_D4_comercial_+5%,pesos,2018,43.27,Desfavorable,95.2,0.25
peso_D4_comercial_+5%,pesos,2019,32.56,Desfavorable,95.2,0.3500000000000014
peso_D4_comercial_+5%,pesos,2020,20.51,Muy desfavorable,95.2,-0.03999999999999915
peso_D4_comercial_+5%,pesos,2021,29.53,Muy desfavorable,95.2,-0.16000000000000014
peso_D4_comercial_+5%,pesos,2022,35.66,Desfavorable,95.2,-0.2600000000000051
peso_D4_comercial_+5%,pesos,2023,31.78,Desfavorable,95.2,-0.21999999999999886
peso_D4_comercial_+5%,pesos,2024,32.08,Desfavorable,92.7,-0.2600000000000051
peso_D4_comercial_+5%,pesos,2025,25.72,Muy desfavorable,83.1,-0.21000000000000085
peso_D4_comercial_+5%,pesos,2026,42.68,Desfavorable,40.7,0.0
peso_D4_comercial_+10%,pesos,2000,73.31,Favorable,56.9,0.0
peso_D4_comercial_+10%,pesos,2001,75.37,Favorable,56.9,0.0
peso_D4_comercial_+10%,pesos,2002,68.87,Favorable,56.9,0.0
peso_D4_comercial_+10%,pesos,2003,64.78,Intermedio,56.9,0.0
peso_D4_comercial_+10%,pesos,2004,80.78,Favorable,56.9,0.0
peso_D4_comercial_+10%,pesos,2005,82.31,Muy favorable,56.9,0.0
peso_D4_comercial_+10%,pesos,2006,88.01,Muy favorable,67.5,0.28000000000000114
peso_D4_comercial_+10%,pesos,2007,87.46,Muy favorable,67.5,0.3299999999999983
peso_D4_comercial_+10%,pesos,2008,86.14,Muy favorable,67.5,0.35999999999999943
peso_D4_comercial_+10%,pesos,2009,83.32,Muy favorable,67.5,0.3199999999999932
peso_D4_comercial_+10%,pesos,2010,81.62,Muy favorable,67.5,0.2400000000000091
peso_D4_comercial_+10%,pesos,2011,81.45,Muy favorable,67.5,0.060000000000002274
peso_D4_comercial_+10%,pesos,2012,81.44,Muy favorable,91.8,-0.21999999999999886
peso_D4_comercial_+10%,pesos,2013,80.15,Favorable,95.2,-0.1799999999999926
peso_D4_comercial_+10%,pesos,2014,76.26,Favorable,95.2,0.23000000000000398
peso_D4_comercial_+10%,pesos,2015,71.95,Favorable,95.2,0.1599999999999966
peso_D4_comercial_+10%,pesos,2016,58.14,Intermedio,95.2,0.11999999999999744
peso_D4_comercial_+10%,pesos,2017,51.35,Intermedio,91.8,0.21000000000000085
peso_D4_comercial_+10%,pesos,2018,43.53,Desfavorable,95.2,0.509999999999998
peso_D4_comercial_+10%,pesos,2019,32.91,Desfavorable,95.2,0.6999999999999957
peso_D4_comercial_+10%,pesos,2020,20.48,Muy desfavorable,95.2,-0.07000000000000028
peso_D4_comercial_+10%,pesos,2021,29.37,Muy desfavorable,95.2,-0.3200000000000003
peso_D4_comercial_+10%,pesos,2022,35.39,Desfavorable,95.2,-0.5300000000000011
peso_D4_comercial_+10%,pesos,2023,31.56,Desfavorable,95.2,-0.4400000000000013
peso_D4_comercial_+10%,pesos,2024,31.82,Desfavorable,92.7,-0.5200000000000031
peso_D4_comercial_+10%,pesos,2025,25.5,Muy desfavorable,83.3,-0.4299999999999997
peso_D4_comercial_+10%,pesos,2026,42.68,Desfavorable,40.3,0.0
peso_D4_comercial_+20%,pesos,2000,73.31,Favorable,55.7,0.0
peso_D4_comercial_+20%,pesos,2001,75.37,Favorable,55.7,0.0
peso_D4_comercial_+20%,pesos,2002,68.87,Favorable,55.7,0.0
peso_D4_comercial_+20%,pesos,2003,64.78,Intermedio,55.7,0.0
peso_D4_comercial_+20%,pesos,2004,80.78,Favorable,55.7,0.0
peso_D4_comercial_+20%,pesos,2005,82.31,Muy favorable,55.7,0.0
peso_D4_comercial_+20%,pesos,2006,88.3,Muy favorable,67.3,0.5699999999999932
peso_D4_comercial_+20%,pesos,2007,87.79,Muy favorable,67.3,0.6600000000000108
peso_D4_comercial_+20%,pesos,2008,86.49,Muy favorable,67.3,0.7099999999999937
peso_D4_comercial_+20%,pesos,2009,83.63,Muy favorable,67.3,0.6299999999999955
peso_D4_comercial_+20%,pesos,2010,81.86,Muy favorable,67.3,0.480000000000004
peso_D4_comercial_+20%,pesos,2011,81.52,Muy favorable,67.3,0.12999999999999545
peso_D4_comercial_+20%,pesos,2012,81.22,Muy favorable,92.0,-0.4399999999999977
peso_D4_comercial_+20%,pesos,2013,79.97,Favorable,95.3,-0.35999999999999943
peso_D4_comercial_+20%,pesos,2014,76.49,Favorable,95.3,0.45999999999999375
peso_D4_comercial_+20%,pesos,2015,72.11,Favorable,95.3,0.3199999999999932
peso_D4_comercial_+20%,pesos,2016,58.26,Intermedio,95.3,0.23999999999999488
peso_D4_comercial_+20%,pesos,2017,51.57,Intermedio,92.0,0.4299999999999997
peso_D4_comercial_+20%,pesos,2018,44.04,Desfavorable,95.3,1.019999999999996
peso_D4_comercial_+20%,pesos,2019,33.61,Desfavorable,95.3,1.3999999999999986
peso_D4_comercial_+20%,pesos,2020,20.4,Muy desfavorable,95.3,-0.15000000000000213
peso_D4_comercial_+20%,pesos,2021,29.05,Muy desfavorable,95.3,-0.6400000000000006
peso_D4_comercial_+20%,pesos,2022,34.87,Desfavorable,95.3,-1.0500000000000043
peso_D4_comercial_+20%,pesos,2023,31.12,Desfavorable,95.3,-0.879999999999999
peso_D4_comercial_+20%,pesos,2024,31.3,Desfavorable,92.9,-1.0400000000000027
peso_D4_comercial_+20%,pesos,2025,25.08,Muy desfavorable,83.7,-0.8500000000000014
peso_D4_comercial_+20%,pesos,2026,42.68,Desfavorable,39.4,0.0
peso_D5_capital_humano_-20%,pesos,2000,74.37,Favorable,57.3,1.0600000000000023
peso_D5_capital_humano_-20%,pesos,2001,76.4,Favorable,57.3,1.0300000000000011
peso_D5_capital_humano_-20%,pesos,2002,69.14,Favorable,57.3,0.269999999999996
peso_D5_capital_humano_-20%,pesos,2003,65.8,Intermedio,57.3,1.019999999999996
peso_D5_capital_humano_-20%,pesos,2004,81.34,Muy favorable,57.3,0.5600000000000023
peso_D5_capital_humano_-20%,pesos,2005,82.71,Muy favorable,57.3,0.3999999999999915
peso_D5_capital_humano_-20%,pesos,2006,87.99,Muy favorable,67.2,0.2599999999999909
peso_D5_capital_humano_-20%,pesos,2007,87.11,Muy favorable,67.2,-0.01999999999999602
peso_D5_capital_humano_-20%,pesos,2008,85.88,Muy favorable,67.2,0.09999999999999432
peso_D5_capital_humano_-20%,pesos,2009,83.0,Muy favorable,67.2,0.0
peso_D5_capital_humano_-20%,pesos,2010,81.35,Muy favorable,67.2,-0.030000000000001137
peso_D5_capital_humano_-20%,pesos,2011,81.34,Muy favorable,67.2,-0.04999999999999716
peso_D5_capital_humano_-20%,pesos,2012,81.54,Muy favorable,91.4,-0.11999999999999034
peso_D5_capital_humano_-20%,pesos,2013,80.16,Favorable,95.0,-0.1700000000000017
peso_D5_capital_humano_-20%,pesos,2014,75.81,Favorable,95.0,-0.21999999999999886
peso_D5_capital_humano_-20%,pesos,2015,71.51,Favorable,95.0,-0.28000000000000114
peso_D5_capital_humano_-20%,pesos,2016,57.97,Intermedio,95.0,-0.05000000000000426
peso_D5_capital_humano_-20%,pesos,2017,51.13,Intermedio,91.4,-0.00999999999999801
peso_D5_capital_humano_-20%,pesos,2018,42.8,Desfavorable,95.0,-0.22000000000000597
peso_D5_capital_humano_-20%,pesos,2019,31.97,Desfavorable,95.0,-0.240000000000002
peso_D5_capital_humano_-20%,pesos,2020,20.34,Muy desfavorable,95.0,-0.21000000000000085
peso_D5_capital_humano_-20%,pesos,2021,29.75,Muy desfavorable,95.0,0.05999999999999872
peso_D5_capital_humano_-20%,pesos,2022,35.93,Desfavorable,95.0,0.00999999999999801
peso_D5_capital_humano_-20%,pesos,2023,31.94,Desfavorable,95.0,-0.05999999999999872
peso_D5_capital_humano_-20%,pesos,2024,32.13,Desfavorable,93.0,-0.21000000000000085
peso_D5_capital_humano_-20%,pesos,2025,25.93,Muy desfavorable,84.6,0.0
peso_D5_capital_humano_-20%,pesos,2026,42.68,Desfavorable,41.9,0.0
peso_D5_capital_humano_-10%,pesos,2000,73.84,Favorable,57.8,0.5300000000000011
peso_D5_capital_humano_-10%,pesos,2001,75.88,Favorable,57.8,0.5099999999999909
peso_D5_capital_humano_-10%,pesos,2002,69.0,Favorable,57.8,0.12999999999999545
peso_D5_capital_humano_-10%,pesos,2003,65.28,Intermedio,57.8,0.5
peso_D5_capital_humano_-10%,pesos,2004,81.06,Muy favorable,57.8,0.28000000000000114
peso_D5_capital_humano_-10%,pesos,2005,82.51,Muy favorable,57.8,0.20000000000000284
peso_D5_capital_humano_-10%,pesos,2006,87.86,Muy favorable,67.5,0.12999999999999545
peso_D5_capital_humano_-10%,pesos,2007,87.12,Muy favorable,67.5,-0.009999999999990905
peso_D5_capital_humano_-10%,pesos,2008,85.83,Muy favorable,67.5,0.04999999999999716
peso_D5_capital_humano_-10%,pesos,2009,83.0,Muy favorable,67.5,0.0
peso_D5_capital_humano_-10%,pesos,2010,81.36,Muy favorable,67.5,-0.01999999999999602
peso_D5_capital_humano_-10%,pesos,2011,81.37,Muy favorable,67.5,-0.01999999999999602
peso_D5_capital_humano_-10%,pesos,2012,81.6,Muy favorable,91.5,-0.060000000000002274
peso_D5_capital_humano_-10%,pesos,2013,80.25,Favorable,95.1,-0.0799999999999983
peso_D5_capital_humano_-10%,pesos,2014,75.92,Favorable,95.1,-0.10999999999999943
peso_D5_capital_humano_-10%,pesos,2015,71.65,Favorable,95.1,-0.14000000000000057
peso_D5_capital_humano_-10%,pesos,2016,57.99,Intermedio,95.1,-0.030000000000001137
peso_D5_capital_humano_-10%,pesos,2017,51.13,Intermedio,91.5,-0.00999999999999801
peso_D5_capital_humano_-10%,pesos,2018,42.91,Desfavorable,95.1,-0.11000000000000654
peso_D5_capital_humano_-10%,pesos,2019,32.09,Desfavorable,95.1,-0.11999999999999744
peso_D5_capital_humano_-10%,pesos,2020,20.44,Muy desfavorable,95.1,-0.10999999999999943
peso_D5_capital_humano_-10%,pesos,2021,29.72,Muy desfavorable,95.1,0.029999999999997584
peso_D5_capital_humano_-10%,pesos,2022,35.92,Desfavorable,95.1,0.0
peso_D5_capital_humano_-10%,pesos,2023,31.97,Desfavorable,95.1,-0.030000000000001137
peso_D5_capital_humano_-10%,pesos,2024,32.24,Desfavorable,92.8,-0.10000000000000142
peso_D5_capital_humano_-10%,pesos,2025,25.93,Muy desfavorable,83.8,0.0
peso_D5_capital_humano_-10%,pesos,2026,42.68,Desfavorable,41.5,0.0
peso_D5_capital_humano_-5%,pesos,2000,73.57,Favorable,58.0,0.2599999999999909
peso_D5_capital_humano_-5%,pesos,2001,75.62,Favorable,58.0,0.25
peso_D5_capital_humano_-5%,pesos,2002,68.94,Favorable,58.0,0.06999999999999318
peso_D5_capital_humano_-5%,pesos,2003,65.03,Intermedio,58.0,0.25
peso_D5_capital_humano_-5%,pesos,2004,80.92,Favorable,58.0,0.14000000000000057
peso_D5_capital_humano_-5%,pesos,2005,82.41,Muy favorable,58.0,0.09999999999999432
peso_D5_capital_humano_-5%,pesos,2006,87.79,Muy favorable,67.6,0.060000000000002274
peso_D5_capital_humano_-5%,pesos,2007,87.12,Muy favorable,67.6,-0.009999999999990905
peso_D5_capital_humano_-5%,pesos,2008,85.81,Muy favorable,67.6,0.030000000000001137
peso_D5_capital_humano_-5%,pesos,2009,83.0,Muy favorable,67.6,0.0
peso_D5_capital_humano_-5%,pesos,2010,81.37,Muy favorable,67.6,-0.009999999999990905
peso_D5_capital_humano_-5%,pesos,2011,81.38,Muy favorable,67.6,-0.010000000000005116
peso_D5_capital_humano_-5%,pesos,2012,81.63,Muy favorable,91.6,-0.030000000000001137
peso_D5_capital_humano_-5%,pesos,2013,80.29,Favorable,95.1,-0.03999999999999204
peso_D5_capital_humano_-5%,pesos,2014,75.98,Favorable,95.1,-0.04999999999999716
peso_D5_capital_humano_-5%,pesos,2015,71.72,Favorable,95.1,-0.07000000000000739
peso_D5_capital_humano_-5%,pesos,2016,58.0,Intermedio,95.1,-0.020000000000003126
peso_D5_capital_humano_-5%,pesos,2017,51.14,Intermedio,91.6,0.0
peso_D5_capital_humano_-5%,pesos,2018,42.96,Desfavorable,95.1,-0.060000000000002274
peso_D5_capital_humano_-5%,pesos,2019,32.15,Desfavorable,95.1,-0.060000000000002274
peso_D5_capital_humano_-5%,pesos,2020,20.5,Muy desfavorable,95.1,-0.05000000000000071
peso_D5_capital_humano_-5%,pesos,2021,29.71,Muy desfavorable,95.1,0.019999999999999574
peso_D5_capital_humano_-5%,pesos,2022,35.92,Desfavorable,95.1,0.0
peso_D5_capital_humano_-5%,pesos,2023,31.98,Desfavorable,95.1,-0.019999999999999574
peso_D5_capital_humano_-5%,pesos,2024,32.29,Desfavorable,92.7,-0.05000000000000426
peso_D5_capital_humano_-5%,pesos,2025,25.93,Muy desfavorable,83.3,0.0
peso_D5_capital_humano_-5%,pesos,2026,42.68,Desfavorable,41.3,0.0
peso_D5_capital_humano_+5%,pesos,2000,73.05,Favorable,58.4,-0.2600000000000051
peso_D5_capital_humano_+5%,pesos,2001,75.11,Favorable,58.4,-0.2600000000000051
peso_D5_capital_humano_+5%,pesos,2002,68.8,Favorable,58.4,-0.07000000000000739
peso_D5_capital_humano_+5%,pesos,2003,64.53,Intermedio,58.4,-0.25
peso_D5_capital_humano_+5%,pesos,2004,80.64,Favorable,58.4,-0.14000000000000057
peso_D5_capital_humano_+5%,pesos,2005,82.21,Muy favorable,58.4,-0.10000000000000853
peso_D5_capital_humano_+5%,pesos,2006,87.66,Muy favorable,68.0,-0.07000000000000739
peso_D5_capital_humano_+5%,pesos,2007,87.13,Muy favorable,68.0,0.0
peso_D5_capital_humano_+5%,pesos,2008,85.76,Muy favorable,68.0,-0.01999999999999602
peso_D5_capital_humano_+5%,pesos,2009,82.99,Muy favorable,68.0,-0.010000000000005116
peso_D5_capital_humano_+5%,pesos,2010,81.39,Muy favorable,68.0,0.010000000000005116
peso_D5_capital_humano_+5%,pesos,2011,81.4,Muy favorable,68.0,0.010000000000005116
peso_D5_capital_humano_+5%,pesos,2012,81.69,Muy favorable,91.6,0.030000000000001137
peso_D5_capital_humano_+5%,pesos,2013,80.37,Favorable,95.1,0.04000000000000625
peso_D5_capital_humano_+5%,pesos,2014,76.09,Favorable,95.1,0.060000000000002274
peso_D5_capital_humano_+5%,pesos,2015,71.86,Favorable,95.1,0.06999999999999318
peso_D5_capital_humano_+5%,pesos,2016,58.03,Intermedio,95.1,0.00999999999999801
peso_D5_capital_humano_+5%,pesos,2017,51.14,Intermedio,91.6,0.0
peso_D5_capital_humano_+5%,pesos,2018,43.07,Desfavorable,95.1,0.04999999999999716
peso_D5_capital_humano_+5%,pesos,2019,32.27,Desfavorable,95.1,0.060000000000002274
peso_D5_capital_humano_+5%,pesos,2020,20.6,Muy desfavorable,95.1,0.05000000000000071
peso_D5_capital_humano_+5%,pesos,2021,29.68,Muy desfavorable,95.1,-0.010000000000001563
peso_D5_capital_humano_+5%,pesos,2022,35.92,Desfavorable,95.1,0.0
peso_D5_capital_humano_+5%,pesos,2023,32.01,Desfavorable,95.1,0.00999999999999801
peso_D5_capital_humano_+5%,pesos,2024,32.4,Desfavorable,92.5,0.05999999999999517
peso_D5_capital_humano_+5%,pesos,2025,25.93,Muy desfavorable,82.5,0.0
peso_D5_capital_humano_+5%,pesos,2026,42.68,Desfavorable,40.9,0.0
peso_D5_capital_humano_+10%,pesos,2000,72.79,Favorable,58.6,-0.519999999999996
peso_D5_capital_humano_+10%,pesos,2001,74.86,Favorable,58.6,-0.5100000000000051
peso_D5_capital_humano_+10%,pesos,2002,68.74,Favorable,58.6,-0.13000000000000966
peso_D5_capital_humano_+10%,pesos,2003,64.28,Intermedio,58.6,-0.5
peso_D5_capital_humano_+10%,pesos,2004,80.51,Favorable,58.6,-0.269999999999996
peso_D5_capital_humano_+10%,pesos,2005,82.11,Muy favorable,58.6,-0.20000000000000284
peso_D5_capital_humano_+10%,pesos,2006,87.6,Muy favorable,68.1,-0.13000000000000966
peso_D5_capital_humano_+10%,pesos,2007,87.14,Muy favorable,68.1,0.010000000000005116
peso_D5_capital_humano_+10%,pesos,2008,85.74,Muy favorable,68.1,-0.04000000000000625
peso_D5_capital_humano_+10%,pesos,2009,82.99,Muy favorable,68.1,-0.010000000000005116
peso_D5_capital_humano_+10%,pesos,2010,81.39,Muy favorable,68.1,0.010000000000005116
peso_D5_capital_humano_+10%,pesos,2011,81.41,Muy favorable,68.1,0.01999999999999602
peso_D5_capital_humano_+10%,pesos,2012,81.73,Muy favorable,91.7,0.07000000000000739
peso_D5_capital_humano_+10%,pesos,2013,80.41,Favorable,95.2,0.0799999999999983
peso_D5_capital_humano_+10%,pesos,2014,76.14,Favorable,95.2,0.10999999999999943
peso_D5_capital_humano_+10%,pesos,2015,71.93,Favorable,95.2,0.14000000000000057
peso_D5_capital_humano_+10%,pesos,2016,58.04,Intermedio,95.2,0.01999999999999602
peso_D5_capital_humano_+10%,pesos,2017,51.15,Intermedio,91.7,0.00999999999999801
peso_D5_capital_humano_+10%,pesos,2018,43.12,Desfavorable,95.2,0.09999999999999432
peso_D5_capital_humano_+10%,pesos,2019,32.33,Desfavorable,95.2,0.11999999999999744
peso_D5_capital_humano_+10%,pesos,2020,20.65,Muy desfavorable,95.2,0.09999999999999787
peso_D5_capital_humano_+10%,pesos,2021,29.66,Muy desfavorable,95.2,-0.030000000000001137
peso_D5_capital_humano_+10%,pesos,2022,35.92,Desfavorable,95.2,0.0
peso_D5_capital_humano_+10%,pesos,2023,32.03,Desfavorable,95.2,0.030000000000001137
peso_D5_capital_humano_+10%,pesos,2024,32.45,Desfavorable,92.4,0.10999999999999943
peso_D5_capital_humano_+10%,pesos,2025,25.93,Muy desfavorable,82.1,0.0
peso_D5_capital_humano_+10%,pesos,2026,42.68,Desfavorable,40.7,0.0
peso_D5_capital_humano_+20%,pesos,2000,72.28,Favorable,59.0,-1.0300000000000011
peso_D5_capital_humano_+20%,pesos,2001,74.36,Favorable,59.0,-1.0100000000000051
peso_D5_capital_humano_+20%,pesos,2002,68.61,Favorable,59.0,-0.2600000000000051
peso_D5_capital_humano_+20%,pesos,2003,63.78,Intermedio,59.0,-1.0
peso_D5_capital_humano_+20%,pesos,2004,80.24,Favorable,59.0,-0.5400000000000063
peso_D5_capital_humano_+20%,pesos,2005,81.92,Muy favorable,59.0,-0.39000000000000057
peso_D5_capital_humano_+20%,pesos,2006,87.47,Muy favorable,68.4,-0.2600000000000051
peso_D5_capital_humano_+20%,pesos,2007,87.15,Muy favorable,68.4,0.020000000000010232
peso_D5_capital_humano_+20%,pesos,2008,85.69,Muy favorable,68.4,-0.09000000000000341
peso_D5_capital_humano_+20%,pesos,2009,82.99,Muy favorable,68.4,-0.010000000000005116
peso_D5_capital_humano_+20%,pesos,2010,81.41,Muy favorable,68.4,0.030000000000001137
peso_D5_capital_humano_+20%,pesos,2011,81.43,Muy favorable,68.4,0.04000000000000625
peso_D5_capital_humano_+20%,pesos,2012,81.79,Muy favorable,91.8,0.13000000000000966
peso_D5_capital_humano_+20%,pesos,2013,80.49,Favorable,95.2,0.1599999999999966
peso_D5_capital_humano_+20%,pesos,2014,76.25,Favorable,95.2,0.21999999999999886
peso_D5_capital_humano_+20%,pesos,2015,72.07,Favorable,95.2,0.2799999999999869
peso_D5_capital_humano_+20%,pesos,2016,58.06,Intermedio,95.2,0.03999999999999915
peso_D5_capital_humano_+20%,pesos,2017,51.15,Intermedio,91.8,0.00999999999999801
peso_D5_capital_humano_+20%,pesos,2018,43.23,Desfavorable,95.2,0.20999999999999375
peso_D5_capital_humano_+20%,pesos,2019,32.45,Desfavorable,95.2,0.240000000000002
peso_D5_capital_humano_+20%,pesos,2020,20.76,Muy desfavorable,95.2,0.21000000000000085
peso_D5_capital_humano_+20%,pesos,2021,29.63,Muy desfavorable,95.2,-0.060000000000002274
peso_D5_capital_humano_+20%,pesos,2022,35.92,Desfavorable,95.2,0.0
peso_D5_capital_humano_+20%,pesos,2023,32.06,Desfavorable,95.2,0.060000000000002274
peso_D5_capital_humano_+20%,pesos,2024,32.56,Desfavorable,92.2,0.21999999999999886
peso_D5_capital_humano_+20%,pesos,2025,25.93,Muy desfavorable,81.3,0.0
peso_D5_capital_humano_+20%,pesos,2026,42.68,Desfavorable,40.3,0.0
peso_D6_percepcion_-20%,pesos,2000,73.04,Favorable,57.3,-0.269999999999996
peso_D6_percepcion_-20%,pesos,2001,74.95,Favorable,57.3,-0.4200000000000017
peso_D6_percepcion_-20%,pesos,2002,68.58,Favorable,57.3,-0.29000000000000625
peso_D6_percepcion_-20%,pesos,2003,64.12,Intermedio,57.3,-0.6599999999999966
peso_D6_percepcion_-20%,pesos,2004,80.67,Favorable,57.3,-0.10999999999999943
peso_D6_percepcion_-20%,pesos,2005,82.56,Muy favorable,57.3,0.25
peso_D6_percepcion_-20%,pesos,2006,87.67,Muy favorable,67.2,-0.060000000000002274
peso_D6_percepcion_-20%,pesos,2007,87.53,Muy favorable,67.2,0.4000000000000057
peso_D6_percepcion_-20%,pesos,2008,86.1,Muy favorable,67.2,0.3199999999999932
peso_D6_percepcion_-20%,pesos,2009,83.0,Muy favorable,67.2,0.0
peso_D6_percepcion_-20%,pesos,2010,81.54,Muy favorable,67.2,0.1600000000000108
peso_D6_percepcion_-20%,pesos,2011,81.98,Muy favorable,67.2,0.5900000000000034
peso_D6_percepcion_-20%,pesos,2012,81.53,Muy favorable,91.4,-0.12999999999999545
peso_D6_percepcion_-20%,pesos,2013,80.55,Favorable,95.0,0.21999999999999886
peso_D6_percepcion_-20%,pesos,2014,76.58,Favorable,95.0,0.5499999999999972
peso_D6_percepcion_-20%,pesos,2015,71.77,Favorable,95.0,-0.020000000000010232
peso_D6_percepcion_-20%,pesos,2016,57.98,Intermedio,95.0,-0.04000000000000625
peso_D6_percepcion_-20%,pesos,2017,51.63,Intermedio,91.4,0.490000000000002
peso_D6_percepcion_-20%,pesos,2018,42.65,Desfavorable,95.0,-0.37000000000000455
peso_D6_percepcion_-20%,pesos,2019,31.93,Desfavorable,95.0,-0.28000000000000114
peso_D6_percepcion_-20%,pesos,2020,19.98,Muy desfavorable,95.0,-0.5700000000000003
peso_D6_percepcion_-20%,pesos,2021,28.83,Muy desfavorable,95.0,-0.860000000000003
peso_D6_percepcion_-20%,pesos,2022,35.27,Desfavorable,95.0,-0.6499999999999986
peso_D6_percepcion_-20%,pesos,2023,31.28,Desfavorable,95.0,-0.7199999999999989
peso_D6_percepcion_-20%,pesos,2024,31.79,Desfavorable,92.4,-0.5500000000000043
peso_D6_percepcion_-20%,pesos,2025,25.72,Muy desfavorable,82.6,-0.21000000000000085
peso_D6_percepcion_-20%,pesos,2026,43.05,Desfavorable,39.9,0.36999999999999744
peso_D6_percepcion_-10%,pesos,2000,73.18,Favorable,57.8,-0.12999999999999545
peso_D6_percepcion_-10%,pesos,2001,75.16,Favorable,57.8,-0.21000000000000796
peso_D6_percepcion_-10%,pesos,2002,68.73,Favorable,57.8,-0.14000000000000057
peso_D6_percepcion_-10%,pesos,2003,64.45,Intermedio,57.8,-0.3299999999999983
peso_D6_percepcion_-10%,pesos,2004,80.73,Favorable,57.8,-0.04999999999999716
peso_D6_percepcion_-10%,pesos,2005,82.43,Muy favorable,57.8,0.12000000000000455
peso_D6_percepcion_-10%,pesos,2006,87.7,Muy favorable,67.5,-0.030000000000001137
peso_D6_percepcion_-10%,pesos,2007,87.33,Muy favorable,67.5,0.20000000000000284
peso_D6_percepcion_-10%,pesos,2008,85.94,Muy favorable,67.5,0.1599999999999966
peso_D6_percepcion_-10%,pesos,2009,83.0,Muy favorable,67.5,0.0
peso_D6_percepcion_-10%,pesos,2010,81.46,Muy favorable,67.5,0.0799999999999983
peso_D6_percepcion_-10%,pesos,2011,81.68,Muy favorable,67.5,0.29000000000000625
peso_D6_percepcion_-10%,pesos,2012,81.6,Muy favorable,91.5,-0.060000000000002274
peso_D6_percepcion_-10%,pesos,2013,80.44,Favorable,95.1,0.10999999999999943
peso_D6_percepcion_-10%,pesos,2014,76.3,Favorable,95.1,0.269999999999996
peso_D6_percepcion_-10%,pesos,2015,71.78,Favorable,95.1,-0.010000000000005116
peso_D6_percepcion_-10%,pesos,2016,58.0,Intermedio,95.1,-0.020000000000003126
peso_D6_percepcion_-10%,pesos,2017,51.39,Intermedio,91.5,0.25
peso_D6_percepcion_-10%,pesos,2018,42.83,Desfavorable,95.1,-0.19000000000000483
peso_D6_percepcion_-10%,pesos,2019,32.07,Desfavorable,95.1,-0.14000000000000057
peso_D6_percepcion_-10%,pesos,2020,20.26,Muy desfavorable,95.1,-0.28999999999999915
peso_D6_percepcion_-10%,pesos,2021,29.26,Muy desfavorable,95.1,-0.4299999999999997
peso_D6_percepcion_-10%,pesos,2022,35.59,Desfavorable,95.1,-0.3299999999999983
peso_D6_percepcion_-10%,pesos,2023,31.64,Desfavorable,95.1,-0.35999999999999943
peso_D6_percepcion_-10%,pesos,2024,32.07,Desfavorable,92.5,-0.2700000000000031
peso_D6_percepcion_-10%,pesos,2025,25.83,Muy desfavorable,82.8,-0.10000000000000142
peso_D6_percepcion_-10%,pesos,2026,42.86,Desfavorable,40.5,0.17999999999999972
peso_D6_percepcion_-5%,pesos,2000,73.24,Favorable,58.0,-0.07000000000000739
peso_D6_percepcion_-5%,pesos,2001,75.26,Favorable,58.0,-0.10999999999999943
peso_D6_percepcion_-5%,pesos,2002,68.8,Favorable,58.0,-0.07000000000000739
peso_D6_percepcion_-5%,pesos,2003,64.61,Intermedio,58.0,-0.1700000000000017
peso_D6_percepcion_-5%,pesos,2004,80.76,Favorable,58.0,-0.01999999999999602
peso_D6_percepcion_-5%,pesos,2005,82.37,Muy favorable,58.0,0.060000000000002274
peso_D6_percepcion_-5%,pesos,2006,87.71,Muy favorable,67.6,-0.020000000000010232
peso_D6_percepcion_-5%,pesos,2007,87.23,Muy favorable,67.6,0.10000000000000853
peso_D6_percepcion_-5%,pesos,2008,85.86,Muy favorable,67.6,0.0799999999999983
peso_D6_percepcion_-5%,pesos,2009,83.0,Muy favorable,67.6,0.0
peso_D6_percepcion_-5%,pesos,2010,81.42,Muy favorable,67.6,0.04000000000000625
peso_D6_percepcion_-5%,pesos,2011,81.53,Muy favorable,67.6,0.14000000000000057
peso_D6_percepcion_-5%,pesos,2012,81.63,Muy favorable,91.6,-0.030000000000001137
peso_D6_percepcion_-5%,pesos,2013,80.38,Favorable,95.1,0.04999999999999716
peso_D6_percepcion_-5%,pesos,2014,76.17,Favorable,95.1,0.14000000000000057
peso_D6_percepcion_-5%,pesos,2015,71.78,Favorable,95.1,-0.010000000000005116
peso_D6_percepcion_-5%,pesos,2016,58.01,Intermedio,95.1,-0.010000000000005116
peso_D6_percepcion_-5%,pesos,2017,51.26,Intermedio,91.6,0.11999999999999744
peso_D6_percepcion_-5%,pesos,2018,42.92,Desfavorable,95.1,-0.10000000000000142
peso_D6_percepcion_-5%,pesos,2019,32.14,Desfavorable,95.1,-0.07000000000000028
peso_D6_percepcion_-5%,pesos,2020,20.41,Muy desfavorable,95.1,-0.14000000000000057
peso_D6_percepcion_-5%,pesos,2021,29.48,Muy desfavorable,95.1,-0.21000000000000085
peso_D6_percepcion_-5%,pesos,2022,35.76,Desfavorable,95.1,-0.1600000000000037
peso_D6_percepcion_-5%,pesos,2023,31.82,Desfavorable,95.1,-0.17999999999999972
peso_D6_percepcion_-5%,pesos,2024,32.21,Desfavorable,92.5,-0.13000000000000256
peso_D6_percepcion_-5%,pesos,2025,25.88,Muy desfavorable,82.8,-0.05000000000000071
peso_D6_percepcion_-5%,pesos,2026,42.77,Desfavorable,40.8,0.09000000000000341
peso_D6_percepcion_+5%,pesos,2000,73.38,Favorable,58.4,0.06999999999999318
peso_D6_percepcion_+5%,pesos,2001,75.47,Favorable,58.4,0.09999999999999432
peso_D6_percepcion_+5%,pesos,2002,68.94,Favorable,58.4,0.06999999999999318
peso_D6_percepcion_+5%,pesos,2003,64.94,Intermedio,58.4,0.1599999999999966
peso_D6_percepcion_+5%,pesos,2004,80.81,Favorable,58.4,0.030000000000001137
peso_D6_percepcion_+5%,pesos,2005,82.25,Muy favorable,58.4,-0.060000000000002274
peso_D6_percepcion_+5%,pesos,2006,87.74,Muy favorable,68.0,0.009999999999990905
peso_D6_percepcion_+5%,pesos,2007,87.03,Muy favorable,68.0,-0.09999999999999432
peso_D6_percepcion_+5%,pesos,2008,85.7,Muy favorable,68.0,-0.0799999999999983
peso_D6_percepcion_+5%,pesos,2009,83.0,Muy favorable,68.0,0.0
peso_D6_percepcion_+5%,pesos,2010,81.34,Muy favorable,68.0,-0.03999999999999204
peso_D6_percepcion_+5%,pesos,2011,81.24,Muy favorable,68.0,-0.15000000000000568
peso_D6_percepcion_+5%,pesos,2012,81.7,Muy favorable,91.6,0.04000000000000625
peso_D6_percepcion_+5%,pesos,2013,80.27,Favorable,95.1,-0.060000000000002274
peso_D6_percepcion_+5%,pesos,2014,75.9,Favorable,95.1,-0.12999999999999545
peso_D6_percepcion_+5%,pesos,2015,71.79,Favorable,95.1,0.0
peso_D6_percepcion_+5%,pesos,2016,58.02,Intermedio,95.1,0.0
peso_D6_percepcion_+5%,pesos,2017,51.02,Intermedio,91.6,-0.11999999999999744
peso_D6_percepcion_+5%,pesos,2018,43.11,Desfavorable,95.1,0.0899999999999963
peso_D6_percepcion_+5%,pesos,2019,32.27,Desfavorable,95.1,0.060000000000002274
peso_D6_percepcion_+5%,pesos,2020,20.69,Muy desfavorable,95.1,0.14000000000000057
peso_D6_percepcion_+5%,pesos,2021,29.9,Muy desfavorable,95.1,0.2099999999999973
peso_D6_percepcion_+5%,pesos,2022,36.08,Desfavorable,95.1,0.1599999999999966
peso_D6_percepcion_+5%,pesos,2023,32.18,Desfavorable,95.1,0.17999999999999972
peso_D6_percepcion_+5%,pesos,2024,32.48,Desfavorable,92.6,0.13999999999999346
peso_D6_percepcion_+5%,pesos,2025,25.99,Muy desfavorable,83.0,0.05999999999999872
peso_D6_percepcion_+5%,pesos,2026,42.59,Desfavorable,41.4,-0.0899999999999963
peso_D6_percepcion_+10%,pesos,2000,73.44,Favorable,58.6,0.12999999999999545
peso_D6_percepcion_+10%,pesos,2001,75.57,Favorable,58.6,0.19999999999998863
peso_D6_percepcion_+10%,pesos,2002,69.01,Favorable,58.6,0.14000000000000057
peso_D6_percepcion_+10%,pesos,2003,65.1,Intermedio,58.6,0.3199999999999932
peso_D6_percepcion_+10%,pesos,2004,80.84,Favorable,58.6,0.060000000000002274
peso_D6_percepcion_+10%,pesos,2005,82.18,Muy favorable,58.6,-0.12999999999999545
peso_D6_percepcion_+10%,pesos,2006,87.76,Muy favorable,68.1,0.030000000000001137
peso_D6_percepcion_+10%,pesos,2007,86.93,Muy favorable,68.1,-0.19999999999998863
peso_D6_percepcion_+10%,pesos,2008,85.63,Muy favorable,68.1,-0.15000000000000568
peso_D6_percepcion_+10%,pesos,2009,83.0,Muy favorable,68.1,0.0
peso_D6_percepcion_+10%,pesos,2010,81.3,Muy favorable,68.1,-0.0799999999999983
peso_D6_percepcion_+10%,pesos,2011,81.1,Muy favorable,68.1,-0.29000000000000625
peso_D6_percepcion_+10%,pesos,2012,81.73,Muy favorable,91.7,0.07000000000000739
peso_D6_percepcion_+10%,pesos,2013,80.22,Favorable,95.2,-0.10999999999999943
peso_D6_percepcion_+10%,pesos,2014,75.76,Favorable,95.2,-0.269999999999996
peso_D6_percepcion_+10%,pesos,2015,71.8,Favorable,95.2,0.009999999999990905
peso_D6_percepcion_+10%,pesos,2016,58.03,Intermedio,95.2,0.00999999999999801
peso_D6_percepcion_+10%,pesos,2017,50.9,Desfavorable,91.7,-0.240000000000002
peso_D6_percepcion_+10%,pesos,2018,43.2,Desfavorable,95.2,0.17999999999999972
peso_D6_percepcion_+10%,pesos,2019,32.34,Desfavorable,95.2,0.13000000000000256
peso_D6_percepcion_+10%,pesos,2020,20.83,Muy desfavorable,95.2,0.2799999999999976
peso_D6_percepcion_+10%,pesos,2021,30.12,Muy desfavorable,95.2,0.4299999999999997
peso_D6_percepcion_+10%,pesos,2022,36.25,Desfavorable,95.2,0.3299999999999983
peso_D6_percepcion_+10%,pesos,2023,32.36,Desfavorable,95.2,0.35999999999999943
peso_D6_percepcion_+10%,pesos,2024,32.62,Desfavorable,92.7,0.27999999999999403
peso_D6_percepcion_+10%,pesos,2025,26.04,Muy desfavorable,83.1,0.10999999999999943
peso_D6_percepcion_+10%,pesos,2026,42.51,Desfavorable,41.7,-0.1700000000000017
peso_D6_percepcion_+20%,pesos,2000,73.57,Favorable,59.0,0.2599999999999909
peso_D6_percepcion_+20%,pesos,2001,75.77,Favorable,59.0,0.3999999999999915
peso_D6_percepcion_+20%,pesos,2002,69.15,Favorable,59.0,0.28000000000000114
peso_D6_percepcion_+20%,pesos,2003,65.42,Intermedio,59.0,0.6400000000000006
peso_D6_percepcion_+20%,pesos,2004,80.89,Favorable,59.0,0.10999999999999943
peso_D6_percepcion_+20%,pesos,2005,82.06,Muy favorable,59.0,-0.25
peso_D6_percepcion_+20%,pesos,2006,87.79,Muy favorable,68.4,0.060000000000002274
peso_D6_percepcion_+20%,pesos,2007,86.73,Muy favorable,68.4,-0.3999999999999915
peso_D6_percepcion_+20%,pesos,2008,85.47,Muy favorable,68.4,-0.3100000000000023
peso_D6_percepcion_+20%,pesos,2009,82.99,Muy favorable,68.4,-0.010000000000005116
peso_D6_percepcion_+20%,pesos,2010,81.22,Muy favorable,68.4,-0.1599999999999966
peso_D6_percepcion_+20%,pesos,2011,80.8,Favorable,68.4,-0.5900000000000034
peso_D6_percepcion_+20%,pesos,2012,81.8,Muy favorable,91.8,0.14000000000000057
peso_D6_percepcion_+20%,pesos,2013,80.1,Favorable,95.2,-0.23000000000000398
peso_D6_percepcion_+20%,pesos,2014,75.49,Favorable,95.2,-0.5400000000000063
peso_D6_percepcion_+20%,pesos,2015,71.81,Favorable,95.2,0.01999999999999602
peso_D6_percepcion_+20%,pesos,2016,58.05,Intermedio,95.2,0.02999999999999403
peso_D6_percepcion_+20%,pesos,2017,50.65,Desfavorable,91.8,-0.490000000000002
peso_D6_percepcion_+20%,pesos,2018,43.38,Desfavorable,95.2,0.35999999999999943
peso_D6_percepcion_+20%,pesos,2019,32.48,Desfavorable,95.2,0.269999999999996
peso_D6_percepcion_+20%,pesos,2020,21.12,Muy desfavorable,95.2,0.5700000000000003
peso_D6_percepcion_+20%,pesos,2021,30.55,Muy desfavorable,95.2,0.8599999999999994
peso_D6_percepcion_+20%,pesos,2022,36.57,Desfavorable,95.2,0.6499999999999986
peso_D6_percepcion_+20%,pesos,2023,32.72,Desfavorable,95.2,0.7199999999999989
peso_D6_percepcion_+20%,pesos,2024,32.9,Desfavorable,92.7,0.5599999999999952
peso_D6_percepcion_+20%,pesos,2025,26.15,Muy desfavorable,83.3,0.21999999999999886
peso_D6_percepcion_+20%,pesos,2026,42.33,Desfavorable,42.3,-0.3500000000000014
dimensiones_iguales,pesos,2000,70.88,Favorable,62.5,-2.430000000000007
dimensiones_iguales,pesos,2001,73.48,Favorable,62.5,-1.8900000000000006
dimensiones_iguales,pesos,2002,69.64,Favorable,62.5,0.769999999999996
dimensiones_iguales,pesos,2003,63.56,Intermedio,62.5,-1.2199999999999989
dimensiones_iguales,pesos,2004,78.83,Favorable,62.5,-1.9500000000000028
dimensiones_iguales,pesos,2005,79.93,Favorable,62.5,-2.3799999999999955
dimensiones_iguales,pesos,2006,87.73,Muy favorable,71.7,0.0
dimensiones_iguales,pesos,2007,86.38,Muy favorable,71.7,-0.75
dimensiones_iguales,pesos,2008,84.45,Muy favorable,71.7,-1.3299999999999983
dimensiones_iguales,pesos,2009,83.8,Muy favorable,71.7,0.7999999999999972
dimensiones_iguales,pesos,2010,81.19,Muy favorable,71.7,-0.18999999999999773
dimensiones_iguales,pesos,2011,78.82,Favorable,71.7,-2.5700000000000074
dimensiones_iguales,pesos,2012,82.32,Muy favorable,92.8,0.6599999999999966
dimensiones_iguales,pesos,2013,79.77,Favorable,95.8,-0.5600000000000023
dimensiones_iguales,pesos,2014,74.74,Favorable,95.8,-1.2900000000000063
dimensiones_iguales,pesos,2015,73.8,Favorable,95.8,2.009999999999991
dimensiones_iguales,pesos,2016,58.93,Intermedio,95.8,0.9099999999999966
dimensiones_iguales,pesos,2017,49.34,Desfavorable,92.8,-1.7999999999999972
dimensiones_iguales,pesos,2018,47.01,Desfavorable,95.8,3.989999999999995
dimensiones_iguales,pesos,2019,35.62,Desfavorable,95.8,3.4099999999999966
dimensiones_iguales,pesos,2020,23.55,Muy desfavorable,95.8,3.0
dimensiones_iguales,pesos,2021,31.53,Desfavorable,95.8,1.8399999999999999
dimensiones_iguales,pesos,2022,36.33,Desfavorable,95.8,0.4099999999999966
dimensiones_iguales,pesos,2023,33.67,Desfavorable,95.8,1.6700000000000017
dimensiones_iguales,pesos,2024,33.43,Desfavorable,91.2,1.0899999999999963
dimensiones_iguales,pesos,2025,24.56,Muy desfavorable,76.5,-1.370000000000001
dimensiones_iguales,pesos,2026,39.01,Desfavorable,40.6,-3.6700000000000017
geometrico,agregacion,2000,70.11,Favorable,58.2,-3.200000000000003
geometrico,agregacion,2001,72.83,Favorable,58.2,-2.5400000000000063
geometrico,agregacion,2002,68.16,Favorable,58.2,-0.710000000000008
geometrico,agregacion,2003,62.42,Intermedio,58.2,-2.3599999999999994
geometrico,agregacion,2004,80.4,Favorable,58.2,-0.37999999999999545
geometrico,agregacion,2005,81.65,Muy favorable,58.2,-0.6599999999999966
geometrico,agregacion,2006,87.22,Muy favorable,67.8,-0.5100000000000051
geometrico,agregacion,2007,86.41,Muy favorable,67.8,-0.7199999999999989
geometrico,agregacion,2008,85.43,Muy favorable,67.8,-0.3499999999999943
geometrico,agregacion,2009,82.64,Muy favorable,67.8,-0.35999999999999943
geometrico,agregacion,2010,81.22,Muy favorable,67.8,-0.1599999999999966
geometrico,agregacion,2011,80.85,Favorable,67.8,-0.5400000000000063
geometrico,agregacion,2012,81.38,Muy favorable,91.6,-0.28000000000000114
geometrico,agregacion,2013,80.11,Favorable,95.1,-0.21999999999999886
geometrico,agregacion,2014,75.04,Favorable,95.1,-0.9899999999999949
geometrico,agregacion,2015,71.05,Favorable,95.1,-0.7400000000000091
geometrico,agregacion,2016,57.24,Intermedio,95.1,-0.7800000000000011
geometrico,agregacion,2017,49.91,Desfavorable,91.6,-1.230000000000004
geometrico,agregacion,2018,40.12,Desfavorable,95.1,-2.9000000000000057
geometrico,agregacion,2019,27.87,Muy desfavorable,95.1,-4.34
geometrico,agregacion,2020,0.0,Muy desfavorable,95.1,-20.55
geometrico,agregacion,2021,18.3,Muy desfavorable,95.1,-11.39
geometrico,agregacion,2022,24.58,Muy desfavorable,95.1,-11.340000000000003
geometrico,agregacion,2023,23.81,Muy desfavorable,95.1,-8.190000000000001
geometrico,agregacion,2024,19.68,Muy desfavorable,92.6,-12.660000000000004
geometrico,agregacion,2025,13.43,Muy desfavorable,82.9,-12.5
geometrico,agregacion,2026,38.36,Desfavorable,41.1,-4.32
winsor05,normalizacion,2000,72.91,Favorable,58.2,-0.4000000000000057
winsor05,normalizacion,2001,77.31,Favorable,58.2,1.9399999999999977
winsor05,normalizacion,2002,68.94,Favorable,58.2,0.06999999999999318
winsor05,normalizacion,2003,65.2,Intermedio,58.2,0.4200000000000017
winsor05,normalizacion,2004,80.27,Favorable,58.2,-0.5100000000000051
winsor05,normalizacion,2005,82.72,Muy favorable,58.2,0.4099999999999966
winsor05,normalizacion,2006,88.56,Muy favorable,67.8,0.8299999999999983
winsor05,normalizacion,2007,86.6,Muy favorable,67.8,-0.5300000000000011
winsor05,normalizacion,2008,85.37,Muy favorable,67.8,-0.4099999999999966
winsor05,normalizacion,2009,83.38,Muy favorable,67.8,0.37999999999999545
winsor05,normalizacion,2010,81.25,Muy favorable,67.8,-0.12999999999999545
winsor05,normalizacion,2011,79.9,Favorable,67.8,-1.4899999999999949
winsor05,normalizacion,2012,85.4,Muy favorable,91.6,3.740000000000009
winsor05,normalizacion,2013,82.01,Muy favorable,95.1,1.6800000000000068
winsor05,normalizacion,2014,77.31,Favorable,95.1,1.2800000000000011
winsor05,normalizacion,2015,74.04,Favorable,95.1,2.25
winsor05,normalizacion,2016,56.21,Intermedio,95.1,-1.8100000000000023
winsor05,normalizacion,2017,49.25,Desfavorable,91.6,-1.8900000000000006
winsor05,normalizacion,2018,41.53,Desfavorable,95.1,-1.490000000000002
winsor05,normalizacion,2019,26.36,Muy desfavorable,95.1,-5.850000000000001
winsor05,normalizacion,2020,16.05,Muy desfavorable,95.1,-4.5
winsor05,normalizacion,2021,26.56,Muy desfavorable,95.1,-3.1300000000000026
winsor05,normalizacion,2022,34.01,Desfavorable,95.1,-1.9100000000000037
winsor05,normalizacion,2023,29.03,Muy desfavorable,95.1,-2.969999999999999
winsor05,normalizacion,2024,29.87,Muy desfavorable,92.6,-2.4700000000000024
winsor05,normalizacion,2025,20.57,Muy desfavorable,82.9,-5.359999999999999
winsor05,normalizacion,2026,35.94,Desfavorable,41.1,-6.740000000000002
rank,normalizacion,2000,67.42,Favorable,58.2,-5.890000000000001
rank,normalizacion,2001,69.92,Favorable,58.2,-5.450000000000003
rank,normalizacion,2002,49.05,Desfavorable,58.2,-19.820000000000007
rank,normalizacion,2003,44.5,Desfavorable,58.2,-20.28
rank,normalizacion,2004,72.2,Favorable,58.2,-8.579999999999998
rank,normalizacion,2005,76.85,Favorable,58.2,-5.460000000000008
rank,normalizacion,2006,78.66,Favorable,67.8,-9.070000000000007
rank,normalizacion,2007,77.72,Favorable,67.8,-9.409999999999997
rank,normalizacion,2008,68.85,Favorable,67.8,-16.930000000000007
rank,normalizacion,2009,68.06,Favorable,67.8,-14.939999999999998
rank,normalizacion,2010,59.85,Intermedio,67.8,-21.529999999999994
rank,normalizacion,2011,61.12,Intermedio,67.8,-20.270000000000003
rank,normalizacion,2012,71.62,Favorable,91.6,-10.039999999999992
rank,normalizacion,2013,65.42,Intermedio,95.1,-14.909999999999997
rank,normalizacion,2014,60.58,Intermedio,95.1,-15.450000000000003
rank,normalizacion,2015,55.06,Intermedio,95.1,-16.730000000000004
rank,normalizacion,2016,39.91,Desfavorable,95.1,-18.110000000000007
rank,normalizacion,2017,34.98,Desfavorable,91.6,-16.160000000000004
rank,normalizacion,2018,36.13,Desfavorable,95.1,-6.890000000000001
rank,normalizacion,2019,27.67,Muy desfavorable,95.1,-4.539999999999999
rank,normalizacion,2020,13.55,Muy desfavorable,95.1,-7.0
rank,normalizacion,2021,24.62,Muy desfavorable,95.1,-5.07
rank,normalizacion,2022,31.76,Desfavorable,95.1,-4.16
rank,normalizacion,2023,28.75,Muy desfavorable,95.1,-3.25
rank,normalizacion,2024,27.94,Muy desfavorable,92.6,-4.400000000000002
rank,normalizacion,2025,19.71,Muy desfavorable,82.9,-6.219999999999999
rank,normalizacion,2026,29.53,Muy desfavorable,41.1,-13.149999999999999
minmax_sin_2026_en_ajuste,normalizacion,2000,73.2,Favorable,58.2,-0.10999999999999943
minmax_sin_2026_en_ajuste,normalizacion,2001,75.37,Favorable,58.2,0.0
minmax_sin_2026_en_ajuste,normalizacion,2002,68.68,Favorable,58.2,-0.18999999999999773
minmax_sin_2026_en_ajuste,normalizacion,2003,64.54,Intermedio,58.2,-0.23999999999999488
minmax_sin_2026_en_ajuste,normalizacion,2004,80.53,Favorable,58.2,-0.25
minmax_sin_2026_en_ajuste,normalizacion,2005,82.07,Muy favorable,58.2,-0.2400000000000091
minmax_sin_2026_en_ajuste,normalizacion,2006,87.1,Muy favorable,67.8,-0.6300000000000097
minmax_sin_2026_en_ajuste,normalizacion,2007,86.21,Muy favorable,67.8,-0.9200000000000017
minmax_sin_2026_en_ajuste,normalizacion,2008,84.94,Muy favorable,67.8,-0.8400000000000034
minmax_sin_2026_en_ajuste,normalizacion,2009,82.49,Muy favorable,67.8,-0.5100000000000051
minmax_sin_2026_en_ajuste,normalizacion,2010,80.88,Favorable,67.8,-0.5
minmax_sin_2026_en_ajuste,normalizacion,2011,80.87,Favorable,67.8,-0.519999999999996
minmax_sin_2026_en_ajuste,normalizacion,2012,81.36,Muy favorable,91.6,-0.29999999999999716
minmax_sin_2026_en_ajuste,normalizacion,2013,79.82,Favorable,95.1,-0.5100000000000051
minmax_sin_2026_en_ajuste,normalizacion,2014,75.62,Favorable,95.1,-0.4099999999999966
minmax_sin_2026_en_ajuste,normalizacion,2015,71.37,Favorable,95.1,-0.4200000000000017
minmax_sin_2026_en_ajuste,normalizacion,2016,57.43,Intermedio,95.1,-0.5900000000000034
minmax_sin_2026_en_ajuste,normalizacion,2017,50.7,Desfavorable,91.6,-0.4399999999999977
minmax_sin_2026_en_ajuste,normalizacion,2018,42.68,Desfavorable,95.1,-0.3400000000000034
minmax_sin_2026_en_ajuste,normalizacion,2019,31.26,Desfavorable,95.1,-0.9499999999999993
minmax_sin_2026_en_ajuste,normalizacion,2020,20.14,Muy desfavorable,95.1,-0.41000000000000014
minmax_sin_2026_en_ajuste,normalizacion,2021,29.43,Muy desfavorable,95.1,-0.26000000000000156
minmax_sin_2026_en_ajuste,normalizacion,2022,35.63,Desfavorable,95.1,-0.28999999999999915
minmax_sin_2026_en_ajuste,normalizacion,2023,31.7,Desfavorable,95.1,-0.3000000000000007
minmax_sin_2026_en_ajuste,normalizacion,2024,31.94,Desfavorable,92.6,-0.40000000000000213
minmax_sin_2026_en_ajuste,normalizacion,2025,24.67,Muy desfavorable,82.9,-1.259999999999998
minmax_sin_2026_en_ajuste,normalizacion,2026,42.68,Desfavorable,41.1,0.0
piso_25%,cobertura,2000,83.17,Muy favorable,71.5,9.86
piso_25%,cobertura,2001,80.7,Favorable,63.7,5.329999999999998
piso_25%,cobertura,2002,71.98,Favorable,71.5,3.1099999999999994
piso_25%,cobertura,2003,72.22,Favorable,71.5,7.439999999999998
piso_25%,cobertura,2004,82.45,Muy favorable,71.5,1.6700000000000017
piso_25%,cobertura,2005,83.71,Muy favorable,71.5,1.3999999999999915
piso_25%,cobertura,2006,82.61,Muy favorable,75.6,-5.1200000000000045
piso_25%,cobertura,2007,81.21,Muy favorable,75.6,-5.920000000000002
piso_25%,cobertura,2008,80.07,Favorable,75.6,-5.710000000000008
piso_25%,cobertura,2009,78.13,Favorable,75.6,-4.8700000000000045
piso_25%,cobertura,2010,77.56,Favorable,75.6,-3.819999999999993
piso_25%,cobertura,2011,78.01,Favorable,75.6,-3.3799999999999955
piso_25%,cobertura,2012,81.66,Muy favorable,91.6,0.0
piso_25%,cobertura,2013,80.33,Favorable,95.1,0.0
piso_25%,cobertura,2014,76.03,Favorable,95.1,0.0
piso_25%,cobertura,2015,71.79,Favorable,95.1,0.0
piso_25%,cobertura,2016,58.02,Intermedio,95.1,0.0
piso_25%,cobertura,2017,51.14,Intermedio,91.6,0.0
piso_25%,cobertura,2018,43.02,Desfavorable,95.1,0.0
piso_25%,cobertura,2019,32.21,Desfavorable,95.1,0.0
piso_25%,cobertura,2020,20.55,Muy desfavorable,95.1,0.0
piso_25%,cobertura,2021,29.69,Muy desfavorable,95.1,0.0
piso_25%,cobertura,2022,35.92,Desfavorable,95.1,0.0
piso_25%,cobertura,2023,32.0,Desfavorable,95.1,0.0
piso_25%,cobertura,2024,32.34,Desfavorable,92.6,0.0
piso_25%,cobertura,2025,25.93,Muy desfavorable,82.9,0.0
piso_25%,cobertura,2026,42.68,Desfavorable,41.1,0.0
piso_75%,cobertura,2000,73.31,Favorable,58.2,0.0
piso_75%,cobertura,2001,75.37,Favorable,58.2,0.0
piso_75%,cobertura,2002,68.87,Favorable,58.2,0.0
piso_75%,cobertura,2003,64.78,Intermedio,58.2,0.0
piso_75%,cobertura,2004,80.78,Favorable,58.2,0.0
piso_75%,cobertura,2005,82.31,Muy favorable,58.2,0.0
piso_75%,cobertura,2006,84.72,Muy favorable,58.2,-3.010000000000005
piso_75%,cobertura,2007,83.63,Muy favorable,58.2,-3.5
piso_75%,cobertura,2008,82.01,Muy favorable,58.2,-3.769999999999996
piso_75%,cobertura,2009,79.61,Favorable,58.2,-3.3900000000000006
piso_75%,cobertura,2010,78.84,Favorable,58.2,-2.539999999999992
piso_75%,cobertura,2011,80.7,Favorable,58.2,-0.6899999999999977
piso_75%,cobertura,2012,81.66,Muy favorable,91.6,0.0
piso_75%,cobertura,2013,80.33,Favorable,95.1,0.0
piso_75%,cobertura,2014,76.03,Favorable,95.1,0.0
piso_75%,cobertura,2015,71.79,Favorable,95.1,0.0
piso_75%,cobertura,2016,58.02,Intermedio,95.1,0.0
piso_75%,cobertura,2017,51.14,Intermedio,91.6,0.0
piso_75%,cobertura,2018,43.02,Desfavorable,95.1,0.0
piso_75%,cobertura,2019,32.21,Desfavorable,95.1,0.0
piso_75%,cobertura,2020,20.55,Muy desfavorable,95.1,0.0
piso_75%,cobertura,2021,29.69,Muy desfavorable,95.1,0.0
piso_75%,cobertura,2022,35.92,Desfavorable,95.1,0.0
piso_75%,cobertura,2023,32.0,Desfavorable,95.1,0.0
piso_75%,cobertura,2024,31.26,Desfavorable,86.1,-1.0800000000000018
piso_75%,cobertura,2025,25.93,Muy desfavorable,82.9,0.0
piso_75%,cobertura,2026,25.5,Muy desfavorable,23.7,-17.18
piso_100%,cobertura,2000,61.34,Intermedio,43.5,-11.969999999999999
piso_100%,cobertura,2001,65.96,Intermedio,43.5,-9.41000000000001
piso_100%,cobertura,2002,63.59,Intermedio,43.5,-5.280000000000001
piso_100%,cobertura,2003,60.16,Intermedio,43.5,-4.6200000000000045
piso_100%,cobertura,2004,78.41,Favorable,43.5,-2.3700000000000045
piso_100%,cobertura,2005,75.39,Favorable,43.5,-6.920000000000002
piso_100%,cobertura,2006,79.92,Favorable,43.5,-7.810000000000002
piso_100%,cobertura,2007,77.68,Favorable,43.5,-9.449999999999989
piso_100%,cobertura,2008,81.2,Muy favorable,43.5,-4.579999999999998
piso_100%,cobertura,2009,77.55,Favorable,43.5,-5.450000000000003
piso_100%,cobertura,2010,78.51,Favorable,43.5,-2.8699999999999903
piso_100%,cobertura,2011,79.5,Favorable,43.5,-1.8900000000000006
piso_100%,cobertura,2012,83.2,Muy favorable,61.0,1.5400000000000063
piso_100%,cobertura,2013,79.59,Favorable,80.5,-0.7399999999999949
piso_100%,cobertura,2014,74.25,Favorable,80.5,-1.7800000000000011
piso_100%,cobertura,2015,69.09,Favorable,80.5,-2.700000000000003
piso_100%,cobertura,2016,54.38,Intermedio,80.5,-3.6400000000000006
piso_100%,cobertura,2017,49.22,Desfavorable,61.0,-1.9200000000000017
piso_100%,cobertura,2018,43.63,Desfavorable,80.5,0.6099999999999994
piso_100%,cobertura,2019,36.42,Desfavorable,80.5,4.210000000000001
piso_100%,cobertura,2020,25.53,Muy desfavorable,80.5,4.98
piso_100%,cobertura,2021,36.2,Desfavorable,80.5,6.510000000000002
piso_100%,cobertura,2022,42.62,Desfavorable,80.5,6.699999999999996
piso_100%,cobertura,2023,37.26,Desfavorable,80.5,5.259999999999998
piso_100%,cobertura,2024,35.92,Desfavorable,71.4,3.5799999999999983
piso_100%,cobertura,2025,37.8,Desfavorable,51.9,11.869999999999997
piso_100%,cobertura,2026,32.98,Desfavorable,9.1,-9.700000000000003
excluir_inflacion_ipc_imf_pct,exclusion_variable,2000,68.77,Favorable,53.4,-4.540000000000006
excluir_inflacion_ipc_imf_pct,exclusion_variable,2001,70.64,Favorable,53.4,-4.730000000000004
excluir_inflacion_ipc_imf_pct,exclusion_variable,2002,64.2,Intermedio,53.4,-4.670000000000002
excluir_inflacion_ipc_imf_pct,exclusion_variable,2003,60.06,Intermedio,53.4,-4.719999999999999
excluir_inflacion_ipc_imf_pct,exclusion_variable,2004,78.33,Favorable,53.4,-2.450000000000003
excluir_inflacion_ipc_imf_pct,exclusion_variable,2005,79.46,Favorable,53.4,-2.8500000000000085
excluir_inflacion_ipc_imf_pct,exclusion_variable,2006,86.11,Muy favorable,64.2,-1.6200000000000045
excluir_inflacion_ipc_imf_pct,exclusion_variable,2007,85.95,Muy favorable,64.2,-1.1799999999999926
excluir_inflacion_ipc_imf_pct,exclusion_variable,2008,85.28,Muy favorable,64.2,-0.5
excluir_inflacion_ipc_imf_pct,exclusion_variable,2009,81.78,Muy favorable,64.2,-1.2199999999999989
excluir_inflacion_ipc_imf_pct,exclusion_variable,2010,80.06,Favorable,64.2,-1.3199999999999932
excluir_inflacion_ipc_imf_pct,exclusion_variable,2011,79.94,Favorable,64.2,-1.4500000000000028
excluir_inflacion_ipc_imf_pct,exclusion_variable,2012,80.28,Favorable,90.7,-1.3799999999999955
excluir_inflacion_ipc_imf_pct,exclusion_variable,2013,79.66,Favorable,94.6,-0.6700000000000017
excluir_inflacion_ipc_imf_pct,exclusion_variable,2014,75.44,Favorable,94.6,-0.5900000000000034
excluir_inflacion_ipc_imf_pct,exclusion_variable,2015,71.61,Favorable,94.6,-0.18000000000000682
excluir_inflacion_ipc_imf_pct,exclusion_variable,2016,57.25,Intermedio,94.6,-0.7700000000000031
excluir_inflacion_ipc_imf_pct,exclusion_variable,2017,50.31,Desfavorable,90.7,-0.8299999999999983
excluir_inflacion_ipc_imf_pct,exclusion_variable,2018,47.88,Desfavorable,94.6,4.859999999999999
excluir_inflacion_ipc_imf_pct,exclusion_variable,2019,34.28,Desfavorable,94.6,2.0700000000000003
excluir_inflacion_ipc_imf_pct,exclusion_variable,2020,18.48,Muy desfavorable,94.6,-2.0700000000000003
excluir_inflacion_ipc_imf_pct,exclusion_variable,2021,28.14,Muy desfavorable,94.6,-1.5500000000000007
excluir_inflacion_ipc_imf_pct,exclusion_variable,2022,32.24,Desfavorable,94.6,-3.6799999999999997
excluir_inflacion_ipc_imf_pct,exclusion_variable,2023,28.66,Muy desfavorable,94.6,-3.34
excluir_inflacion_ipc_imf_pct,exclusion_variable,2024,26.51,Muy desfavorable,91.7,-5.830000000000002
excluir_inflacion_ipc_imf_pct,exclusion_variable,2025,21.03,Muy desfavorable,81.0,-4.899999999999999
excluir_inflacion_ipc_imf_pct,exclusion_variable,2026,25.5,Muy desfavorable,26.4,-17.18
excluir_pib_crecimiento_real_pct,exclusion_variable,2000,73.87,Favorable,54.5,0.5600000000000023
excluir_pib_crecimiento_real_pct,exclusion_variable,2001,76.26,Favorable,54.5,0.8900000000000006
excluir_pib_crecimiento_real_pct,exclusion_variable,2002,72.49,Favorable,54.5,3.6199999999999903
excluir_pib_crecimiento_real_pct,exclusion_variable,2003,67.5,Favorable,54.5,2.719999999999999
excluir_pib_crecimiento_real_pct,exclusion_variable,2004,78.0,Favorable,54.5,-2.780000000000001
excluir_pib_crecimiento_real_pct,exclusion_variable,2005,82.16,Muy favorable,54.5,-0.15000000000000568
excluir_pib_crecimiento_real_pct,exclusion_variable,2006,88.29,Muy favorable,65.0,0.5600000000000023
excluir_pib_crecimiento_real_pct,exclusion_variable,2007,87.87,Muy favorable,65.0,0.7400000000000091
excluir_pib_crecimiento_real_pct,exclusion_variable,2008,87.19,Muy favorable,65.0,1.4099999999999966
excluir_pib_crecimiento_real_pct,exclusion_variable,2009,86.0,Muy favorable,65.0,3.0
excluir_pib_crecimiento_real_pct,exclusion_variable,2010,83.87,Muy favorable,65.0,2.490000000000009
excluir_pib_crecimiento_real_pct,exclusion_variable,2011,82.57,Muy favorable,65.0,1.1799999999999926
excluir_pib_crecimiento_real_pct,exclusion_variable,2012,82.33,Muy favorable,90.9,0.6700000000000017
excluir_pib_crecimiento_real_pct,exclusion_variable,2013,81.67,Muy favorable,94.7,1.3400000000000034
excluir_pib_crecimiento_real_pct,exclusion_variable,2014,77.94,Favorable,94.7,1.9099999999999966
excluir_pib_crecimiento_real_pct,exclusion_variable,2015,73.75,Favorable,94.7,1.9599999999999937
excluir_pib_crecimiento_real_pct,exclusion_variable,2016,60.75,Intermedio,94.7,2.729999999999997
excluir_pib_crecimiento_real_pct,exclusion_variable,2017,53.03,Intermedio,90.9,1.8900000000000006
excluir_pib_crecimiento_real_pct,exclusion_variable,2018,44.91,Desfavorable,94.7,1.8899999999999935
excluir_pib_crecimiento_real_pct,exclusion_variable,2019,34.6,Desfavorable,94.7,2.3900000000000006
excluir_pib_crecimiento_real_pct,exclusion_variable,2020,22.33,Muy desfavorable,94.7,1.7799999999999976
excluir_pib_crecimiento_real_pct,exclusion_variable,2021,26.77,Muy desfavorable,94.7,-2.9200000000000017
excluir_pib_crecimiento_real_pct,exclusion_variable,2022,32.19,Desfavorable,94.7,-3.730000000000004
excluir_pib_crecimiento_real_pct,exclusion_variable,2023,28.66,Muy desfavorable,94.7,-3.34
excluir_pib_crecimiento_real_pct,exclusion_variable,2024,28.76,Muy desfavorable,91.9,-3.580000000000002
excluir_pib_crecimiento_real_pct,exclusion_variable,2025,22.14,Muy desfavorable,81.5,-3.789999999999999
excluir_pib_crecimiento_real_pct,exclusion_variable,2026,39.33,Desfavorable,44.7,-3.3500000000000014
excluir_wti_precio_usd,exclusion_variable,2000,78.31,Favorable,56.3,5.0
excluir_wti_precio_usd,exclusion_variable,2001,80.96,Favorable,56.3,5.589999999999989
excluir_wti_precio_usd,exclusion_variable,2002,73.95,Favorable,56.3,5.079999999999998
excluir_wti_precio_usd,exclusion_variable,2003,69.06,Favorable,56.3,4.280000000000001
excluir_wti_precio_usd,exclusion_variable,2004,85.13,Muy favorable,56.3,4.349999999999994
excluir_wti_precio_usd,exclusion_variable,2005,85.36,Muy favorable,56.3,3.049999999999997
excluir_wti_precio_usd,exclusion_variable,2006,89.64,Muy favorable,66.3,1.9099999999999966
excluir_wti_precio_usd,exclusion_variable,2007,88.5,Muy favorable,66.3,1.3700000000000045
excluir_wti_precio_usd,exclusion_variable,2008,84.97,Muy favorable,66.3,-0.8100000000000023
excluir_wti_precio_usd,exclusion_variable,2009,84.95,Muy favorable,66.3,1.9500000000000028
excluir_wti_precio_usd,exclusion_variable,2010,81.89,Muy favorable,66.3,0.5100000000000051
excluir_wti_precio_usd,exclusion_variable,2011,80.77,Favorable,66.3,-0.6200000000000045
excluir_wti_precio_usd,exclusion_variable,2012,81.18,Muy favorable,91.2,-0.47999999999998977
excluir_wti_precio_usd,exclusion_variable,2013,79.54,Favorable,94.9,-0.789999999999992
excluir_wti_precio_usd,exclusion_variable,2014,75.32,Favorable,94.9,-0.710000000000008
excluir_wti_precio_usd,exclusion_variable,2015,73.66,Favorable,94.9,1.8699999999999903
excluir_wti_precio_usd,exclusion_variable,2016,59.59,Intermedio,94.9,1.5700000000000003
excluir_wti_precio_usd,exclusion_variable,2017,51.94,Intermedio,91.2,0.7999999999999972
excluir_wti_precio_usd,exclusion_variable,2018,42.55,Desfavorable,94.9,-0.47000000000000597
excluir_wti_precio_usd,exclusion_variable,2019,31.76,Desfavorable,94.9,-0.4499999999999993
excluir_wti_precio_usd,exclusion_variable,2020,20.68,Muy desfavorable,94.9,0.129999999999999
excluir_wti_precio_usd,exclusion_variable,2021,28.44,Muy desfavorable,94.9,-1.25
excluir_wti_precio_usd,exclusion_variable,2022,33.3,Desfavorable,94.9,-2.6200000000000045
excluir_wti_precio_usd,exclusion_variable,2023,30.27,Muy desfavorable,94.9,-1.7300000000000004
excluir_wti_precio_usd,exclusion_variable,2024,30.69,Muy desfavorable,92.2,-1.6500000000000021
excluir_wti_precio_usd,exclusion_variable,2025,24.55,Muy desfavorable,82.2,-1.379999999999999
excluir_wti_precio_usd,exclusion_variable,2026,38.4,Desfavorable,38.4,-4.280000000000001
excluir_tasa_fed_funds_pct,exclusion_variable,2000,76.85,Favorable,56.9,3.539999999999992
excluir_tasa_fed_funds_pct,exclusion_variable,2001,77.16,Favorable,56.9,1.789999999999992
excluir_tasa_fed_funds_pct,exclusion_variable,2002,68.61,Favorable,56.9,-0.2600000000000051
excluir_tasa_fed_funds_pct,exclusion_variable,2003,63.9,Intermedio,56.9,-0.8800000000000026
excluir_tasa_fed_funds_pct,exclusion_variable,2004,80.85,Favorable,56.9,0.06999999999999318
excluir_tasa_fed_funds_pct,exclusion_variable,2005,83.91,Muy favorable,56.9,1.5999999999999943
excluir_tasa_fed_funds_pct,exclusion_variable,2006,90.24,Muy favorable,66.8,2.509999999999991
excluir_tasa_fed_funds_pct,exclusion_variable,2007,89.65,Muy favorable,66.8,2.5200000000000102
excluir_tasa_fed_funds_pct,exclusion_variable,2008,86.37,Muy favorable,66.8,0.5900000000000034
excluir_tasa_fed_funds_pct,exclusion_variable,2009,82.41,Muy favorable,66.8,-0.5900000000000034
excluir_tasa_fed_funds_pct,exclusion_variable,2010,80.74,Favorable,66.8,-0.6400000000000006
excluir_tasa_fed_funds_pct,exclusion_variable,2011,80.7,Favorable,66.8,-0.6899999999999977
excluir_tasa_fed_funds_pct,exclusion_variable,2012,81.14,Muy favorable,91.4,-0.519999999999996
excluir_tasa_fed_funds_pct,exclusion_variable,2013,79.75,Favorable,95.0,-0.5799999999999983
excluir_tasa_fed_funds_pct,exclusion_variable,2014,75.32,Favorable,95.0,-0.710000000000008
excluir_tasa_fed_funds_pct,exclusion_variable,2015,70.97,Favorable,95.0,-0.8200000000000074
excluir_tasa_fed_funds_pct,exclusion_variable,2016,56.91,Intermedio,95.0,-1.1100000000000065
excluir_tasa_fed_funds_pct,exclusion_variable,2017,50.13,Desfavorable,91.4,-1.009999999999998
excluir_tasa_fed_funds_pct,exclusion_variable,2018,42.16,Desfavorable,95.0,-0.8600000000000065
excluir_tasa_fed_funds_pct,exclusion_variable,2019,31.19,Desfavorable,95.0,-1.0199999999999996
excluir_tasa_fed_funds_pct,exclusion_variable,2020,18.32,Muy desfavorable,95.0,-2.2300000000000004
excluir_tasa_fed_funds_pct,exclusion_variable,2021,27.59,Muy desfavorable,95.0,-2.1000000000000014
excluir_tasa_fed_funds_pct,exclusion_variable,2022,34.78,Desfavorable,95.0,-1.1400000000000006
excluir_tasa_fed_funds_pct,exclusion_variable,2023,32.37,Desfavorable,95.0,0.36999999999999744
excluir_tasa_fed_funds_pct,exclusion_variable,2024,32.78,Desfavorable,92.4,0.4399999999999977
excluir_tasa_fed_funds_pct,exclusion_variable,2025,25.7,Muy desfavorable,82.4,-0.23000000000000043
excluir_tasa_fed_funds_pct,exclusion_variable,2026,43.35,Desfavorable,39.4,0.6700000000000017
excluir_petroleo_crudo_produccion_tbpd,exclusion_variable,2000,61.34,Intermedio,51.0,-11.969999999999999
excluir_petroleo_crudo_produccion_tbpd,exclusion_variable,2001,65.96,Intermedio,51.0,-9.41000000000001
excluir_petroleo_crudo_produccion_tbpd,exclusion_variable,2002,63.59,Intermedio,51.0,-5.280000000000001
excluir_petroleo_crudo_produccion_tbpd,exclusion_variable,2003,60.16,Intermedio,51.0,-4.6200000000000045
excluir_petroleo_crudo_produccion_tbpd,exclusion_variable,2004,78.41,Favorable,51.0,-2.3700000000000045
excluir_petroleo_crudo_produccion_tbpd,exclusion_variable,2005,75.39,Favorable,51.0,-6.920000000000002
excluir_petroleo_crudo_produccion_tbpd,exclusion_variable,2006,85.27,Muy favorable,62.3,-2.460000000000008
excluir_petroleo_crudo_produccion_tbpd,exclusion_variable,2007,84.0,Muy favorable,62.3,-3.1299999999999955
excluir_petroleo_crudo_produccion_tbpd,exclusion_variable,2008,86.42,Muy favorable,62.3,0.6400000000000006
excluir_petroleo_crudo_produccion_tbpd,exclusion_variable,2009,82.61,Muy favorable,62.3,-0.39000000000000057
excluir_petroleo_crudo_produccion_tbpd,exclusion_variable,2010,81.96,Muy favorable,62.3,0.5799999999999983
excluir_petroleo_crudo_produccion_tbpd,exclusion_variable,2011,80.75,Favorable,62.3,-0.6400000000000006
excluir_petroleo_crudo_produccion_tbpd,exclusion_variable,2012,81.25,Muy favorable,90.2,-0.4099999999999966
excluir_petroleo_crudo_produccion_tbpd,exclusion_variable,2013,79.59,Favorable,94.3,-0.7399999999999949
excluir_petroleo_crudo_produccion_tbpd,exclusion_variable,2014,74.25,Favorable,94.3,-1.7800000000000011
excluir_petroleo_crudo_produccion_tbpd,exclusion_variable,2015,69.09,Favorable,94.3,-2.700000000000003
excluir_petroleo_crudo_produccion_tbpd,exclusion_variable,2016,54.38,Intermedio,94.3,-3.6400000000000006
excluir_petroleo_crudo_produccion_tbpd,exclusion_variable,2017,48.47,Desfavorable,90.2,-2.6700000000000017
excluir_petroleo_crudo_produccion_tbpd,exclusion_variable,2018,43.63,Desfavorable,94.3,0.6099999999999994
excluir_petroleo_crudo_produccion_tbpd,exclusion_variable,2019,36.42,Desfavorable,94.3,4.210000000000001
excluir_petroleo_crudo_produccion_tbpd,exclusion_variable,2020,25.53,Muy desfavorable,94.3,4.98
excluir_petroleo_crudo_produccion_tbpd,exclusion_variable,2021,36.2,Desfavorable,94.3,6.510000000000002
excluir_petroleo_crudo_produccion_tbpd,exclusion_variable,2022,42.62,Desfavorable,94.3,6.699999999999996
excluir_petroleo_crudo_produccion_tbpd,exclusion_variable,2023,37.26,Desfavorable,94.3,5.259999999999998
excluir_petroleo_crudo_produccion_tbpd,exclusion_variable,2024,36.74,Desfavorable,91.3,4.399999999999999
excluir_petroleo_crudo_produccion_tbpd,exclusion_variable,2025,27.87,Muy desfavorable,80.0,1.9400000000000013
excluir_petroleo_crudo_produccion_tbpd,exclusion_variable,2026,54.38,Intermedio,31.0,11.700000000000003
excluir_luminosidad_nocturna_idx,exclusion_variable,2000,71.07,Favorable,61.2,-2.240000000000009
excluir_luminosidad_nocturna_idx,exclusion_variable,2001,73.61,Favorable,61.2,-1.7600000000000051
excluir_luminosidad_nocturna_idx,exclusion_variable,2002,67.88,Favorable,61.2,-0.9900000000000091
excluir_luminosidad_nocturna_idx,exclusion_variable,2003,63.91,Intermedio,61.2,-0.8700000000000045
excluir_luminosidad_nocturna_idx,exclusion_variable,2004,80.34,Favorable,61.2,-0.4399999999999977
excluir_luminosidad_nocturna_idx,exclusion_variable,2005,81.01,Muy favorable,61.2,-1.2999999999999972
excluir_luminosidad_nocturna_idx,exclusion_variable,2006,87.23,Muy favorable,71.3,-0.5
excluir_luminosidad_nocturna_idx,exclusion_variable,2007,86.5,Muy favorable,71.3,-0.6299999999999955
excluir_luminosidad_nocturna_idx,exclusion_variable,2008,85.91,Muy favorable,71.3,0.12999999999999545
excluir_luminosidad_nocturna_idx,exclusion_variable,2009,82.92,Muy favorable,71.3,-0.0799999999999983
excluir_luminosidad_nocturna_idx,exclusion_variable,2010,81.5,Muy favorable,71.3,0.12000000000000455
excluir_luminosidad_nocturna_idx,exclusion_variable,2011,81.26,Muy favorable,71.3,-0.12999999999999545
excluir_luminosidad_nocturna_idx,exclusion_variable,2012,81.58,Muy favorable,96.3,-0.0799999999999983
excluir_luminosidad_nocturna_idx,exclusion_variable,2013,80.17,Favorable,100.0,-0.1599999999999966
excluir_luminosidad_nocturna_idx,exclusion_variable,2014,75.65,Favorable,100.0,-0.37999999999999545
excluir_luminosidad_nocturna_idx,exclusion_variable,2015,71.22,Favorable,100.0,-0.5700000000000074
excluir_luminosidad_nocturna_idx,exclusion_variable,2016,57.25,Intermedio,100.0,-0.7700000000000031
excluir_luminosidad_nocturna_idx,exclusion_variable,2017,50.58,Desfavorable,96.3,-0.5600000000000023
excluir_luminosidad_nocturna_idx,exclusion_variable,2018,43.14,Desfavorable,100.0,0.11999999999999744
excluir_luminosidad_nocturna_idx,exclusion_variable,2019,33.1,Desfavorable,100.0,0.8900000000000006
excluir_luminosidad_nocturna_idx,exclusion_variable,2020,21.6,Muy desfavorable,100.0,1.0500000000000007
excluir_luminosidad_nocturna_idx,exclusion_variable,2021,31.07,Desfavorable,100.0,1.379999999999999
excluir_luminosidad_nocturna_idx,exclusion_variable,2022,37.34,Desfavorable,100.0,1.4200000000000017
excluir_luminosidad_nocturna_idx,exclusion_variable,2023,33.11,Desfavorable,100.0,1.1099999999999994
excluir_luminosidad_nocturna_idx,exclusion_variable,2024,33.27,Desfavorable,97.3,0.9299999999999997
excluir_luminosidad_nocturna_idx,exclusion_variable,2025,26.34,Muy desfavorable,87.2,0.41000000000000014
excluir_luminosidad_nocturna_idx,exclusion_variable,2026,44.74,Desfavorable,43.2,2.0600000000000023
excluir_cpi_score,exclusion_variable,2000,78.39,Favorable,69.2,5.079999999999998
excluir_cpi_score,exclusion_variable,2001,75.37,Favorable,61.0,0.0
excluir_cpi_score,exclusion_variable,2002,66.62,Favorable,69.2,-2.25
excluir_cpi_score,exclusion_variable,2003,66.07,Favorable,69.2,1.289999999999992
excluir_cpi_score,exclusion_variable,2004,79.17,Favorable,69.2,-1.6099999999999994
excluir_cpi_score,exclusion_variable,2005,80.71,Favorable,69.2,-1.6000000000000085
excluir_cpi_score,exclusion_variable,2006,83.65,Muy favorable,79.3,-4.079999999999998
excluir_cpi_score,exclusion_variable,2007,82.41,Muy favorable,79.3,-4.719999999999999
excluir_cpi_score,exclusion_variable,2008,81.23,Muy favorable,79.3,-4.549999999999997
excluir_cpi_score,exclusion_variable,2009,79.11,Favorable,79.3,-3.8900000000000006
excluir_cpi_score,exclusion_variable,2010,78.33,Favorable,79.3,-3.049999999999997
excluir_cpi_score,exclusion_variable,2011,78.7,Favorable,79.3,-2.6899999999999977
excluir_cpi_score,exclusion_variable,2012,81.03,Muy favorable,91.2,-0.6299999999999955
excluir_cpi_score,exclusion_variable,2013,79.36,Favorable,94.9,-0.9699999999999989
excluir_cpi_score,exclusion_variable,2014,75.35,Favorable,94.9,-0.6800000000000068
excluir_cpi_score,exclusion_variable,2015,71.88,Favorable,94.9,0.0899999999999892
excluir_cpi_score,exclusion_variable,2016,57.43,Intermedio,94.9,-0.5900000000000034
excluir_cpi_score,exclusion_variable,2017,49.21,Desfavorable,91.2,-1.9299999999999997
excluir_cpi_score,exclusion_variable,2018,41.2,Desfavorable,94.9,-1.8200000000000003
excluir_cpi_score,exclusion_variable,2019,30.84,Muy desfavorable,94.9,-1.370000000000001
excluir_cpi_score,exclusion_variable,2020,19.1,Muy desfavorable,94.9,-1.4499999999999993
excluir_cpi_score,exclusion_variable,2021,29.18,Muy desfavorable,94.9,-0.5100000000000016
excluir_cpi_score,exclusion_variable,2022,35.72,Desfavorable,94.9,-0.20000000000000284
excluir_cpi_score,exclusion_variable,2023,32.1,Desfavorable,94.9,0.10000000000000142
excluir_cpi_score,exclusion_variable,2024,33.94,Desfavorable,92.2,1.5999999999999943
excluir_cpi_score,exclusion_variable,2025,27.36,Muy desfavorable,82.1,1.4299999999999997
excluir_cpi_score,exclusion_variable,2026,42.68,Desfavorable,43.1,0.0
excluir_wgi_promedio_sc,exclusion_variable,2000,73.31,Favorable,61.0,0.0
excluir_wgi_promedio_sc,exclusion_variable,2001,75.37,Favorable,61.0,0.0
excluir_wgi_promedio_sc,exclusion_variable,2002,68.87,Favorable,61.0,0.0
excluir_wgi_promedio_sc,exclusion_variable,2003,64.78,Intermedio,61.0,0.0
excluir_wgi_promedio_sc,exclusion_variable,2004,80.78,Favorable,61.0,0.0
excluir_wgi_promedio_sc,exclusion_variable,2005,82.31,Muy favorable,61.0,0.0
excluir_wgi_promedio_sc,exclusion_variable,2006,87.73,Muy favorable,71.1,0.0
excluir_wgi_promedio_sc,exclusion_variable,2007,87.13,Muy favorable,71.1,0.0
excluir_wgi_promedio_sc,exclusion_variable,2008,85.78,Muy favorable,71.1,0.0
excluir_wgi_promedio_sc,exclusion_variable,2009,83.0,Muy favorable,71.1,0.0
excluir_wgi_promedio_sc,exclusion_variable,2010,81.38,Muy favorable,71.1,0.0
excluir_wgi_promedio_sc,exclusion_variable,2011,81.39,Muy favorable,71.1,0.0
excluir_wgi_promedio_sc,exclusion_variable,2012,83.49,Muy favorable,91.2,1.8299999999999983
excluir_wgi_promedio_sc,exclusion_variable,2013,82.11,Muy favorable,94.9,1.7800000000000011
excluir_wgi_promedio_sc,exclusion_variable,2014,77.92,Favorable,94.9,1.8900000000000006
excluir_wgi_promedio_sc,exclusion_variable,2015,73.7,Favorable,94.9,1.9099999999999966
excluir_wgi_promedio_sc,exclusion_variable,2016,59.39,Intermedio,94.9,1.3699999999999974
excluir_wgi_promedio_sc,exclusion_variable,2017,52.92,Intermedio,91.2,1.7800000000000011
excluir_wgi_promedio_sc,exclusion_variable,2018,45.03,Desfavorable,94.9,2.009999999999998
excluir_wgi_promedio_sc,exclusion_variable,2019,33.79,Desfavorable,94.9,1.5799999999999983
excluir_wgi_promedio_sc,exclusion_variable,2020,21.55,Muy desfavorable,94.9,1.0
excluir_wgi_promedio_sc,exclusion_variable,2021,31.0,Desfavorable,94.9,1.3099999999999987
excluir_wgi_promedio_sc,exclusion_variable,2022,37.25,Desfavorable,94.9,1.3299999999999983
excluir_wgi_promedio_sc,exclusion_variable,2023,33.0,Desfavorable,94.9,1.0
excluir_wgi_promedio_sc,exclusion_variable,2024,33.82,Desfavorable,92.2,1.4799999999999969
excluir_wgi_promedio_sc,exclusion_variable,2025,27.0,Muy desfavorable,82.1,1.0700000000000003
excluir_wgi_promedio_sc,exclusion_variable,2026,42.68,Desfavorable,43.1,0.0
excluir_freedom_house_score,exclusion_variable,2000,73.31,Favorable,60.3,0.0
excluir_freedom_house_score,exclusion_variable,2001,75.37,Favorable,60.3,0.0
excluir_freedom_house_score,exclusion_variable,2002,68.87,Favorable,60.3,0.0
excluir_freedom_house_score,exclusion_variable,2003,64.78,Intermedio,60.3,0.0
excluir_freedom_house_score,exclusion_variable,2004,80.78,Favorable,60.3,0.0
excluir_freedom_house_score,exclusion_variable,2005,82.31,Muy favorable,60.3,0.0
excluir_freedom_house_score,exclusion_variable,2006,87.73,Muy favorable,70.3,0.0
excluir_freedom_house_score,exclusion_variable,2007,87.13,Muy favorable,70.3,0.0
excluir_freedom_house_score,exclusion_variable,2008,85.78,Muy favorable,70.3,0.0
excluir_freedom_house_score,exclusion_variable,2009,83.0,Muy favorable,70.3,0.0
excluir_freedom_house_score,exclusion_variable,2010,81.38,Muy favorable,70.3,0.0
excluir_freedom_house_score,exclusion_variable,2011,81.39,Muy favorable,70.3,0.0
excluir_freedom_house_score,exclusion_variable,2012,80.74,Favorable,91.3,-0.9200000000000017
excluir_freedom_house_score,exclusion_variable,2013,79.75,Favorable,94.9,-0.5799999999999983
excluir_freedom_house_score,exclusion_variable,2014,75.72,Favorable,94.9,-0.3100000000000023
excluir_freedom_house_score,exclusion_variable,2015,71.32,Favorable,94.9,-0.4700000000000131
excluir_freedom_house_score,exclusion_variable,2016,57.75,Intermedio,94.9,-0.2700000000000031
excluir_freedom_house_score,exclusion_variable,2017,51.14,Intermedio,91.3,0.0
excluir_freedom_house_score,exclusion_variable,2018,43.74,Desfavorable,94.9,0.7199999999999989
excluir_freedom_house_score,exclusion_variable,2019,32.96,Desfavorable,94.9,0.75
excluir_freedom_house_score,exclusion_variable,2020,21.16,Muy desfavorable,94.9,0.6099999999999994
excluir_freedom_house_score,exclusion_variable,2021,30.63,Muy desfavorable,94.9,0.9399999999999977
excluir_freedom_house_score,exclusion_variable,2022,36.95,Desfavorable,94.9,1.0300000000000011
excluir_freedom_house_score,exclusion_variable,2023,32.88,Desfavorable,94.9,0.8800000000000026
excluir_freedom_house_score,exclusion_variable,2024,33.52,Desfavorable,92.3,1.1799999999999997
excluir_freedom_house_score,exclusion_variable,2025,26.99,Muy desfavorable,82.3,1.0599999999999987
excluir_freedom_house_score,exclusion_variable,2026,42.68,Desfavorable,42.6,0.0
excluir_wjp_rule_of_law,exclusion_variable,2000,73.31,Favorable,60.3,0.0
excluir_wjp_rule_of_law,exclusion_variable,2001,75.37,Favorable,60.3,0.0
excluir_wjp_rule_of_law,exclusion_variable,2002,68.87,Favorable,60.3,0.0
excluir_wjp_rule_of_law,exclusion_variable,2003,64.78,Intermedio,60.3,0.0
excluir_wjp_rule_of_law,exclusion_variable,2004,80.78,Favorable,60.3,0.0
excluir_wjp_rule_of_law,exclusion_variable,2005,82.31,Muy favorable,60.3,0.0
excluir_wjp_rule_of_law,exclusion_variable,2006,87.73,Muy favorable,70.3,0.0
excluir_wjp_rule_of_law,exclusion_variable,2007,87.13,Muy favorable,70.3,0.0
excluir_wjp_rule_of_law,exclusion_variable,2008,85.78,Muy favorable,70.3,0.0
excluir_wjp_rule_of_law,exclusion_variable,2009,83.0,Muy favorable,70.3,0.0
excluir_wjp_rule_of_law,exclusion_variable,2010,81.38,Muy favorable,70.3,0.0
excluir_wjp_rule_of_law,exclusion_variable,2011,81.39,Muy favorable,70.3,0.0
excluir_wjp_rule_of_law,exclusion_variable,2012,81.9,Muy favorable,94.9,0.2400000000000091
excluir_wjp_rule_of_law,exclusion_variable,2013,79.61,Favorable,94.9,-0.7199999999999989
excluir_wjp_rule_of_law,exclusion_variable,2014,76.93,Favorable,94.9,0.9000000000000057
excluir_wjp_rule_of_law,exclusion_variable,2015,72.45,Favorable,94.9,0.6599999999999966
excluir_wjp_rule_of_law,exclusion_variable,2016,59.47,Intermedio,94.9,1.4499999999999957
excluir_wjp_rule_of_law,exclusion_variable,2017,51.32,Intermedio,94.9,0.17999999999999972
excluir_wjp_rule_of_law,exclusion_variable,2018,43.61,Desfavorable,94.9,0.5899999999999963
excluir_wjp_rule_of_law,exclusion_variable,2019,32.77,Desfavorable,94.9,0.5600000000000023
excluir_wjp_rule_of_law,exclusion_variable,2020,20.95,Muy desfavorable,94.9,0.3999999999999986
excluir_wjp_rule_of_law,exclusion_variable,2021,30.57,Muy desfavorable,94.9,0.879999999999999
excluir_wjp_rule_of_law,exclusion_variable,2022,37.17,Desfavorable,94.9,1.25
excluir_wjp_rule_of_law,exclusion_variable,2023,33.01,Desfavorable,94.9,1.009999999999998
excluir_wjp_rule_of_law,exclusion_variable,2024,33.49,Desfavorable,92.3,1.1499999999999986
excluir_wjp_rule_of_law,exclusion_variable,2025,26.99,Muy desfavorable,82.3,1.0599999999999987
excluir_wjp_rule_of_law,exclusion_variable,2026,42.68,Desfavorable,42.6,0.0
excluir_pts_terror_politico,exclusion_variable,2000,73.31,Favorable,60.0,0.0
excluir_pts_terror_politico,exclusion_variable,2001,75.37,Favorable,60.0,0.0
excluir_pts_terror_politico,exclusion_variable,2002,68.87,Favorable,60.0,0.0
excluir_pts_terror_politico,exclusion_variable,2003,64.78,Intermedio,60.0,0.0
excluir_pts_terror_politico,exclusion_variable,2004,80.78,Favorable,60.0,0.0
excluir_pts_terror_politico,exclusion_variable,2005,82.31,Muy favorable,60.0,0.0
excluir_pts_terror_politico,exclusion_variable,2006,87.73,Muy favorable,70.0,0.0
excluir_pts_terror_politico,exclusion_variable,2007,87.13,Muy favorable,70.0,0.0
excluir_pts_terror_politico,exclusion_variable,2008,85.78,Muy favorable,70.0,0.0
excluir_pts_terror_politico,exclusion_variable,2009,83.0,Muy favorable,70.0,0.0
excluir_pts_terror_politico,exclusion_variable,2010,81.38,Muy favorable,70.0,0.0
excluir_pts_terror_politico,exclusion_variable,2011,81.39,Muy favorable,70.0,0.0
excluir_pts_terror_politico,exclusion_variable,2012,82.49,Muy favorable,91.3,0.8299999999999983
excluir_pts_terror_politico,exclusion_variable,2013,80.34,Favorable,95.0,0.010000000000005116
excluir_pts_terror_politico,exclusion_variable,2014,76.33,Favorable,95.0,0.29999999999999716
excluir_pts_terror_politico,exclusion_variable,2015,71.95,Favorable,95.0,0.1599999999999966
excluir_pts_terror_politico,exclusion_variable,2016,58.17,Intermedio,95.0,0.14999999999999858
excluir_pts_terror_politico,exclusion_variable,2017,52.1,Intermedio,91.3,0.9600000000000009
excluir_pts_terror_politico,exclusion_variable,2018,43.11,Desfavorable,95.0,0.0899999999999963
excluir_pts_terror_politico,exclusion_variable,2019,32.82,Desfavorable,95.0,0.6099999999999994
excluir_pts_terror_politico,exclusion_variable,2020,21.21,Muy desfavorable,95.0,0.6600000000000001
excluir_pts_terror_politico,exclusion_variable,2021,30.22,Muy desfavorable,95.0,0.5299999999999976
excluir_pts_terror_politico,exclusion_variable,2022,36.21,Desfavorable,95.0,0.28999999999999915
excluir_pts_terror_politico,exclusion_variable,2023,32.17,Desfavorable,95.0,0.1700000000000017
excluir_pts_terror_politico,exclusion_variable,2024,32.52,Desfavorable,92.3,0.17999999999999972
excluir_pts_terror_politico,exclusion_variable,2025,26.8,Muy desfavorable,85.6,0.870000000000001
excluir_pts_terror_politico,exclusion_variable,2026,42.68,Desfavorable,42.4,0.0
excluir_exportaciones_pct_pib,exclusion_variable,2000,76.85,Favorable,69.1,3.539999999999992
excluir_exportaciones_pct_pib,exclusion_variable,2001,78.63,Favorable,69.1,3.259999999999991
excluir_exportaciones_pct_pib,exclusion_variable,2002,72.99,Favorable,69.1,4.11999999999999
excluir_exportaciones_pct_pib,exclusion_variable,2003,69.43,Favorable,69.1,4.650000000000006
excluir_exportaciones_pct_pib,exclusion_variable,2004,83.3,Muy favorable,69.1,2.519999999999996
excluir_exportaciones_pct_pib,exclusion_variable,2005,84.61,Muy favorable,69.1,2.299999999999997
excluir_exportaciones_pct_pib,exclusion_variable,2006,86.56,Muy favorable,73.5,-1.1700000000000017
excluir_exportaciones_pct_pib,exclusion_variable,2007,85.77,Muy favorable,73.5,-1.3599999999999994
excluir_exportaciones_pct_pib,exclusion_variable,2008,84.32,Muy favorable,73.5,-1.460000000000008
excluir_exportaciones_pct_pib,exclusion_variable,2009,81.68,Muy favorable,73.5,-1.3199999999999932
excluir_exportaciones_pct_pib,exclusion_variable,2010,80.39,Favorable,73.5,-0.9899999999999949
excluir_exportaciones_pct_pib,exclusion_variable,2011,81.12,Muy favorable,73.5,-0.269999999999996
excluir_exportaciones_pct_pib,exclusion_variable,2012,84.47,Muy favorable,90.9,2.8100000000000023
excluir_exportaciones_pct_pib,exclusion_variable,2013,82.85,Muy favorable,94.7,2.519999999999996
excluir_exportaciones_pct_pib,exclusion_variable,2014,74.93,Favorable,94.7,-1.0999999999999943
excluir_exportaciones_pct_pib,exclusion_variable,2015,71.0,Favorable,94.7,-0.7900000000000063
excluir_exportaciones_pct_pib,exclusion_variable,2016,58.42,Intermedio,94.7,0.3999999999999986
excluir_exportaciones_pct_pib,exclusion_variable,2017,50.44,Desfavorable,90.9,-0.7000000000000028
excluir_exportaciones_pct_pib,exclusion_variable,2018,39.35,Desfavorable,94.7,-3.6700000000000017
excluir_exportaciones_pct_pib,exclusion_variable,2019,26.47,Muy desfavorable,94.7,-5.740000000000002
excluir_exportaciones_pct_pib,exclusion_variable,2020,22.29,Muy desfavorable,94.7,1.7399999999999984
excluir_exportaciones_pct_pib,exclusion_variable,2021,31.62,Desfavorable,94.7,1.9299999999999997
excluir_exportaciones_pct_pib,exclusion_variable,2022,38.13,Desfavorable,94.7,2.210000000000001
excluir_exportaciones_pct_pib,exclusion_variable,2023,33.45,Desfavorable,94.7,1.4500000000000028
excluir_exportaciones_pct_pib,exclusion_variable,2024,34.16,Desfavorable,92.0,1.8199999999999932
excluir_exportaciones_pct_pib,exclusion_variable,2025,27.84,Muy desfavorable,81.5,1.9100000000000001
excluir_exportaciones_pct_pib,exclusion_variable,2026,42.68,Desfavorable,44.6,0.0
excluir_migrantes_vzla_millones,exclusion_variable,2000,73.31,Favorable,61.6,0.0
excluir_migrantes_vzla_millones,exclusion_variable,2001,75.37,Favorable,61.6,0.0
excluir_migrantes_vzla_millones,exclusion_variable,2002,68.87,Favorable,61.6,0.0
excluir_migrantes_vzla_millones,exclusion_variable,2003,64.78,Intermedio,61.6,0.0
excluir_migrantes_vzla_millones,exclusion_variable,2004,80.78,Favorable,61.6,0.0
excluir_migrantes_vzla_millones,exclusion_variable,2005,82.31,Muy favorable,61.6,0.0
excluir_migrantes_vzla_millones,exclusion_variable,2006,84.72,Muy favorable,61.6,-3.010000000000005
excluir_migrantes_vzla_millones,exclusion_variable,2007,83.63,Muy favorable,61.6,-3.5
excluir_migrantes_vzla_millones,exclusion_variable,2008,82.01,Muy favorable,61.6,-3.769999999999996
excluir_migrantes_vzla_millones,exclusion_variable,2009,79.61,Favorable,61.6,-3.3900000000000006
excluir_migrantes_vzla_millones,exclusion_variable,2010,78.84,Favorable,61.6,-2.539999999999992
excluir_migrantes_vzla_millones,exclusion_variable,2011,80.7,Favorable,61.6,-0.6899999999999977
excluir_migrantes_vzla_millones,exclusion_variable,2012,80.62,Favorable,91.1,-1.039999999999992
excluir_migrantes_vzla_millones,exclusion_variable,2013,79.21,Favorable,94.8,-1.1200000000000045
excluir_migrantes_vzla_millones,exclusion_variable,2014,74.68,Favorable,94.8,-1.3499999999999943
excluir_migrantes_vzla_millones,exclusion_variable,2015,70.22,Favorable,94.8,-1.5700000000000074
excluir_migrantes_vzla_millones,exclusion_variable,2016,55.75,Intermedio,94.8,-2.270000000000003
excluir_migrantes_vzla_millones,exclusion_variable,2017,48.82,Desfavorable,91.1,-2.3200000000000003
excluir_migrantes_vzla_millones,exclusion_variable,2018,41.33,Desfavorable,94.8,-1.6900000000000048
excluir_migrantes_vzla_millones,exclusion_variable,2019,31.25,Desfavorable,94.8,-0.9600000000000009
excluir_migrantes_vzla_millones,exclusion_variable,2020,19.36,Muy desfavorable,94.8,-1.1900000000000013
excluir_migrantes_vzla_millones,exclusion_variable,2021,29.53,Muy desfavorable,94.8,-0.16000000000000014
excluir_migrantes_vzla_millones,exclusion_variable,2022,36.79,Desfavorable,94.8,0.8699999999999974
excluir_migrantes_vzla_millones,exclusion_variable,2023,33.25,Desfavorable,94.8,1.25
excluir_migrantes_vzla_millones,exclusion_variable,2024,34.23,Desfavorable,92.1,1.8899999999999935
excluir_migrantes_vzla_millones,exclusion_variable,2025,27.11,Muy desfavorable,81.9,1.1799999999999997
excluir_migrantes_vzla_millones,exclusion_variable,2026,42.68,Desfavorable,43.5,0.0
excluir_lsci_conectividad_maritima,exclusion_variable,2000,73.31,Favorable,60.7,0.0
excluir_lsci_conectividad_maritima,exclusion_variable,2001,75.37,Favorable,60.7,0.0
excluir_lsci_conectividad_maritima,exclusion_variable,2002,68.87,Favorable,60.7,0.0
excluir_lsci_conectividad_maritima,exclusion_variable,2003,64.78,Intermedio,60.7,0.0
excluir_lsci_conectividad_maritima,exclusion_variable,2004,80.78,Favorable,60.7,0.0
excluir_lsci_conectividad_maritima,exclusion_variable,2005,82.31,Muy favorable,60.7,0.0
excluir_lsci_conectividad_maritima,exclusion_variable,2006,84.72,Muy favorable,60.7,-3.010000000000005
excluir_lsci_conectividad_maritima,exclusion_variable,2007,83.63,Muy favorable,60.7,-3.5
excluir_lsci_conectividad_maritima,exclusion_variable,2008,82.01,Muy favorable,60.7,-3.769999999999996
excluir_lsci_conectividad_maritima,exclusion_variable,2009,79.61,Favorable,60.7,-3.3900000000000006
excluir_lsci_conectividad_maritima,exclusion_variable,2010,78.84,Favorable,60.7,-2.539999999999992
excluir_lsci_conectividad_maritima,exclusion_variable,2011,80.7,Favorable,60.7,-0.6899999999999977
excluir_lsci_conectividad_maritima,exclusion_variable,2012,81.91,Muy favorable,91.2,0.25
excluir_lsci_conectividad_maritima,exclusion_variable,2013,80.51,Favorable,94.9,0.18000000000000682
excluir_lsci_conectividad_maritima,exclusion_variable,2014,76.45,Favorable,94.9,0.4200000000000017
excluir_lsci_conectividad_maritima,exclusion_variable,2015,72.71,Favorable,94.9,0.9199999999999875
excluir_lsci_conectividad_maritima,exclusion_variable,2016,58.79,Intermedio,94.9,0.769999999999996
excluir_lsci_conectividad_maritima,exclusion_variable,2017,52.26,Intermedio,91.2,1.1199999999999974
excluir_lsci_conectividad_maritima,exclusion_variable,2018,43.77,Desfavorable,94.9,0.75
excluir_lsci_conectividad_maritima,exclusion_variable,2019,32.63,Desfavorable,94.9,0.4200000000000017
excluir_lsci_conectividad_maritima,exclusion_variable,2020,20.68,Muy desfavorable,94.9,0.129999999999999
excluir_lsci_conectividad_maritima,exclusion_variable,2021,30.76,Muy desfavorable,94.9,1.0700000000000003
excluir_lsci_conectividad_maritima,exclusion_variable,2022,37.47,Desfavorable,94.9,1.5499999999999972
excluir_lsci_conectividad_maritima,exclusion_variable,2023,33.16,Desfavorable,94.9,1.1599999999999966
excluir_lsci_conectividad_maritima,exclusion_variable,2024,33.25,Desfavorable,92.3,0.9099999999999966
excluir_lsci_conectividad_maritima,exclusion_variable,2025,26.66,Muy desfavorable,82.2,0.7300000000000004
excluir_lsci_conectividad_maritima,exclusion_variable,2026,42.68,Desfavorable,42.9,0.0
excluir_hdi,exclusion_variable,2000,76.0,Favorable,57.1,2.6899999999999977
excluir_hdi,exclusion_variable,2001,77.87,Favorable,57.1,2.5
excluir_hdi,exclusion_variable,2002,70.67,Favorable,57.1,1.7999999999999972
excluir_hdi,exclusion_variable,2003,66.89,Favorable,57.1,2.1099999999999994
excluir_hdi,exclusion_variable,2004,82.97,Muy favorable,57.1,2.1899999999999977
excluir_hdi,exclusion_variable,2005,84.02,Muy favorable,57.1,1.7099999999999937
excluir_hdi,exclusion_variable,2006,88.9,Muy favorable,67.0,1.1700000000000017
excluir_hdi,exclusion_variable,2007,87.55,Muy favorable,67.0,0.4200000000000017
excluir_hdi,exclusion_variable,2008,85.91,Muy favorable,67.0,0.12999999999999545
excluir_hdi,exclusion_variable,2009,82.99,Muy favorable,67.0,-0.010000000000005116
excluir_hdi,exclusion_variable,2010,81.15,Muy favorable,67.0,-0.22999999999998977
excluir_hdi,exclusion_variable,2011,80.91,Favorable,67.0,-0.480000000000004
excluir_hdi,exclusion_variable,2012,81.22,Muy favorable,91.4,-0.4399999999999977
excluir_hdi,exclusion_variable,2013,79.81,Favorable,95.0,-0.519999999999996
excluir_hdi,exclusion_variable,2014,75.51,Favorable,95.0,-0.519999999999996
excluir_hdi,exclusion_variable,2015,71.22,Favorable,95.0,-0.5700000000000074
excluir_hdi,exclusion_variable,2016,57.33,Intermedio,95.0,-0.6900000000000048
excluir_hdi,exclusion_variable,2017,50.68,Desfavorable,91.4,-0.46000000000000085
excluir_hdi,exclusion_variable,2018,42.61,Desfavorable,95.0,-0.4100000000000037
excluir_hdi,exclusion_variable,2019,32.1,Desfavorable,95.0,-0.10999999999999943
excluir_hdi,exclusion_variable,2020,20.98,Muy desfavorable,95.0,0.4299999999999997
excluir_hdi,exclusion_variable,2021,30.46,Muy desfavorable,95.0,0.7699999999999996
excluir_hdi,exclusion_variable,2022,36.52,Desfavorable,95.0,0.6000000000000014
excluir_hdi,exclusion_variable,2023,32.39,Desfavorable,95.0,0.39000000000000057
excluir_hdi,exclusion_variable,2024,32.06,Desfavorable,95.0,-0.28000000000000114
excluir_hdi,exclusion_variable,2025,25.93,Muy desfavorable,85.1,0.0
excluir_hdi,exclusion_variable,2026,42.68,Desfavorable,42.2,0.0
excluir_esperanza_vida_anos,exclusion_variable,2000,73.7,Favorable,57.5,0.39000000000000057
excluir_esperanza_vida_anos,exclusion_variable,2001,77.37,Favorable,57.5,2.0
excluir_esperanza_vida_anos,exclusion_variable,2002,68.64,Favorable,57.5,-0.23000000000000398
excluir_esperanza_vida_anos,exclusion_variable,2003,65.31,Intermedio,57.5,0.5300000000000011
excluir_esperanza_vida_anos,exclusion_variable,2004,80.95,Favorable,57.5,0.1700000000000017
excluir_esperanza_vida_anos,exclusion_variable,2005,82.15,Muy favorable,57.5,-0.1599999999999966
excluir_esperanza_vida_anos,exclusion_variable,2006,87.81,Muy favorable,67.3,0.0799999999999983
excluir_esperanza_vida_anos,exclusion_variable,2007,86.86,Muy favorable,67.3,-0.269999999999996
excluir_esperanza_vida_anos,exclusion_variable,2008,86.17,Muy favorable,67.3,0.39000000000000057
excluir_esperanza_vida_anos,exclusion_variable,2009,83.14,Muy favorable,67.3,0.14000000000000057
excluir_esperanza_vida_anos,exclusion_variable,2010,81.22,Muy favorable,67.3,-0.1599999999999966
excluir_esperanza_vida_anos,exclusion_variable,2011,81.23,Muy favorable,67.3,-0.1599999999999966
excluir_esperanza_vida_anos,exclusion_variable,2012,81.55,Muy favorable,91.5,-0.10999999999999943
excluir_esperanza_vida_anos,exclusion_variable,2013,80.19,Favorable,95.0,-0.14000000000000057
excluir_esperanza_vida_anos,exclusion_variable,2014,76.0,Favorable,95.0,-0.030000000000001137
excluir_esperanza_vida_anos,exclusion_variable,2015,71.57,Favorable,95.0,-0.22000000000001307
excluir_esperanza_vida_anos,exclusion_variable,2016,58.28,Intermedio,95.0,0.259999999999998
excluir_esperanza_vida_anos,exclusion_variable,2017,51.36,Intermedio,91.5,0.21999999999999886
excluir_esperanza_vida_anos,exclusion_variable,2018,42.57,Desfavorable,95.0,-0.45000000000000284
excluir_esperanza_vida_anos,exclusion_variable,2019,31.5,Desfavorable,95.0,-0.7100000000000009
excluir_esperanza_vida_anos,exclusion_variable,2020,19.93,Muy desfavorable,95.0,-0.620000000000001
excluir_esperanza_vida_anos,exclusion_variable,2021,29.81,Muy desfavorable,95.0,0.11999999999999744
excluir_esperanza_vida_anos,exclusion_variable,2022,35.42,Desfavorable,95.0,-0.5
excluir_esperanza_vida_anos,exclusion_variable,2023,31.46,Desfavorable,95.0,-0.5399999999999991
excluir_esperanza_vida_anos,exclusion_variable,2024,31.46,Desfavorable,92.5,-0.8800000000000026
excluir_esperanza_vida_anos,exclusion_variable,2025,25.93,Muy desfavorable,84.3,0.0
excluir_esperanza_vida_anos,exclusion_variable,2026,42.68,Desfavorable,41.8,0.0
excluir_mortalidad_infantil_x1000,exclusion_variable,2000,73.81,Favorable,57.5,0.5
excluir_mortalidad_infantil_x1000,exclusion_variable,2001,75.73,Favorable,57.5,0.35999999999999943
excluir_mortalidad_infantil_x1000,exclusion_variable,2002,68.9,Favorable,57.5,0.030000000000001137
excluir_mortalidad_infantil_x1000,exclusion_variable,2003,64.54,Intermedio,57.5,-0.23999999999999488
excluir_mortalidad_infantil_x1000,exclusion_variable,2004,80.78,Favorable,57.5,0.0
excluir_mortalidad_infantil_x1000,exclusion_variable,2005,82.19,Muy favorable,57.5,-0.12000000000000455
excluir_mortalidad_infantil_x1000,exclusion_variable,2006,87.6,Muy favorable,67.3,-0.13000000000000966
excluir_mortalidad_infantil_x1000,exclusion_variable,2007,86.89,Muy favorable,67.3,-0.23999999999999488
excluir_mortalidad_infantil_x1000,exclusion_variable,2008,85.49,Muy favorable,67.3,-0.29000000000000625
excluir_mortalidad_infantil_x1000,exclusion_variable,2009,82.64,Muy favorable,67.3,-0.35999999999999943
excluir_mortalidad_infantil_x1000,exclusion_variable,2010,81.02,Muy favorable,67.3,-0.35999999999999943
excluir_mortalidad_infantil_x1000,exclusion_variable,2011,81.12,Muy favorable,67.3,-0.269999999999996
excluir_mortalidad_infantil_x1000,exclusion_variable,2012,81.53,Muy favorable,91.5,-0.12999999999999545
excluir_mortalidad_infantil_x1000,exclusion_variable,2013,80.24,Favorable,95.0,-0.09000000000000341
excluir_mortalidad_infantil_x1000,exclusion_variable,2014,75.98,Favorable,95.0,-0.04999999999999716
excluir_mortalidad_infantil_x1000,exclusion_variable,2015,71.83,Favorable,95.0,0.03999999999999204
excluir_mortalidad_infantil_x1000,exclusion_variable,2016,58.98,Intermedio,95.0,0.9599999999999937
excluir_mortalidad_infantil_x1000,exclusion_variable,2017,51.99,Intermedio,91.5,0.8500000000000014
excluir_mortalidad_infantil_x1000,exclusion_variable,2018,43.73,Desfavorable,95.0,0.7099999999999937
excluir_mortalidad_infantil_x1000,exclusion_variable,2019,32.74,Desfavorable,95.0,0.5300000000000011
excluir_mortalidad_infantil_x1000,exclusion_variable,2020,20.89,Muy desfavorable,95.0,0.33999999999999986
excluir_mortalidad_infantil_x1000,exclusion_variable,2021,30.18,Muy desfavorable,95.0,0.48999999999999844
excluir_mortalidad_infantil_x1000,exclusion_variable,2022,36.52,Desfavorable,95.0,0.6000000000000014
excluir_mortalidad_infantil_x1000,exclusion_variable,2023,32.53,Desfavorable,95.0,0.5300000000000011
excluir_mortalidad_infantil_x1000,exclusion_variable,2024,33.25,Desfavorable,92.5,0.9099999999999966
excluir_mortalidad_infantil_x1000,exclusion_variable,2025,25.93,Muy desfavorable,84.3,0.0
excluir_mortalidad_infantil_x1000,exclusion_variable,2026,42.68,Desfavorable,41.8,0.0
excluir_acceso_electricidad_pct,exclusion_variable,2000,73.28,Favorable,57.5,-0.030000000000001137
excluir_acceso_electricidad_pct,exclusion_variable,2001,74.77,Favorable,57.5,-0.6000000000000085
excluir_acceso_electricidad_pct,exclusion_variable,2002,68.17,Favorable,57.5,-0.7000000000000028
excluir_acceso_electricidad_pct,exclusion_variable,2003,66.5,Favorable,57.5,1.7199999999999989
excluir_acceso_electricidad_pct,exclusion_variable,2004,80.83,Favorable,57.5,0.04999999999999716
excluir_acceso_electricidad_pct,exclusion_variable,2005,82.58,Muy favorable,57.5,0.269999999999996
excluir_acceso_electricidad_pct,exclusion_variable,2006,87.81,Muy favorable,67.3,0.0799999999999983
excluir_acceso_electricidad_pct,exclusion_variable,2007,87.39,Muy favorable,67.3,0.2600000000000051
excluir_acceso_electricidad_pct,exclusion_variable,2008,86.02,Muy favorable,67.3,0.23999999999999488
excluir_acceso_electricidad_pct,exclusion_variable,2009,83.13,Muy favorable,67.3,0.12999999999999545
excluir_acceso_electricidad_pct,exclusion_variable,2010,81.43,Muy favorable,67.3,0.05000000000001137
excluir_acceso_electricidad_pct,exclusion_variable,2011,81.58,Muy favorable,67.3,0.18999999999999773
excluir_acceso_electricidad_pct,exclusion_variable,2012,81.63,Muy favorable,91.5,-0.030000000000001137
excluir_acceso_electricidad_pct,exclusion_variable,2013,80.23,Favorable,95.0,-0.09999999999999432
excluir_acceso_electricidad_pct,exclusion_variable,2014,75.63,Favorable,95.0,-0.4000000000000057
excluir_acceso_electricidad_pct,exclusion_variable,2015,71.32,Favorable,95.0,-0.4700000000000131
excluir_acceso_electricidad_pct,exclusion_variable,2016,57.55,Intermedio,95.0,-0.47000000000000597
excluir_acceso_electricidad_pct,exclusion_variable,2017,50.64,Desfavorable,91.5,-0.5
excluir_acceso_electricidad_pct,exclusion_variable,2018,42.11,Desfavorable,95.0,-0.9100000000000037
excluir_acceso_electricidad_pct,exclusion_variable,2019,31.16,Desfavorable,95.0,-1.0500000000000007
excluir_acceso_electricidad_pct,exclusion_variable,2020,19.27,Muy desfavorable,95.0,-1.2800000000000011
excluir_acceso_electricidad_pct,exclusion_variable,2021,28.52,Muy desfavorable,95.0,-1.1700000000000017
excluir_acceso_electricidad_pct,exclusion_variable,2022,34.86,Desfavorable,95.0,-1.0600000000000023
excluir_acceso_electricidad_pct,exclusion_variable,2023,30.87,Muy desfavorable,95.0,-1.129999999999999
excluir_acceso_electricidad_pct,exclusion_variable,2024,30.73,Muy desfavorable,92.5,-1.610000000000003
excluir_acceso_electricidad_pct,exclusion_variable,2025,25.93,Muy desfavorable,84.3,0.0
excluir_acceso_electricidad_pct,exclusion_variable,2026,42.68,Desfavorable,41.8,0.0
excluir_empleo_vulnerable_oit_pct,exclusion_variable,2000,74.68,Favorable,57.5,1.3700000000000045
excluir_empleo_vulnerable_oit_pct,exclusion_variable,2001,75.89,Favorable,57.5,0.519999999999996
excluir_empleo_vulnerable_oit_pct,exclusion_variable,2002,69.23,Favorable,57.5,0.35999999999999943
excluir_empleo_vulnerable_oit_pct,exclusion_variable,2003,65.37,Intermedio,57.5,0.5900000000000034
excluir_empleo_vulnerable_oit_pct,exclusion_variable,2004,81.0,Muy favorable,57.5,0.21999999999999886
excluir_empleo_vulnerable_oit_pct,exclusion_variable,2005,82.47,Muy favorable,57.5,0.1599999999999966
excluir_empleo_vulnerable_oit_pct,exclusion_variable,2006,87.76,Muy favorable,67.3,0.030000000000001137
excluir_empleo_vulnerable_oit_pct,exclusion_variable,2007,86.86,Muy favorable,67.3,-0.269999999999996
excluir_empleo_vulnerable_oit_pct,exclusion_variable,2008,85.76,Muy favorable,67.3,-0.01999999999999602
excluir_empleo_vulnerable_oit_pct,exclusion_variable,2009,83.09,Muy favorable,67.3,0.09000000000000341
excluir_empleo_vulnerable_oit_pct,exclusion_variable,2010,81.94,Muy favorable,67.3,0.5600000000000023
excluir_empleo_vulnerable_oit_pct,exclusion_variable,2011,81.88,Muy favorable,67.3,0.4899999999999949
excluir_empleo_vulnerable_oit_pct,exclusion_variable,2012,81.82,Muy favorable,91.5,0.1599999999999966
excluir_empleo_vulnerable_oit_pct,exclusion_variable,2013,80.4,Favorable,95.0,0.07000000000000739
excluir_empleo_vulnerable_oit_pct,exclusion_variable,2014,76.01,Favorable,95.0,-0.01999999999999602
excluir_empleo_vulnerable_oit_pct,exclusion_variable,2015,71.7,Favorable,95.0,-0.09000000000000341
excluir_empleo_vulnerable_oit_pct,exclusion_variable,2016,57.72,Intermedio,95.0,-0.30000000000000426
excluir_empleo_vulnerable_oit_pct,exclusion_variable,2017,50.97,Desfavorable,91.5,-0.1700000000000017
excluir_empleo_vulnerable_oit_pct,exclusion_variable,2018,43.05,Desfavorable,95.0,0.02999999999999403
excluir_empleo_vulnerable_oit_pct,exclusion_variable,2019,32.43,Desfavorable,95.0,0.21999999999999886
excluir_empleo_vulnerable_oit_pct,exclusion_variable,2020,20.7,Muy desfavorable,95.0,0.14999999999999858
excluir_empleo_vulnerable_oit_pct,exclusion_variable,2021,29.77,Muy desfavorable,95.0,0.0799999999999983
excluir_empleo_vulnerable_oit_pct,exclusion_variable,2022,36.32,Desfavorable,95.0,0.3999999999999986
excluir_empleo_vulnerable_oit_pct,exclusion_variable,2023,32.46,Desfavorable,95.0,0.46000000000000085
excluir_empleo_vulnerable_oit_pct,exclusion_variable,2024,33.21,Desfavorable,92.5,0.8699999999999974
excluir_empleo_vulnerable_oit_pct,exclusion_variable,2025,25.93,Muy desfavorable,84.3,0.0
excluir_empleo_vulnerable_oit_pct,exclusion_variable,2026,42.68,Desfavorable,41.8,0.0
excluir_guardian_tono_titulares,exclusion_variable,2000,73.26,Favorable,55.6,-0.04999999999999716
excluir_guardian_tono_titulares,exclusion_variable,2001,74.67,Favorable,55.6,-0.7000000000000028
excluir_guardian_tono_titulares,exclusion_variable,2002,68.8,Favorable,55.6,-0.07000000000000739
excluir_guardian_tono_titulares,exclusion_variable,2003,63.0,Intermedio,55.6,-1.7800000000000011
excluir_guardian_tono_titulares,exclusion_variable,2004,80.81,Favorable,55.6,0.030000000000001137
excluir_guardian_tono_titulares,exclusion_variable,2005,84.08,Muy favorable,55.6,1.769999999999996
excluir_guardian_tono_titulares,exclusion_variable,2006,86.76,Muy favorable,65.8,-0.9699999999999989
excluir_guardian_tono_titulares,exclusion_variable,2007,87.91,Muy favorable,65.8,0.7800000000000011
excluir_guardian_tono_titulares,exclusion_variable,2008,86.32,Muy favorable,65.8,0.539999999999992
excluir_guardian_tono_titulares,exclusion_variable,2009,82.78,Muy favorable,65.8,-0.21999999999999886
excluir_guardian_tono_titulares,exclusion_variable,2010,82.01,Muy favorable,65.8,0.6300000000000097
excluir_guardian_tono_titulares,exclusion_variable,2011,84.07,Muy favorable,65.8,2.6799999999999926
excluir_guardian_tono_titulares,exclusion_variable,2012,81.06,Muy favorable,91.1,-0.5999999999999943
excluir_guardian_tono_titulares,exclusion_variable,2013,81.12,Muy favorable,94.8,0.7900000000000063
excluir_guardian_tono_titulares,exclusion_variable,2014,78.71,Favorable,94.8,2.6799999999999926
excluir_guardian_tono_titulares,exclusion_variable,2015,71.85,Favorable,94.8,0.05999999999998806
excluir_guardian_tono_titulares,exclusion_variable,2016,58.17,Intermedio,94.8,0.14999999999999858
excluir_guardian_tono_titulares,exclusion_variable,2017,54.34,Intermedio,91.1,3.200000000000003
excluir_guardian_tono_titulares,exclusion_variable,2018,42.56,Desfavorable,94.8,-0.46000000000000085
excluir_guardian_tono_titulares,exclusion_variable,2019,31.4,Desfavorable,94.8,-0.8100000000000023
excluir_guardian_tono_titulares,exclusion_variable,2020,19.71,Muy desfavorable,94.8,-0.8399999999999999
excluir_guardian_tono_titulares,exclusion_variable,2021,27.43,Muy desfavorable,94.8,-2.2600000000000016
excluir_guardian_tono_titulares,exclusion_variable,2022,34.4,Desfavorable,94.8,-1.5200000000000031
excluir_guardian_tono_titulares,exclusion_variable,2023,30.24,Muy desfavorable,94.8,-1.7600000000000016
excluir_guardian_tono_titulares,exclusion_variable,2024,31.2,Desfavorable,92.1,-1.1400000000000041
excluir_guardian_tono_titulares,exclusion_variable,2025,25.28,Muy desfavorable,81.9,-0.6499999999999986
excluir_guardian_tono_titulares,exclusion_variable,2026,41.7,Desfavorable,37.4,-0.9799999999999969
excluir_guardian_articulos_venezuela,exclusion_variable,2000,72.1,Favorable,56.8,-1.210000000000008
excluir_guardian_articulos_venezuela,exclusion_variable,2001,74.06,Favorable,56.8,-1.3100000000000023
excluir_guardian_articulos_venezuela,exclusion_variable,2002,67.57,Favorable,56.8,-1.3000000000000114
excluir_guardian_articulos_venezuela,exclusion_variable,2003,63.35,Intermedio,56.8,-1.4299999999999997
excluir_guardian_articulos_venezuela,exclusion_variable,2004,80.23,Favorable,56.8,-0.5499999999999972
excluir_guardian_articulos_venezuela,exclusion_variable,2005,81.81,Muy favorable,56.8,-0.5
excluir_guardian_articulos_venezuela,exclusion_variable,2006,88.38,Muy favorable,66.7,0.6499999999999915
excluir_guardian_articulos_venezuela,exclusion_variable,2007,88.27,Muy favorable,66.7,1.1400000000000006
excluir_guardian_articulos_venezuela,exclusion_variable,2008,86.73,Muy favorable,66.7,0.9500000000000028
excluir_guardian_articulos_venezuela,exclusion_variable,2009,83.21,Muy favorable,66.7,0.20999999999999375
excluir_guardian_articulos_venezuela,exclusion_variable,2010,81.53,Muy favorable,66.7,0.15000000000000568
excluir_guardian_articulos_venezuela,exclusion_variable,2011,81.58,Muy favorable,66.7,0.18999999999999773
excluir_guardian_articulos_venezuela,exclusion_variable,2012,81.62,Muy favorable,91.3,-0.03999999999999204
excluir_guardian_articulos_venezuela,exclusion_variable,2013,80.59,Favorable,95.0,0.2600000000000051
excluir_guardian_articulos_venezuela,exclusion_variable,2014,75.99,Favorable,95.0,-0.04000000000000625
excluir_guardian_articulos_venezuela,exclusion_variable,2015,71.63,Favorable,95.0,-0.1600000000000108
excluir_guardian_articulos_venezuela,exclusion_variable,2016,57.7,Intermedio,95.0,-0.3200000000000003
excluir_guardian_articulos_venezuela,exclusion_variable,2017,50.33,Desfavorable,91.3,-0.8100000000000023
excluir_guardian_articulos_venezuela,exclusion_variable,2018,41.75,Desfavorable,95.0,-1.2700000000000031
excluir_guardian_articulos_venezuela,exclusion_variable,2019,31.71,Desfavorable,95.0,-0.5
excluir_guardian_articulos_venezuela,exclusion_variable,2020,18.68,Muy desfavorable,95.0,-1.870000000000001
excluir_guardian_articulos_venezuela,exclusion_variable,2021,27.87,Muy desfavorable,95.0,-1.8200000000000003
excluir_guardian_articulos_venezuela,exclusion_variable,2022,34.34,Desfavorable,95.0,-1.5799999999999983
excluir_guardian_articulos_venezuela,exclusion_variable,2023,30.32,Muy desfavorable,95.0,-1.6799999999999997
excluir_guardian_articulos_venezuela,exclusion_variable,2024,30.86,Muy desfavorable,92.3,-1.480000000000004
excluir_guardian_articulos_venezuela,exclusion_variable,2025,25.56,Muy desfavorable,82.4,-0.370000000000001
excluir_guardian_articulos_venezuela,exclusion_variable,2026,45.35,Desfavorable,39.2,2.6700000000000017
excluir_D1_macro,exclusion_dimension,2000,81.2,Muy favorable,43.9,7.890000000000001
excluir_D1_macro,exclusion_dimension,2001,81.61,Muy favorable,43.9,6.239999999999995
excluir_D1_macro,exclusion_dimension,2002,75.11,Favorable,43.9,6.239999999999995
excluir_D1_macro,exclusion_dimension,2003,67.41,Favorable,43.9,2.6299999999999955
excluir_D1_macro,exclusion_dimension,2004,80.14,Favorable,43.9,-0.6400000000000006
excluir_D1_macro,exclusion_dimension,2005,85.41,Muy favorable,43.9,3.0999999999999943
excluir_D1_macro,exclusion_dimension,2006,92.58,Muy favorable,56.8,4.849999999999994
excluir_D1_macro,exclusion_dimension,2007,92.04,Muy favorable,56.8,4.910000000000011
excluir_D1_macro,exclusion_dimension,2008,86.71,Muy favorable,56.8,0.9299999999999926
excluir_D1_macro,exclusion_dimension,2009,87.27,Muy favorable,56.8,4.269999999999996
excluir_D1_macro,exclusion_dimension,2010,82.77,Muy favorable,56.8,1.3900000000000006
excluir_D1_macro,exclusion_dimension,2011,79.28,Favorable,56.8,-2.1099999999999994
excluir_D1_macro,exclusion_dimension,2012,79.53,Favorable,88.7,-2.1299999999999955
excluir_D1_macro,exclusion_dimension,2013,79.42,Favorable,93.5,-0.9099999999999966
excluir_D1_macro,exclusion_dimension,2014,75.83,Favorable,93.5,-0.20000000000000284
excluir_D1_macro,exclusion_dimension,2015,75.32,Favorable,93.5,3.529999999999987
excluir_D1_macro,exclusion_dimension,2016,61.06,Intermedio,93.5,3.039999999999999
excluir_D1_macro,exclusion_dimension,2017,52.18,Intermedio,88.7,1.0399999999999991
excluir_D1_macro,exclusion_dimension,2018,49.51,Desfavorable,93.5,6.489999999999995
excluir_D1_macro,exclusion_dimension,2019,35.76,Desfavorable,93.5,3.549999999999997
excluir_D1_macro,exclusion_dimension,2020,17.52,Muy desfavorable,93.5,-3.030000000000001
excluir_D1_macro,exclusion_dimension,2021,19.88,Muy desfavorable,93.5,-9.810000000000002
excluir_D1_macro,exclusion_dimension,2022,22.05,Muy desfavorable,93.5,-13.870000000000001
excluir_D1_macro,exclusion_dimension,2023,22.13,Muy desfavorable,93.5,-9.870000000000001
excluir_D1_macro,exclusion_dimension,2024,19.35,Muy desfavorable,90.1,-12.990000000000002
excluir_D1_macro,exclusion_dimension,2025,12.95,Muy desfavorable,77.1,-12.98
excluir_D1_macro,exclusion_dimension,2026,25.5,Muy desfavorable,31.8,-17.18
sin_datos_D1_macro,indisponibilidad,2000,81.2,Muy favorable,32.8,7.890000000000001
sin_datos_D1_macro,indisponibilidad,2001,81.61,Muy favorable,32.8,6.239999999999995
sin_datos_D1_macro,indisponibilidad,2002,75.11,Favorable,32.8,6.239999999999995
sin_datos_D1_macro,indisponibilidad,2003,67.41,Favorable,32.8,2.6299999999999955
sin_datos_D1_macro,indisponibilidad,2004,80.14,Favorable,32.8,-0.6400000000000006
sin_datos_D1_macro,indisponibilidad,2005,85.41,Muy favorable,32.8,3.0999999999999943
sin_datos_D1_macro,indisponibilidad,2006,92.58,Muy favorable,42.4,4.849999999999994
sin_datos_D1_macro,indisponibilidad,2007,92.04,Muy favorable,42.4,4.910000000000011
sin_datos_D1_macro,indisponibilidad,2008,86.71,Muy favorable,42.4,0.9299999999999926
sin_datos_D1_macro,indisponibilidad,2009,87.27,Muy favorable,42.4,4.269999999999996
sin_datos_D1_macro,indisponibilidad,2010,82.77,Muy favorable,42.4,1.3900000000000006
sin_datos_D1_macro,indisponibilidad,2011,79.28,Favorable,42.4,-2.1099999999999994
sin_datos_D1_macro,indisponibilidad,2012,79.53,Favorable,66.2,-2.1299999999999955
sin_datos_D1_macro,indisponibilidad,2013,79.42,Favorable,69.7,-0.9099999999999966
sin_datos_D1_macro,indisponibilidad,2014,75.83,Favorable,69.7,-0.20000000000000284
sin_datos_D1_macro,indisponibilidad,2015,75.32,Favorable,69.7,3.529999999999987
sin_datos_D1_macro,indisponibilidad,2016,61.06,Intermedio,69.7,3.039999999999999
sin_datos_D1_macro,indisponibilidad,2017,52.18,Intermedio,66.2,1.0399999999999991
sin_datos_D1_macro,indisponibilidad,2018,49.51,Desfavorable,69.7,6.489999999999995
sin_datos_D1_macro,indisponibilidad,2019,35.76,Desfavorable,69.7,3.549999999999997
sin_datos_D1_macro,indisponibilidad,2020,17.52,Muy desfavorable,69.7,-3.030000000000001
sin_datos_D1_macro,indisponibilidad,2021,19.88,Muy desfavorable,69.7,-9.810000000000002
sin_datos_D1_macro,indisponibilidad,2022,22.05,Muy desfavorable,69.7,-13.870000000000001
sin_datos_D1_macro,indisponibilidad,2023,22.13,Muy desfavorable,69.7,-9.870000000000001
sin_datos_D1_macro,indisponibilidad,2024,19.35,Muy desfavorable,67.2,-12.990000000000002
sin_datos_D1_macro,indisponibilidad,2025,12.95,Muy desfavorable,57.5,-12.98
sin_datos_D1_macro,indisponibilidad,2026,25.5,Muy desfavorable,23.7,-17.18
excluir_D2_energia,exclusion_dimension,2000,61.34,Intermedio,54.1,-11.969999999999999
excluir_D2_energia,exclusion_dimension,2001,65.96,Intermedio,54.1,-9.41000000000001
excluir_D2_energia,exclusion_dimension,2002,63.59,Intermedio,54.1,-5.280000000000001
excluir_D2_energia,exclusion_dimension,2003,60.16,Intermedio,54.1,-4.6200000000000045
excluir_D2_energia,exclusion_dimension,2004,78.41,Favorable,54.1,-2.3700000000000045
excluir_D2_energia,exclusion_dimension,2005,75.39,Favorable,54.1,-6.920000000000002
excluir_D2_energia,exclusion_dimension,2006,85.27,Muy favorable,66.1,-2.460000000000008
excluir_D2_energia,exclusion_dimension,2007,84.0,Muy favorable,66.1,-3.1299999999999955
excluir_D2_energia,exclusion_dimension,2008,86.42,Muy favorable,66.1,0.6400000000000006
excluir_D2_energia,exclusion_dimension,2009,82.61,Muy favorable,66.1,-0.39000000000000057
excluir_D2_energia,exclusion_dimension,2010,81.96,Muy favorable,66.1,0.5799999999999983
excluir_D2_energia,exclusion_dimension,2011,80.75,Favorable,66.1,-0.6400000000000006
excluir_D2_energia,exclusion_dimension,2012,81.25,Muy favorable,95.6,-0.4099999999999966
excluir_D2_energia,exclusion_dimension,2013,79.59,Favorable,100.0,-0.7399999999999949
excluir_D2_energia,exclusion_dimension,2014,74.25,Favorable,100.0,-1.7800000000000011
excluir_D2_energia,exclusion_dimension,2015,69.09,Favorable,100.0,-2.700000000000003
excluir_D2_energia,exclusion_dimension,2016,54.38,Intermedio,100.0,-3.6400000000000006
excluir_D2_energia,exclusion_dimension,2017,48.47,Desfavorable,95.6,-2.6700000000000017
excluir_D2_energia,exclusion_dimension,2018,43.63,Desfavorable,100.0,0.6099999999999994
excluir_D2_energia,exclusion_dimension,2019,36.42,Desfavorable,100.0,4.210000000000001
excluir_D2_energia,exclusion_dimension,2020,25.53,Muy desfavorable,100.0,4.98
excluir_D2_energia,exclusion_dimension,2021,36.2,Desfavorable,100.0,6.510000000000002
excluir_D2_energia,exclusion_dimension,2022,42.62,Desfavorable,100.0,6.699999999999996
excluir_D2_energia,exclusion_dimension,2023,37.26,Desfavorable,100.0,5.259999999999998
excluir_D2_energia,exclusion_dimension,2024,36.74,Desfavorable,96.8,4.399999999999999
excluir_D2_energia,exclusion_dimension,2025,27.87,Muy desfavorable,84.9,1.9400000000000013
excluir_D2_energia,exclusion_dimension,2026,54.38,Intermedio,32.9,11.700000000000003
sin_datos_D2_energia,indisponibilidad,2000,61.34,Intermedio,43.5,-11.969999999999999
sin_datos_D2_energia,indisponibilidad,2001,65.96,Intermedio,43.5,-9.41000000000001
sin_datos_D2_energia,indisponibilidad,2002,63.59,Intermedio,43.5,-5.280000000000001
sin_datos_D2_energia,indisponibilidad,2003,60.16,Intermedio,43.5,-4.6200000000000045
sin_datos_D2_energia,indisponibilidad,2004,78.41,Favorable,43.5,-2.3700000000000045
sin_datos_D2_energia,indisponibilidad,2005,75.39,Favorable,43.5,-6.920000000000002
sin_datos_D2_energia,indisponibilidad,2006,85.27,Muy favorable,53.2,-2.460000000000008
sin_datos_D2_energia,indisponibilidad,2007,84.0,Muy favorable,53.2,-3.1299999999999955
sin_datos_D2_energia,indisponibilidad,2008,86.42,Muy favorable,53.2,0.6400000000000006
sin_datos_D2_energia,indisponibilidad,2009,82.61,Muy favorable,53.2,-0.39000000000000057
sin_datos_D2_energia,indisponibilidad,2010,81.96,Muy favorable,53.2,0.5799999999999983
sin_datos_D2_energia,indisponibilidad,2011,80.75,Favorable,53.2,-0.6400000000000006
sin_datos_D2_energia,indisponibilidad,2012,81.25,Muy favorable,77.0,-0.4099999999999966
sin_datos_D2_energia,indisponibilidad,2013,79.59,Favorable,80.5,-0.7399999999999949
sin_datos_D2_energia,indisponibilidad,2014,74.25,Favorable,80.5,-1.7800000000000011
sin_datos_D2_energia,indisponibilidad,2015,69.09,Favorable,80.5,-2.700000000000003
sin_datos_D2_energia,indisponibilidad,2016,54.38,Intermedio,80.5,-3.6400000000000006
sin_datos_D2_energia,indisponibilidad,2017,48.47,Desfavorable,77.0,-2.6700000000000017
sin_datos_D2_energia,indisponibilidad,2018,43.63,Desfavorable,80.5,0.6099999999999994
sin_datos_D2_energia,indisponibilidad,2019,36.42,Desfavorable,80.5,4.210000000000001
sin_datos_D2_energia,indisponibilidad,2020,25.53,Muy desfavorable,80.5,4.98
sin_datos_D2_energia,indisponibilidad,2021,36.2,Desfavorable,80.5,6.510000000000002
sin_datos_D2_energia,indisponibilidad,2022,42.62,Desfavorable,80.5,6.699999999999996
sin_datos_D2_energia,indisponibilidad,2023,37.26,Desfavorable,80.5,5.259999999999998
sin_datos_D2_energia,indisponibilidad,2024,36.74,Desfavorable,77.9,4.399999999999999
sin_datos_D2_energia,indisponibilidad,2025,27.87,Muy desfavorable,68.3,1.9400000000000013
sin_datos_D2_energia,indisponibilidad,2026,54.38,Intermedio,26.5,11.700000000000003
excluir_D3_institucional,exclusion_dimension,2000,73.31,Favorable,72.3,0.0
excluir_D3_institucional,exclusion_dimension,2001,75.37,Favorable,72.3,0.0
excluir_D3_institucional,exclusion_dimension,2002,68.87,Favorable,72.3,0.0
excluir_D3_institucional,exclusion_dimension,2003,64.78,Intermedio,72.3,0.0
excluir_D3_institucional,exclusion_dimension,2004,80.78,Favorable,72.3,0.0
excluir_D3_institucional,exclusion_dimension,2005,82.31,Muy favorable,72.3,0.0
excluir_D3_institucional,exclusion_dimension,2006,87.73,Muy favorable,84.2,0.0
excluir_D3_institucional,exclusion_dimension,2007,87.13,Muy favorable,84.2,0.0
excluir_D3_institucional,exclusion_dimension,2008,85.78,Muy favorable,84.2,0.0
excluir_D3_institucional,exclusion_dimension,2009,83.0,Muy favorable,84.2,0.0
excluir_D3_institucional,exclusion_dimension,2010,81.38,Muy favorable,84.2,0.0
excluir_D3_institucional,exclusion_dimension,2011,81.39,Muy favorable,84.2,0.0
excluir_D3_institucional,exclusion_dimension,2012,83.24,Muy favorable,93.9,1.5799999999999983
excluir_D3_institucional,exclusion_dimension,2013,79.76,Favorable,93.9,-0.5699999999999932
excluir_D3_institucional,exclusion_dimension,2014,78.52,Favorable,93.9,2.489999999999995
excluir_D3_institucional,exclusion_dimension,2015,74.58,Favorable,93.9,2.789999999999992
excluir_D3_institucional,exclusion_dimension,2016,60.56,Intermedio,93.9,2.539999999999999
excluir_D3_institucional,exclusion_dimension,2017,52.35,Intermedio,93.9,1.2100000000000009
excluir_D3_institucional,exclusion_dimension,2018,44.95,Desfavorable,93.9,1.9299999999999997
excluir_D3_institucional,exclusion_dimension,2019,34.78,Desfavorable,93.9,2.5700000000000003
excluir_D3_institucional,exclusion_dimension,2020,22.03,Muy desfavorable,93.9,1.4800000000000004
excluir_D3_institucional,exclusion_dimension,2021,33.46,Desfavorable,93.9,3.7699999999999996
excluir_D3_institucional,exclusion_dimension,2022,40.34,Desfavorable,93.9,4.420000000000002
excluir_D3_institucional,exclusion_dimension,2023,35.78,Desfavorable,93.9,3.780000000000001
excluir_D3_institucional,exclusion_dimension,2024,38.97,Desfavorable,90.8,6.6299999999999955
excluir_D3_institucional,exclusion_dimension,2025,32.61,Desfavorable,82.7,6.68
excluir_D3_institucional,exclusion_dimension,2026,42.68,Desfavorable,51.1,0.0
sin_datos_D3_institucional,indisponibilidad,2000,73.31,Favorable,58.2,0.0
sin_datos_D3_institucional,indisponibilidad,2001,75.37,Favorable,58.2,0.0
sin_datos_D3_institucional,indisponibilidad,2002,68.87,Favorable,58.2,0.0
sin_datos_D3_institucional,indisponibilidad,2003,64.78,Intermedio,58.2,0.0
sin_datos_D3_institucional,indisponibilidad,2004,80.78,Favorable,58.2,0.0
sin_datos_D3_institucional,indisponibilidad,2005,82.31,Muy favorable,58.2,0.0
sin_datos_D3_institucional,indisponibilidad,2006,87.73,Muy favorable,67.8,0.0
sin_datos_D3_institucional,indisponibilidad,2007,87.13,Muy favorable,67.8,0.0
sin_datos_D3_institucional,indisponibilidad,2008,85.78,Muy favorable,67.8,0.0
sin_datos_D3_institucional,indisponibilidad,2009,83.0,Muy favorable,67.8,0.0
sin_datos_D3_institucional,indisponibilidad,2010,81.38,Muy favorable,67.8,0.0
sin_datos_D3_institucional,indisponibilidad,2011,81.39,Muy favorable,67.8,0.0
sin_datos_D3_institucional,indisponibilidad,2012,83.24,Muy favorable,75.6,1.5799999999999983
sin_datos_D3_institucional,indisponibilidad,2013,79.76,Favorable,75.6,-0.5699999999999932
sin_datos_D3_institucional,indisponibilidad,2014,78.52,Favorable,75.6,2.489999999999995
sin_datos_D3_institucional,indisponibilidad,2015,74.58,Favorable,75.6,2.789999999999992
sin_datos_D3_institucional,indisponibilidad,2016,60.56,Intermedio,75.6,2.539999999999999
sin_datos_D3_institucional,indisponibilidad,2017,52.35,Intermedio,75.6,1.2100000000000009
sin_datos_D3_institucional,indisponibilidad,2018,44.95,Desfavorable,75.6,1.9299999999999997
sin_datos_D3_institucional,indisponibilidad,2019,34.78,Desfavorable,75.6,2.5700000000000003
sin_datos_D3_institucional,indisponibilidad,2020,22.03,Muy desfavorable,75.6,1.4800000000000004
sin_datos_D3_institucional,indisponibilidad,2021,33.46,Desfavorable,75.6,3.7699999999999996
sin_datos_D3_institucional,indisponibilidad,2022,40.34,Desfavorable,75.6,4.420000000000002
sin_datos_D3_institucional,indisponibilidad,2023,35.78,Desfavorable,75.6,3.780000000000001
sin_datos_D3_institucional,indisponibilidad,2024,38.97,Desfavorable,73.1,6.6299999999999955
sin_datos_D3_institucional,indisponibilidad,2025,32.61,Desfavorable,66.5,6.68
sin_datos_D3_institucional,indisponibilidad,2026,42.68,Desfavorable,41.1,0.0
excluir_D4_comercial,exclusion_dimension,2000,73.31,Favorable,70.4,0.0
excluir_D4_comercial,exclusion_dimension,2001,75.37,Favorable,70.4,0.0
excluir_D4_comercial,exclusion_dimension,2002,68.87,Favorable,70.4,0.0
excluir_D4_comercial,exclusion_dimension,2003,64.78,Intermedio,70.4,0.0
excluir_D4_comercial,exclusion_dimension,2004,80.78,Favorable,70.4,0.0
excluir_D4_comercial,exclusion_dimension,2005,82.31,Muy favorable,70.4,0.0
excluir_D4_comercial,exclusion_dimension,2006,84.72,Muy favorable,70.4,-3.010000000000005
excluir_D4_comercial,exclusion_dimension,2007,83.63,Muy favorable,70.4,-3.5
excluir_D4_comercial,exclusion_dimension,2008,82.01,Muy favorable,70.4,-3.769999999999996
excluir_D4_comercial,exclusion_dimension,2009,79.61,Favorable,70.4,-3.3900000000000006
excluir_D4_comercial,exclusion_dimension,2010,78.84,Favorable,70.4,-2.539999999999992
excluir_D4_comercial,exclusion_dimension,2011,80.7,Favorable,70.4,-0.6899999999999977
excluir_D4_comercial,exclusion_dimension,2012,83.88,Muy favorable,89.8,2.219999999999999
excluir_D4_comercial,exclusion_dimension,2013,82.08,Muy favorable,94.1,1.75
excluir_D4_comercial,exclusion_dimension,2014,73.74,Favorable,94.1,-2.2900000000000063
excluir_D4_comercial,exclusion_dimension,2015,70.17,Favorable,94.1,-1.6200000000000045
excluir_D4_comercial,exclusion_dimension,2016,56.77,Intermedio,94.1,-1.25
excluir_D4_comercial,exclusion_dimension,2017,49.0,Desfavorable,89.8,-2.1400000000000006
excluir_D4_comercial,exclusion_dimension,2018,37.87,Desfavorable,94.1,-5.150000000000006
excluir_D4_comercial,exclusion_dimension,2019,25.2,Muy desfavorable,94.1,-7.010000000000002
excluir_D4_comercial,exclusion_dimension,2020,21.29,Muy desfavorable,94.1,0.7399999999999984
excluir_D4_comercial,exclusion_dimension,2021,32.9,Desfavorable,94.1,3.2099999999999973
excluir_D4_comercial,exclusion_dimension,2022,41.18,Desfavorable,94.1,5.259999999999998
excluir_D4_comercial,exclusion_dimension,2023,36.4,Desfavorable,94.1,4.399999999999999
excluir_D4_comercial,exclusion_dimension,2024,37.57,Desfavorable,91.0,5.229999999999997
excluir_D4_comercial,exclusion_dimension,2025,30.33,Muy desfavorable,79.3,4.399999999999999
excluir_D4_comercial,exclusion_dimension,2026,42.68,Desfavorable,49.8,0.0
sin_datos_D4_comercial,indisponibilidad,2000,73.31,Favorable,58.2,0.0
sin_datos_D4_comercial,indisponibilidad,2001,75.37,Favorable,58.2,0.0
sin_datos_D4_comercial,indisponibilidad,2002,68.87,Favorable,58.2,0.0
sin_datos_D4_comercial,indisponibilidad,2003,64.78,Intermedio,58.2,0.0
sin_datos_D4_comercial,indisponibilidad,2004,80.78,Favorable,58.2,0.0
sin_datos_D4_comercial,indisponibilidad,2005,82.31,Muy favorable,58.2,0.0
sin_datos_D4_comercial,indisponibilidad,2006,84.72,Muy favorable,58.2,-3.010000000000005
sin_datos_D4_comercial,indisponibilidad,2007,83.63,Muy favorable,58.2,-3.5
sin_datos_D4_comercial,indisponibilidad,2008,82.01,Muy favorable,58.2,-3.769999999999996
sin_datos_D4_comercial,indisponibilidad,2009,79.61,Favorable,58.2,-3.3900000000000006
sin_datos_D4_comercial,indisponibilidad,2010,78.84,Favorable,58.2,-2.539999999999992
sin_datos_D4_comercial,indisponibilidad,2011,80.7,Favorable,58.2,-0.6899999999999977
sin_datos_D4_comercial,indisponibilidad,2012,83.88,Muy favorable,74.2,2.219999999999999
sin_datos_D4_comercial,indisponibilidad,2013,82.08,Muy favorable,77.7,1.75
sin_datos_D4_comercial,indisponibilidad,2014,73.74,Favorable,77.7,-2.2900000000000063
sin_datos_D4_comercial,indisponibilidad,2015,70.17,Favorable,77.7,-1.6200000000000045
sin_datos_D4_comercial,indisponibilidad,2016,56.77,Intermedio,77.7,-1.25
sin_datos_D4_comercial,indisponibilidad,2017,49.0,Desfavorable,74.2,-2.1400000000000006
sin_datos_D4_comercial,indisponibilidad,2018,37.87,Desfavorable,77.7,-5.150000000000006
sin_datos_D4_comercial,indisponibilidad,2019,25.2,Muy desfavorable,77.7,-7.010000000000002
sin_datos_D4_comercial,indisponibilidad,2020,21.29,Muy desfavorable,77.7,0.7399999999999984
sin_datos_D4_comercial,indisponibilidad,2021,32.9,Desfavorable,77.7,3.2099999999999973
sin_datos_D4_comercial,indisponibilidad,2022,41.18,Desfavorable,77.7,5.259999999999998
sin_datos_D4_comercial,indisponibilidad,2023,36.4,Desfavorable,77.7,4.399999999999999
sin_datos_D4_comercial,indisponibilidad,2024,37.57,Desfavorable,75.2,5.229999999999997
sin_datos_D4_comercial,indisponibilidad,2025,30.33,Muy desfavorable,65.5,4.399999999999999
sin_datos_D4_comercial,indisponibilidad,2026,42.68,Desfavorable,41.1,0.0
excluir_D5_capital_humano,exclusion_dimension,2000,78.86,Favorable,54.0,5.549999999999997
excluir_D5_capital_humano,exclusion_dimension,2001,80.78,Favorable,54.0,5.409999999999997
excluir_D5_capital_humano,exclusion_dimension,2002,70.28,Favorable,54.0,1.4099999999999966
excluir_D5_capital_humano,exclusion_dimension,2003,70.13,Favorable,54.0,5.349999999999994
excluir_D5_capital_humano,exclusion_dimension,2004,83.72,Muy favorable,54.0,2.9399999999999977
excluir_D5_capital_humano,exclusion_dimension,2005,84.4,Muy favorable,54.0,2.0900000000000034
excluir_D5_capital_humano,exclusion_dimension,2006,89.06,Muy favorable,64.6,1.3299999999999983
excluir_D5_capital_humano,exclusion_dimension,2007,87.03,Muy favorable,64.6,-0.09999999999999432
excluir_D5_capital_humano,exclusion_dimension,2008,86.26,Muy favorable,64.6,0.480000000000004
excluir_D5_capital_humano,exclusion_dimension,2009,83.01,Muy favorable,64.6,0.010000000000005116
excluir_D5_capital_humano,exclusion_dimension,2010,81.23,Muy favorable,64.6,-0.14999999999999147
excluir_D5_capital_humano,exclusion_dimension,2011,81.16,Muy favorable,64.6,-0.23000000000000398
excluir_D5_capital_humano,exclusion_dimension,2012,81.05,Muy favorable,90.8,-0.6099999999999994
excluir_D5_capital_humano,exclusion_dimension,2013,79.52,Favorable,94.6,-0.8100000000000023
excluir_D5_capital_humano,exclusion_dimension,2014,74.93,Favorable,94.6,-1.0999999999999943
excluir_D5_capital_humano,exclusion_dimension,2015,70.39,Favorable,94.6,-1.4000000000000057
excluir_D5_capital_humano,exclusion_dimension,2016,57.78,Intermedio,94.6,-0.240000000000002
excluir_D5_capital_humano,exclusion_dimension,2017,51.07,Intermedio,90.8,-0.07000000000000028
excluir_D5_capital_humano,exclusion_dimension,2018,41.94,Desfavorable,94.6,-1.0800000000000054
excluir_D5_capital_humano,exclusion_dimension,2019,31.01,Desfavorable,94.6,-1.1999999999999993
excluir_D5_capital_humano,exclusion_dimension,2020,19.49,Muy desfavorable,94.6,-1.0600000000000023
excluir_D5_capital_humano,exclusion_dimension,2021,30.01,Muy desfavorable,94.6,0.3200000000000003
excluir_D5_capital_humano,exclusion_dimension,2022,35.94,Desfavorable,94.6,0.01999999999999602
excluir_D5_capital_humano,exclusion_dimension,2023,31.7,Desfavorable,94.6,-0.3000000000000007
excluir_D5_capital_humano,exclusion_dimension,2024,31.26,Desfavorable,94.6,-1.0800000000000018
excluir_D5_capital_humano,exclusion_dimension,2025,25.93,Muy desfavorable,91.2,0.0
excluir_D5_capital_humano,exclusion_dimension,2026,42.68,Desfavorable,45.2,0.0
sin_datos_D5_capital_humano,indisponibilidad,2000,78.86,Favorable,49.1,5.549999999999997
sin_datos_D5_capital_humano,indisponibilidad,2001,80.78,Favorable,49.1,5.409999999999997
sin_datos_D5_capital_humano,indisponibilidad,2002,70.28,Favorable,49.1,1.4099999999999966
sin_datos_D5_capital_humano,indisponibilidad,2003,70.13,Favorable,49.1,5.349999999999994
sin_datos_D5_capital_humano,indisponibilidad,2004,83.72,Muy favorable,49.1,2.9399999999999977
sin_datos_D5_capital_humano,indisponibilidad,2005,84.4,Muy favorable,49.1,2.0900000000000034
sin_datos_D5_capital_humano,indisponibilidad,2006,89.06,Muy favorable,58.7,1.3299999999999983
sin_datos_D5_capital_humano,indisponibilidad,2007,87.03,Muy favorable,58.7,-0.09999999999999432
sin_datos_D5_capital_humano,indisponibilidad,2008,86.26,Muy favorable,58.7,0.480000000000004
sin_datos_D5_capital_humano,indisponibilidad,2009,83.01,Muy favorable,58.7,0.010000000000005116
sin_datos_D5_capital_humano,indisponibilidad,2010,81.23,Muy favorable,58.7,-0.14999999999999147
sin_datos_D5_capital_humano,indisponibilidad,2011,81.16,Muy favorable,58.7,-0.23000000000000398
sin_datos_D5_capital_humano,indisponibilidad,2012,81.05,Muy favorable,82.5,-0.6099999999999994
sin_datos_D5_capital_humano,indisponibilidad,2013,79.52,Favorable,86.1,-0.8100000000000023
sin_datos_D5_capital_humano,indisponibilidad,2014,74.93,Favorable,86.1,-1.0999999999999943
sin_datos_D5_capital_humano,indisponibilidad,2015,70.39,Favorable,86.1,-1.4000000000000057
sin_datos_D5_capital_humano,indisponibilidad,2016,57.78,Intermedio,86.1,-0.240000000000002
sin_datos_D5_capital_humano,indisponibilidad,2017,51.07,Intermedio,82.5,-0.07000000000000028
sin_datos_D5_capital_humano,indisponibilidad,2018,41.94,Desfavorable,86.1,-1.0800000000000054
sin_datos_D5_capital_humano,indisponibilidad,2019,31.01,Desfavorable,86.1,-1.1999999999999993
sin_datos_D5_capital_humano,indisponibilidad,2020,19.49,Muy desfavorable,86.1,-1.0600000000000023
sin_datos_D5_capital_humano,indisponibilidad,2021,30.01,Muy desfavorable,86.1,0.3200000000000003
sin_datos_D5_capital_humano,indisponibilidad,2022,35.94,Desfavorable,86.1,0.01999999999999602
sin_datos_D5_capital_humano,indisponibilidad,2023,31.7,Desfavorable,86.1,-0.3000000000000007
sin_datos_D5_capital_humano,indisponibilidad,2024,31.26,Desfavorable,86.1,-1.0800000000000018
sin_datos_D5_capital_humano,indisponibilidad,2025,25.93,Muy desfavorable,82.9,0.0
sin_datos_D5_capital_humano,indisponibilidad,2026,42.68,Desfavorable,41.1,0.0
excluir_D6_percepcion,exclusion_dimension,2000,71.91,Favorable,54.0,-1.4000000000000057
excluir_D6_percepcion,exclusion_dimension,2001,73.18,Favorable,54.0,-2.1899999999999977
excluir_D6_percepcion,exclusion_dimension,2002,67.36,Favorable,54.0,-1.5100000000000051
excluir_D6_percepcion,exclusion_dimension,2003,61.31,Intermedio,54.0,-3.469999999999999
excluir_D6_percepcion,exclusion_dimension,2004,80.2,Favorable,54.0,-0.5799999999999983
excluir_D6_percepcion,exclusion_dimension,2005,83.63,Muy favorable,54.0,1.3199999999999932
excluir_D6_percepcion,exclusion_dimension,2006,87.42,Muy favorable,64.6,-0.3100000000000023
excluir_D6_percepcion,exclusion_dimension,2007,89.19,Muy favorable,64.6,2.0600000000000023
excluir_D6_percepcion,exclusion_dimension,2008,87.38,Muy favorable,64.6,1.5999999999999943
excluir_D6_percepcion,exclusion_dimension,2009,83.0,Muy favorable,64.6,0.0
excluir_D6_percepcion,exclusion_dimension,2010,82.2,Muy favorable,64.6,0.8200000000000074
excluir_D6_percepcion,exclusion_dimension,2011,84.39,Muy favorable,64.6,3.0
excluir_D6_percepcion,exclusion_dimension,2012,80.99,Favorable,90.8,-0.6700000000000017
excluir_D6_percepcion,exclusion_dimension,2013,81.44,Muy favorable,94.6,1.1099999999999994
excluir_D6_percepcion,exclusion_dimension,2014,78.76,Favorable,94.6,2.730000000000004
excluir_D6_percepcion,exclusion_dimension,2015,71.68,Favorable,94.6,-0.10999999999999943
excluir_D6_percepcion,exclusion_dimension,2016,57.84,Intermedio,94.6,-0.17999999999999972
excluir_D6_percepcion,exclusion_dimension,2017,53.59,Intermedio,90.8,2.450000000000003
excluir_D6_percepcion,exclusion_dimension,2018,41.19,Desfavorable,94.6,-1.8300000000000054
excluir_D6_percepcion,exclusion_dimension,2019,30.84,Muy desfavorable,94.6,-1.370000000000001
excluir_D6_percepcion,exclusion_dimension,2020,17.69,Muy desfavorable,94.6,-2.8599999999999994
excluir_D6_percepcion,exclusion_dimension,2021,25.41,Muy desfavorable,94.6,-4.280000000000001
excluir_D6_percepcion,exclusion_dimension,2022,32.66,Desfavorable,94.6,-3.260000000000005
excluir_D6_percepcion,exclusion_dimension,2023,28.39,Muy desfavorable,94.6,-3.6099999999999994
excluir_D6_percepcion,exclusion_dimension,2024,29.58,Muy desfavorable,91.8,-2.760000000000005
excluir_D6_percepcion,exclusion_dimension,2025,24.86,Muy desfavorable,81.2,-1.0700000000000003
excluir_D6_percepcion,exclusion_dimension,2026,44.64,Desfavorable,35.3,1.9600000000000009
sin_datos_D6_percepcion,indisponibilidad,2000,71.91,Favorable,49.1,-1.4000000000000057
sin_datos_D6_percepcion,indisponibilidad,2001,73.18,Favorable,49.1,-2.1899999999999977
sin_datos_D6_percepcion,indisponibilidad,2002,67.36,Favorable,49.1,-1.5100000000000051
sin_datos_D6_percepcion,indisponibilidad,2003,61.31,Intermedio,49.1,-3.469999999999999
sin_datos_D6_percepcion,indisponibilidad,2004,80.2,Favorable,49.1,-0.5799999999999983
sin_datos_D6_percepcion,indisponibilidad,2005,83.63,Muy favorable,49.1,1.3199999999999932
sin_datos_D6_percepcion,indisponibilidad,2006,87.42,Muy favorable,58.7,-0.3100000000000023
sin_datos_D6_percepcion,indisponibilidad,2007,89.19,Muy favorable,58.7,2.0600000000000023
sin_datos_D6_percepcion,indisponibilidad,2008,87.38,Muy favorable,58.7,1.5999999999999943
sin_datos_D6_percepcion,indisponibilidad,2009,83.0,Muy favorable,58.7,0.0
sin_datos_D6_percepcion,indisponibilidad,2010,82.2,Muy favorable,58.7,0.8200000000000074
sin_datos_D6_percepcion,indisponibilidad,2011,84.39,Muy favorable,58.7,3.0
sin_datos_D6_percepcion,indisponibilidad,2012,80.99,Favorable,82.5,-0.6700000000000017
sin_datos_D6_percepcion,indisponibilidad,2013,81.44,Muy favorable,86.1,1.1099999999999994
sin_datos_D6_percepcion,indisponibilidad,2014,78.76,Favorable,86.1,2.730000000000004
sin_datos_D6_percepcion,indisponibilidad,2015,71.68,Favorable,86.1,-0.10999999999999943
sin_datos_D6_percepcion,indisponibilidad,2016,57.84,Intermedio,86.1,-0.17999999999999972
sin_datos_D6_percepcion,indisponibilidad,2017,53.59,Intermedio,82.5,2.450000000000003
sin_datos_D6_percepcion,indisponibilidad,2018,41.19,Desfavorable,86.1,-1.8300000000000054
sin_datos_D6_percepcion,indisponibilidad,2019,30.84,Muy desfavorable,86.1,-1.370000000000001
sin_datos_D6_percepcion,indisponibilidad,2020,17.69,Muy desfavorable,86.1,-2.8599999999999994
sin_datos_D6_percepcion,indisponibilidad,2021,25.41,Muy desfavorable,86.1,-4.280000000000001
sin_datos_D6_percepcion,indisponibilidad,2022,32.66,Desfavorable,86.1,-3.260000000000005
sin_datos_D6_percepcion,indisponibilidad,2023,28.39,Muy desfavorable,86.1,-3.6099999999999994
sin_datos_D6_percepcion,indisponibilidad,2024,29.58,Muy desfavorable,83.5,-2.760000000000005
sin_datos_D6_percepcion,indisponibilidad,2025,24.86,Muy desfavorable,73.9,-1.0700000000000003
sin_datos_D6_percepcion,indisponibilidad,2026,44.64,Desfavorable,32.1,1.9600000000000009
inflacion_sin_log,transformacion,2000,73.8,Favorable,58.2,0.4899999999999949
inflacion_sin_log,transformacion,2001,75.37,Favorable,58.2,0.0
inflacion_sin_log,transformacion,2002,69.96,Favorable,58.2,1.0899999999999892
inflacion_sin_log,transformacion,2003,66.49,Favorable,58.2,1.7099999999999937
inflacion_sin_log,transformacion,2004,81.82,Muy favorable,58.2,1.039999999999992
inflacion_sin_log,transformacion,2005,82.77,Muy favorable,58.2,0.45999999999999375
inflacion_sin_log,transformacion,2006,87.87,Muy favorable,67.8,0.14000000000000057
inflacion_sin_log,transformacion,2007,87.72,Muy favorable,67.8,0.5900000000000034
inflacion_sin_log,transformacion,2008,87.14,Muy favorable,67.8,1.3599999999999994
inflacion_sin_log,transformacion,2009,84.08,Muy favorable,67.8,1.0799999999999983
inflacion_sin_log,transformacion,2010,82.57,Muy favorable,67.8,1.1899999999999977
inflacion_sin_log,transformacion,2011,82.47,Muy favorable,67.8,1.0799999999999983
inflacion_sin_log,transformacion,2012,82.28,Muy favorable,91.6,0.6200000000000045
inflacion_sin_log,transformacion,2013,81.72,Muy favorable,95.1,1.3900000000000006
inflacion_sin_log,transformacion,2014,77.93,Favorable,95.1,1.9000000000000057
inflacion_sin_log,transformacion,2015,74.47,Favorable,95.1,2.6799999999999926
inflacion_sin_log,transformacion,2016,61.55,Intermedio,95.1,3.529999999999994
inflacion_sin_log,transformacion,2017,55.3,Intermedio,91.6,4.159999999999997
inflacion_sin_log,transformacion,2018,43.02,Desfavorable,95.1,0.0
inflacion_sin_log,transformacion,2019,37.86,Desfavorable,95.1,5.649999999999999
inflacion_sin_log,transformacion,2020,26.4,Muy desfavorable,95.1,5.849999999999998
inflacion_sin_log,transformacion,2021,35.2,Desfavorable,95.1,5.510000000000002
inflacion_sin_log,transformacion,2022,39.1,Desfavorable,95.1,3.1799999999999997
inflacion_sin_log,transformacion,2023,35.86,Desfavorable,95.1,3.8599999999999994
inflacion_sin_log,transformacion,2024,33.97,Desfavorable,92.6,1.6299999999999955
inflacion_sin_log,transformacion,2025,29.81,Muy desfavorable,82.9,3.879999999999999
inflacion_sin_log,transformacion,2026,53.53,Intermedio,41.1,10.850000000000001
sin_estimaciones_WEO_verificadas,estado_proveedor,2000,73.31,Favorable,58.2,0.0
sin_estimaciones_WEO_verificadas,estado_proveedor,2001,75.37,Favorable,58.2,0.0
sin_estimaciones_WEO_verificadas,estado_proveedor,2002,68.87,Favorable,58.2,0.0
sin_estimaciones_WEO_verificadas,estado_proveedor,2003,64.78,Intermedio,58.2,0.0
sin_estimaciones_WEO_verificadas,estado_proveedor,2004,80.78,Favorable,58.2,0.0
sin_estimaciones_WEO_verificadas,estado_proveedor,2005,82.31,Muy favorable,58.2,0.0
sin_estimaciones_WEO_verificadas,estado_proveedor,2006,87.73,Muy favorable,67.8,0.0
sin_estimaciones_WEO_verificadas,estado_proveedor,2007,87.13,Muy favorable,67.8,0.0
sin_estimaciones_WEO_verificadas,estado_proveedor,2008,85.78,Muy favorable,67.8,0.0
sin_estimaciones_WEO_verificadas,estado_proveedor,2009,83.0,Muy favorable,67.8,0.0
sin_estimaciones_WEO_verificadas,estado_proveedor,2010,81.38,Muy favorable,67.8,0.0
sin_estimaciones_WEO_verificadas,estado_proveedor,2011,81.39,Muy favorable,67.8,0.0
sin_estimaciones_WEO_verificadas,estado_proveedor,2012,81.66,Muy favorable,91.6,0.0
sin_estimaciones_WEO_verificadas,estado_proveedor,2013,80.33,Favorable,95.1,0.0
sin_estimaciones_WEO_verificadas,estado_proveedor,2014,76.03,Favorable,95.1,0.0
sin_estimaciones_WEO_verificadas,estado_proveedor,2015,71.79,Favorable,95.1,0.0
sin_estimaciones_WEO_verificadas,estado_proveedor,2016,58.02,Intermedio,95.1,0.0
sin_estimaciones_WEO_verificadas,estado_proveedor,2017,51.14,Intermedio,91.6,0.0
sin_estimaciones_WEO_verificadas,estado_proveedor,2018,43.02,Desfavorable,95.1,0.0
sin_estimaciones_WEO_verificadas,estado_proveedor,2019,32.21,Desfavorable,95.1,0.0
sin_estimaciones_WEO_verificadas,estado_proveedor,2020,20.55,Muy desfavorable,95.1,0.0
sin_estimaciones_WEO_verificadas,estado_proveedor,2021,29.69,Muy desfavorable,95.1,0.0
sin_estimaciones_WEO_verificadas,estado_proveedor,2022,35.92,Desfavorable,95.1,0.0
sin_estimaciones_WEO_verificadas,estado_proveedor,2023,32.0,Desfavorable,95.1,0.0
sin_estimaciones_WEO_verificadas,estado_proveedor,2024,32.34,Desfavorable,92.6,0.0
sin_estimaciones_WEO_verificadas,estado_proveedor,2025,25.93,Muy desfavorable,82.9,0.0
sin_estimaciones_WEO_verificadas,estado_proveedor,2026,25.5,Muy desfavorable,23.7,-17.18
