year,variable,valor_crudo,valor_transformado,valor_normalizado,unidad_original,archivo_origen,estado_observacion,transformacion,meses_usados,fecha_publicacion,fecha_publicacion_estado,imputado_por_proyecto,fuente,dimension,direccion,rol,entra_iciv_anual,entra_pulse_mensual,entra_validacion_outcome,descripcion,nota
2000,inflacion_ipc_imf_pct,16.2,1.209515014542631,96.97175927266998,% anual,imf.csv,WEO_estimaciones_y_proyecciones_estado_individual_no_verificado,log10_porcentaje_positivo; no se imputan valores no positivos,,,no_archivada; no inferir del periodo ni del mtime,False,IMF,D1_macro,negative,core_anual,True,False,False,Inflacion de precios al consumidor (FMI),"IMF WEO PCPIPCH: variacion porcentual anual del IPC, no deflactor del PIB. Incluye estimaciones y proyecciones del proveedor; el estado se declara por observacion. Se transforma a log10 antes de normalizar; los valores originales se conservan."
2000,pib_crecimiento_real_pct,3.53535353535352,3.53535353535352,69.45374555871787,%,wdi.csv,publicado_por_proveedor_estado_no_desagregado,identidad,,,no_archivada; no inferir del periodo ni del mtime,False,WDI,D1_macro,positive,core_anual,True,False,False,Crecimiento real del PIB,
2000,reservas_internacionales_usd,15898851162.5221,15898851162.5221,18.348458166050335,USD,wdi.csv,publicado_por_proveedor_estado_no_desagregado,identidad,,,no_archivada; no inferir del periodo ni del mtime,False,WDI,D1_macro,positive,auxiliar,False,False,False,Reservas internacionales,Faltantes recientes se muestran como faltantes; no se hace forward-fill.
2000,tipo_cambio_oficial_lcu_usd,0.679966666666667,-0.1675123767607597,100.0,LCU/USD en denominacion del proveedor,wdi.csv,publicado_por_proveedor_estado_no_desagregado,log10_BsF_equivalente;2018_2021:x1e5;2022_en_adelante:x1e11,,,no_archivada; no inferir del periodo ni del mtime,False,WDI,D1_macro,negative,auxiliar,False,False,False,Tipo de cambio oficial (unidad original WDI),
2000,wti_precio_usd,30.37852,30.37852,5.964848029116164,USD/barril,fred.csv,publicado_por_proveedor_estado_no_desagregado,identidad,,,no_archivada; no inferir del periodo ni del mtime,False,FRED,D1_macro,positive,core_anual,True,True,False,Precio WTI del petroleo,
2000,tasa_fed_funds_pct,6.235833333333333,6.235833333333333,0.0,%,fred.csv,publicado_por_proveedor_estado_no_desagregado,identidad,,,no_archivada; no inferir del periodo ni del mtime,False,FRED,D1_macro,negative,core_anual,True,True,False,Tasa efectiva de fondos federales de EE. UU.,
2000,petroleo_crudo_produccion_tbpd,2893.620218579235,2893.620218579235,100.0,mil barriles/dia,eia.csv,publicado_por_proveedor_estado_no_desagregado,identidad,,,no_archivada; no inferir del periodo ni del mtime,False,EIA,D2_energia,positive,core_anual,True,False,False,Produccion de crudo y condensado de arrendamiento (EIA producto 57),
2000,gas_natural_produccion_bcf,960.568,960.568,66.0417137263761,BCF,eia.csv,publicado_por_proveedor_estado_no_desagregado,identidad,,,no_archivada; no inferir del periodo ni del mtime,False,EIA,D2_energia,positive,auxiliar,False,False,False,Produccion de gas natural,
2000,electricidad_generacion_bkwh,85.271,85.271,21.074385118442883,bkWh,eia.csv,publicado_por_proveedor_estado_no_desagregado,identidad,,,no_archivada; no inferir del periodo ni del mtime,False,EIA,D2_energia,positive,auxiliar,False,False,False,Generacion electrica,
2000,luminosidad_nocturna_idx,,,,nW/cm2/sr,blackmarble_qa_monthly.csv,sin_dato,media_de_meses_publicados_minimo_3,,,no_archivada; no inferir del periodo ni del mtime,False,VIIRS,D2_energia,positive,core_anual,True,False,False,Luminosidad nocturna satelital,"NASA Black Marble VNP46A3, media nacional con mascara poligonal exacta. Sustituyo a la serie de Li et al. el 2026-08-11: mismo fenomeno con 2 meses de rezago en vez de 2 anios. Cubre 2014-2026; no se empalma con la anterior."
2000,cpi_score,,,,0-100,cpi.csv,sin_dato,identidad,,,no_archivada; no inferir del periodo ni del mtime,False,CPI,D3_institucional,positive,core_anual,True,False,False,Indice de percepcion de corrupcion,CPI comparable solo desde 2012; registros anteriores conservados en raw y excluidos del indice.
2000,wgi_promedio_sc,42.894742433333334,42.89474243333333,100.0,percentil 0-100,wgi.csv,publicado_por_proveedor_estado_no_desagregado,identidad,,,no_archivada; no inferir del periodo ni del mtime,False,WGI,D3_institucional,positive,core_anual,True,False,False,Promedio WGI de gobernanza,
2000,freedom_house_score,,,,0-100,freedom_house.csv,sin_dato,identidad,,,no_archivada; no inferir del periodo ni del mtime,False,FREEDOM_HOUSE,D3_institucional,positive,core_anual,True,False,False,Freedom House aggregate score,
2000,wjp_rule_of_law,,,,0-1,wjp.csv,sin_dato,identidad,,,no_archivada; no inferir del periodo ni del mtime,False,WJP,D3_institucional,positive,core_anual,True,False,False,World Justice Project Rule of Law,Ediciones dobles asignadas solo al año final (2012-2013 a 2013; 2017-2018 a 2018).
2000,pts_terror_politico,2.5,2.5,100.0,1-5,,publicado_por_proveedor_estado_no_desagregado,identidad,,,no_archivada; no inferir del periodo ni del mtime,False,PTS,D3_institucional,negative,core_anual,True,False,False,Political Terror Scale,
2000,exportaciones_pct_pib,0.0,0.0,0.0,% PIB,wdi.csv,publicado_por_proveedor_estado_no_desagregado,identidad,,,no_archivada; no inferir del periodo ni del mtime,False,WDI,D4_comercial,positive,core_anual,True,False,False,Exportaciones de bienes y servicios,
2000,desempleo_pct,14.0,14.0,76.59574468085107,%,imf.csv,WEO_estimaciones_y_proyecciones_estado_individual_no_verificado,identidad,,,no_archivada; no inferir del periodo ni del mtime,False,IMF,D4_comercial,negative,auxiliar,False,False,False,Tasa de desempleo,
2000,migrantes_vzla_millones,0.0006,0.0006,100.0,millones,unhcr.csv,publicado_por_proveedor_estado_no_desagregado,identidad,,,no_archivada; no inferir del periodo ni del mtime,False,UNHCR,D4_comercial,negative,core_anual,True,False,False,Refugiados y solicitantes de asilo venezolanos,
2000,lsci_conectividad_maritima,,,,indice (base promedio Q1 2023 = 100),unctad.csv,sin_dato,identidad,,,no_archivada; no inferir del periodo ni del mtime,False,UNCTAD,D4_comercial,positive,core_anual,True,False,False,Liner Shipping Connectivity Index,No es una escala acotada 0-100. Promedio de trimestres publicados; años parciales se identifican.
2000,hdi,0.703,0.703,9.090909090909092,0-1,hdi.csv,publicado_por_proveedor_estado_no_desagregado,identidad,,,no_archivada; no inferir del periodo ni del mtime,False,HDI,D5_capital_humano,positive,core_anual,True,False,False,Indice de Desarrollo Humano,
2000,esperanza_vida_anos,72.388,72.388,58.780592528982545,anos,wdi.csv,publicado_por_proveedor_estado_no_desagregado,identidad,,,no_archivada; no inferir del periodo ni del mtime,False,WDI,D5_capital_humano,positive,core_anual,True,False,False,Esperanza de vida al nacer,
2000,mortalidad_infantil_x1000,17.5,17.5,54.41176470588235,muertes por 1.000 nacidos vivos,wdi.csv,publicado_por_proveedor_estado_no_desagregado,identidad,,,no_archivada; no inferir del periodo ni del mtime,False,WDI,D5_capital_humano,negative,core_anual,True,False,False,Mortalidad infantil,
2000,acceso_electricidad_pct,98.9,98.9,74.4186046511629,% poblacion,wdi.csv,publicado_por_proveedor_estado_no_desagregado,identidad,,,no_archivada; no inferir del periodo ni del mtime,False,WDI,D5_capital_humano,positive,core_anual,True,False,False,Acceso a electricidad,
2000,empleo_vulnerable_oit_pct,35.67,35.67,21.849865951742576,% empleo,ilostat.csv,estimacion_modelada_OIT_distribuida_WDI,identidad,,,no_archivada; no inferir del periodo ni del mtime,False,WDI,D5_capital_humano,negative,core_anual,True,False,False,Empleo vulnerable (estimacion modelada OIT),OIT ILOEST distribuido por WDI SL.EMP.VULN.ZS: cuenta propia y familiares auxiliares. No equivale a empleo informal ni a una observacion directa; no sustituye otras series.
2000,guardian_tono_titulares,-0.0707,-0.0707,73.82859917455693,VADER compound,guardian.csv,publicado_por_proveedor_estado_no_desagregado,identidad,,,no_archivada; no inferir del periodo ni del mtime,False,GUARDIAN,D6_percepcion,positive,core_anual,True,True,False,Tono de titulares internacionales,
2000,guardian_articulos_venezuela,137.0,137.0,95.9866220735786,articulos,guardian.csv,publicado_por_proveedor_estado_no_desagregado,identidad,,,no_archivada; no inferir del periodo ni del mtime,False,GUARDIAN,D6_percepcion,negative,core_anual,True,True,False,Volumen de cobertura internacional,
2000,ied_neta_usd,4703000000.0,4703000000.0,83.52402745995423,USD,wdi.csv,publicado_por_proveedor_estado_no_desagregado,identidad,,,no_archivada; no inferir del periodo ni del mtime,False,WDI,D4_comercial,positive,outcome_externo,False,False,True,Inversion extranjera directa neta,Outcome externo usado para validacion ICIV -> IED; no entra al score.
2000,brent_precio_usd,28.66067193675889,28.66067193675889,4.826899941260694,USD/barril,fred.csv,publicado_por_proveedor_estado_no_desagregado,identidad,,,no_archivada; no inferir del periodo ni del mtime,False,FRED,D1_macro,positive,pulse_mensual,False,True,False,Precio Brent del petroleo,
2000,usd_index_broad,,,,indice,fred.csv,sin_dato,identidad,,,no_archivada; no inferir del periodo ni del mtime,False,FRED,D1_macro,negative,pulse_mensual,False,True,False,Indice amplio del dolar,
2000,vix_volatility,23.315,23.315,43.415994005940476,indice,fred.csv,publicado_por_proveedor_estado_no_desagregado,identidad,,,no_archivada; no inferir del periodo ni del mtime,False,FRED,D1_macro,negative,pulse_mensual,False,True,False,VIX volatilidad financiera,
2000,ust_10y_yield_pct,6.030278884462151,6.030278884462151,0.0,%,fred.csv,publicado_por_proveedor_estado_no_desagregado,identidad,,,no_archivada; no inferir del periodo ni del mtime,False,FRED,D1_macro,negative,pulse_mensual,False,True,False,Treasury 10Y yield,
2001,inflacion_ipc_imf_pct,12.5,1.0969100130080565,100.0,% anual,imf.csv,WEO_estimaciones_y_proyecciones_estado_individual_no_verificado,log10_porcentaje_positivo; no se imputan valores no positivos,,,no_archivada; no inferir del periodo ni del mtime,False,IMF,D1_macro,negative,core_anual,True,False,False,Inflacion de precios al consumidor (FMI),"IMF WEO PCPIPCH: variacion porcentual anual del IPC, no deflactor del PIB. Incluye estimaciones y proyecciones del proveedor; el estado se declara por observacion. Se transforma a log10 antes de normalizar; los valores originales se conservan."
2001,pib_crecimiento_real_pct,3.41463414634147,3.41463414634147,69.20241357109701,%,wdi.csv,publicado_por_proveedor_estado_no_desagregado,identidad,,,no_archivada; no inferir del periodo ni del mtime,False,WDI,D1_macro,positive,core_anual,True,False,False,Crecimiento real del PIB,
2001,reservas_internacionales_usd,12264400222.6423,12264400222.6423,7.424809542402473,USD,wdi.csv,publicado_por_proveedor_estado_no_desagregado,identidad,,,no_archivada; no inferir del periodo ni del mtime,False,WDI,D1_macro,positive,auxiliar,False,False,False,Reservas internacionales,Faltantes recientes se muestran como faltantes; no se hace forward-fill.
2001,tipo_cambio_oficial_lcu_usd,0.723658333333334,-0.1404664323820368,97.68129645194557,LCU/USD en denominacion del proveedor,wdi.csv,publicado_por_proveedor_estado_no_desagregado,log10_BsF_equivalente;2018_2021:x1e5;2022_en_adelante:x1e11,,,no_archivada; no inferir del periodo ni del mtime,False,WDI,D1_macro,negative,auxiliar,False,False,False,Tipo de cambio oficial (unidad original WDI),
2001,wti_precio_usd,25.98312,25.98312,0.0,USD/barril,fred.csv,publicado_por_proveedor_estado_no_desagregado,identidad,,,no_archivada; no inferir del periodo ni del mtime,False,FRED,D1_macro,positive,core_anual,True,True,False,Precio WTI del petroleo,
2001,tasa_fed_funds_pct,3.8875,3.8875,38.14809801001759,%,fred.csv,publicado_por_proveedor_estado_no_desagregado,identidad,,,no_archivada; no inferir del periodo ni del mtime,False,FRED,D1_macro,negative,core_anual,True,True,False,Tasa efectiva de fondos federales de EE. UU.,
2001,petroleo_crudo_produccion_tbpd,2806.9134410958904,2806.9134410958904,96.33616415455528,mil barriles/dia,eia.csv,publicado_por_proveedor_estado_no_desagregado,identidad,,,no_archivada; no inferir del periodo ni del mtime,False,EIA,D2_energia,positive,core_anual,True,False,False,Produccion de crudo y condensado de arrendamiento (EIA producto 57),
2001,gas_natural_produccion_bcf,1119.83865,1119.83865,100.0,BCF,eia.csv,publicado_por_proveedor_estado_no_desagregado,identidad,,,no_archivada; no inferir del periodo ni del mtime,False,EIA,D2_energia,positive,auxiliar,False,False,False,Produccion de gas natural,
2001,electricidad_generacion_bkwh,90.119,90.119,28.74839252198493,bkWh,eia.csv,publicado_por_proveedor_estado_no_desagregado,identidad,,,no_archivada; no inferir del periodo ni del mtime,False,EIA,D2_energia,positive,auxiliar,False,False,False,Generacion electrica,
2001,luminosidad_nocturna_idx,,,,nW/cm2/sr,blackmarble_qa_monthly.csv,sin_dato,media_de_meses_publicados_minimo_3,,,no_archivada; no inferir del periodo ni del mtime,False,VIIRS,D2_energia,positive,core_anual,True,False,False,Luminosidad nocturna satelital,"NASA Black Marble VNP46A3, media nacional con mascara poligonal exacta. Sustituyo a la serie de Li et al. el 2026-08-11: mismo fenomeno con 2 meses de rezago en vez de 2 anios. Cubre 2014-2026; no se empalma con la anterior."
2001,cpi_score,,,,0-100,cpi.csv,sin_dato,identidad,,,no_archivada; no inferir del periodo ni del mtime,False,CPI,D3_institucional,positive,core_anual,True,False,False,Indice de percepcion de corrupcion,CPI comparable solo desde 2012; registros anteriores conservados en raw y excluidos del indice.
2001,wgi_promedio_sc,,,,percentil 0-100,wgi.csv,sin_dato,identidad,,,no_archivada; no inferir del periodo ni del mtime,False,WGI,D3_institucional,positive,core_anual,True,False,False,Promedio WGI de gobernanza,
2001,freedom_house_score,,,,0-100,freedom_house.csv,sin_dato,identidad,,,no_archivada; no inferir del periodo ni del mtime,False,FREEDOM_HOUSE,D3_institucional,positive,core_anual,True,False,False,Freedom House aggregate score,
2001,wjp_rule_of_law,,,,0-1,wjp.csv,sin_dato,identidad,,,no_archivada; no inferir del periodo ni del mtime,False,WJP,D3_institucional,positive,core_anual,True,False,False,World Justice Project Rule of Law,Ediciones dobles asignadas solo al año final (2012-2013 a 2013; 2017-2018 a 2018).
2001,pts_terror_politico,3.0,3.0,80.0,1-5,,publicado_por_proveedor_estado_no_desagregado,identidad,,,no_archivada; no inferir del periodo ni del mtime,False,PTS,D3_institucional,negative,core_anual,True,False,False,Political Terror Scale,
2001,exportaciones_pct_pib,0.0,0.0,0.0,% PIB,wdi.csv,publicado_por_proveedor_estado_no_desagregado,identidad,,,no_archivada; no inferir del periodo ni del mtime,False,WDI,D4_comercial,positive,core_anual,True,False,False,Exportaciones de bienes y servicios,
2001,desempleo_pct,13.4,13.4,78.72340425531915,%,imf.csv,WEO_estimaciones_y_proyecciones_estado_individual_no_verificado,identidad,,,no_archivada; no inferir del periodo ni del mtime,False,IMF,D4_comercial,negative,auxiliar,False,False,False,Tasa de desempleo,
2001,migrantes_vzla_millones,0.0008,0.0008,99.98843663274745,millones,unhcr.csv,publicado_por_proveedor_estado_no_desagregado,identidad,,,no_archivada; no inferir del periodo ni del mtime,False,UNHCR,D4_comercial,negative,core_anual,True,False,False,Refugiados y solicitantes de asilo venezolanos,
2001,lsci_conectividad_maritima,,,,indice (base promedio Q1 2023 = 100),unctad.csv,sin_dato,identidad,,,no_archivada; no inferir del periodo ni del mtime,False,UNCTAD,D4_comercial,positive,core_anual,True,False,False,Liner Shipping Connectivity Index,No es una escala acotada 0-100. Promedio de trimestres publicados; años parciales se identifican.
2001,hdi,0.708,0.708,15.584415584415584,0-1,hdi.csv,publicado_por_proveedor_estado_no_desagregado,identidad,,,no_archivada; no inferir del periodo ni del mtime,False,HDI,D5_capital_humano,positive,core_anual,True,False,False,Indice de Desarrollo Humano,
2001,esperanza_vida_anos,71.019,71.019,0.0,anos,wdi.csv,publicado_por_proveedor_estado_no_desagregado,identidad,,,no_archivada; no inferir del periodo ni del mtime,False,WDI,D5_capital_humano,positive,core_anual,True,False,False,Esperanza de vida al nacer,
2001,mortalidad_infantil_x1000,17.0,17.0,61.76470588235294,muertes por 1.000 nacidos vivos,wdi.csv,publicado_por_proveedor_estado_no_desagregado,identidad,,,no_archivada; no inferir del periodo ni del mtime,False,WDI,D5_capital_humano,negative,core_anual,True,False,False,Mortalidad infantil,
2001,acceso_electricidad_pct,99.9,99.9,97.6744186046513,% poblacion,wdi.csv,publicado_por_proveedor_estado_no_desagregado,identidad,,,no_archivada; no inferir del periodo ni del mtime,False,WDI,D5_capital_humano,positive,core_anual,True,False,False,Acceso a electricidad,
2001,empleo_vulnerable_oit_pct,33.14,33.14,55.7640750670241,% empleo,ilostat.csv,estimacion_modelada_OIT_distribuida_WDI,identidad,,,no_archivada; no inferir del periodo ni del mtime,False,WDI,D5_capital_humano,negative,core_anual,True,False,False,Empleo vulnerable (estimacion modelada OIT),OIT ILOEST distribuido por WDI SL.EMP.VULN.ZS: cuenta propia y familiares auxiliares. No equivale a empleo informal ni a una observacion directa; no sustituye otras series.
2001,guardian_tono_titulares,-0.0365,-0.0365,82.13158533624666,VADER compound,guardian.csv,publicado_por_proveedor_estado_no_desagregado,identidad,,,no_archivada; no inferir del periodo ni del mtime,False,GUARDIAN,D6_percepcion,positive,core_anual,True,True,False,Tono de titulares internacionales,
2001,guardian_articulos_venezuela,101.0,101.0,100.0,articulos,guardian.csv,publicado_por_proveedor_estado_no_desagregado,identidad,,,no_archivada; no inferir del periodo ni del mtime,False,GUARDIAN,D6_percepcion,negative,core_anual,True,True,False,Volumen de cobertura internacional,
2001,ied_neta_usd,3704000000.0,3704000000.0,69.23627002288329,USD,wdi.csv,publicado_por_proveedor_estado_no_desagregado,identidad,,,no_archivada; no inferir del periodo ni del mtime,False,WDI,D4_comercial,positive,outcome_externo,False,False,True,Inversion extranjera directa neta,Outcome externo usado para validacion ICIV -> IED; no entra al score.
2001,brent_precio_usd,24.455719844357976,24.455719844357976,0.0,USD/barril,fred.csv,publicado_por_proveedor_estado_no_desagregado,identidad,,,no_archivada; no inferir del periodo ni del mtime,False,FRED,D1_macro,positive,pulse_mensual,False,True,False,Precio Brent del petroleo,
2001,usd_index_broad,,,,indice,fred.csv,sin_dato,identidad,,,no_archivada; no inferir del periodo ni del mtime,False,FRED,D1_macro,negative,pulse_mensual,False,True,False,Indice amplio del dolar,
2001,vix_volatility,25.74967741935484,25.74967741935484,32.14675101752976,indice,fred.csv,publicado_por_proveedor_estado_no_desagregado,identidad,,,no_archivada; no inferir del periodo ni del mtime,False,FRED,D1_macro,negative,pulse_mensual,False,True,False,VIX volatilidad financiera,
2001,ust_10y_yield_pct,5.0206854838709685,5.0206854838709685,19.637785165055043,%,fred.csv,publicado_por_proveedor_estado_no_desagregado,identidad,,,no_archivada; no inferir del periodo ni del mtime,False,FRED,D1_macro,negative,pulse_mensual,False,True,False,Treasury 10Y yield,
2002,inflacion_ipc_imf_pct,22.4,1.3502480183341627,93.18708356596834,% anual,imf.csv,WEO_estimaciones_y_proyecciones_estado_individual_no_verificado,log10_porcentaje_positivo; no se imputan valores no positivos,,,no_archivada; no inferir del periodo ni del mtime,False,IMF,D1_macro,negative,core_anual,True,False,False,Inflacion de precios al consumidor (FMI),"IMF WEO PCPIPCH: variacion porcentual anual del IPC, no deflactor del PIB. Incluye estimaciones y proyecciones del proveedor; el estado se declara por observacion. Se transforma a log10 antes de normalizar; los valores originales se conservan."
2002,pib_crecimiento_real_pct,-8.72641509433961,-8.72641509433961,43.92533039137337,%,wdi.csv,publicado_por_proveedor_estado_no_desagregado,identidad,,,no_archivada; no inferir del periodo ni del mtime,False,WDI,D1_macro,positive,core_anual,True,False,False,Crecimiento real del PIB,
2002,reservas_internacionales_usd,12106510810.7652,12106510810.7652,6.950259607551271,USD,wdi.csv,publicado_por_proveedor_estado_no_desagregado,identidad,,,no_archivada; no inferir del periodo ni del mtime,False,WDI,D1_macro,positive,auxiliar,False,False,False,Reservas internacionales,Faltantes recientes se muestran como faltantes; no se hace forward-fill.
2002,tipo_cambio_oficial_lcu_usd,1.16095,0.0648135158697579,80.08223103604809,LCU/USD en denominacion del proveedor,wdi.csv,publicado_por_proveedor_estado_no_desagregado,log10_BsF_equivalente;2018_2021:x1e5;2022_en_adelante:x1e11,,,no_archivada; no inferir del periodo ni del mtime,False,WDI,D1_macro,negative,auxiliar,False,False,False,Tipo de cambio oficial (unidad original WDI),
2002,wti_precio_usd,26.18496,26.18496,0.2739102075344246,USD/barril,fred.csv,publicado_por_proveedor_estado_no_desagregado,identidad,,,no_archivada; no inferir del periodo ni del mtime,False,FRED,D1_macro,positive,core_anual,True,True,False,Precio WTI del petroleo,
2002,tasa_fed_funds_pct,1.6666666666666667,1.6666666666666667,74.22498984702855,%,fred.csv,publicado_por_proveedor_estado_no_desagregado,identidad,,,no_archivada; no inferir del periodo ni del mtime,False,FRED,D1_macro,negative,core_anual,True,True,False,Tasa efectiva de fondos federales de EE. UU.,
2002,petroleo_crudo_produccion_tbpd,2435.3080191780823,2435.3080191780823,80.63380149385542,mil barriles/dia,eia.csv,publicado_por_proveedor_estado_no_desagregado,identidad,,,no_archivada; no inferir del periodo ni del mtime,False,EIA,D2_energia,positive,core_anual,True,False,False,Produccion de crudo y condensado de arrendamiento (EIA producto 57),
2002,gas_natural_produccion_bcf,1003.29915,1003.29915,75.152473458324,BCF,eia.csv,publicado_por_proveedor_estado_no_desagregado,identidad,,,no_archivada; no inferir del periodo ni del mtime,False,EIA,D2_energia,positive,auxiliar,False,False,False,Produccion de gas natural,
2002,electricidad_generacion_bkwh,91.852,91.852,31.49159690118014,bkWh,eia.csv,publicado_por_proveedor_estado_no_desagregado,identidad,,,no_archivada; no inferir del periodo ni del mtime,False,EIA,D2_energia,positive,auxiliar,False,False,False,Generacion electrica,
2002,luminosidad_nocturna_idx,,,,nW/cm2/sr,blackmarble_qa_monthly.csv,sin_dato,media_de_meses_publicados_minimo_3,,,no_archivada; no inferir del periodo ni del mtime,False,VIIRS,D2_energia,positive,core_anual,True,False,False,Luminosidad nocturna satelital,"NASA Black Marble VNP46A3, media nacional con mascara poligonal exacta. Sustituyo a la serie de Li et al. el 2026-08-11: mismo fenomeno con 2 meses de rezago en vez de 2 anios. Cubre 2014-2026; no se empalma con la anterior."
2002,cpi_score,,,,0-100,cpi.csv,sin_dato,identidad,,,no_archivada; no inferir del periodo ni del mtime,False,CPI,D3_institucional,positive,core_anual,True,False,False,Indice de percepcion de corrupcion,CPI comparable solo desde 2012; registros anteriores conservados en raw y excluidos del indice.
2002,wgi_promedio_sc,36.35360618333334,36.35360618333334,66.36451389133013,percentil 0-100,wgi.csv,publicado_por_proveedor_estado_no_desagregado,identidad,,,no_archivada; no inferir del periodo ni del mtime,False,WGI,D3_institucional,positive,core_anual,True,False,False,Promedio WGI de gobernanza,
2002,freedom_house_score,,,,0-100,freedom_house.csv,sin_dato,identidad,,,no_archivada; no inferir del periodo ni del mtime,False,FREEDOM_HOUSE,D3_institucional,positive,core_anual,True,False,False,Freedom House aggregate score,
2002,wjp_rule_of_law,,,,0-1,wjp.csv,sin_dato,identidad,,,no_archivada; no inferir del periodo ni del mtime,False,WJP,D3_institucional,positive,core_anual,True,False,False,World Justice Project Rule of Law,Ediciones dobles asignadas solo al año final (2012-2013 a 2013; 2017-2018 a 2018).
2002,pts_terror_politico,4.0,4.0,40.0,1-5,,publicado_por_proveedor_estado_no_desagregado,identidad,,,no_archivada; no inferir del periodo ni del mtime,False,PTS,D3_institucional,negative,core_anual,True,False,False,Political Terror Scale,
2002,exportaciones_pct_pib,0.0,0.0,0.0,% PIB,wdi.csv,publicado_por_proveedor_estado_no_desagregado,identidad,,,no_archivada; no inferir del periodo ni del mtime,False,WDI,D4_comercial,positive,core_anual,True,False,False,Exportaciones de bienes y servicios,
2002,desempleo_pct,16.0,16.0,69.50354609929079,%,imf.csv,WEO_estimaciones_y_proyecciones_estado_individual_no_verificado,identidad,,,no_archivada; no inferir del periodo ni del mtime,False,IMF,D4_comercial,negative,auxiliar,False,False,False,Tasa de desempleo,
2002,migrantes_vzla_millones,0.0013,0.0013,99.95952821461609,millones,unhcr.csv,publicado_por_proveedor_estado_no_desagregado,identidad,,,no_archivada; no inferir del periodo ni del mtime,False,UNHCR,D4_comercial,negative,core_anual,True,False,False,Refugiados y solicitantes de asilo venezolanos,
2002,lsci_conectividad_maritima,,,,indice (base promedio Q1 2023 = 100),unctad.csv,sin_dato,identidad,,,no_archivada; no inferir del periodo ni del mtime,False,UNCTAD,D4_comercial,positive,core_anual,True,False,False,Liner Shipping Connectivity Index,No es una escala acotada 0-100. Promedio de trimestres publicados; años parciales se identifican.
2002,hdi,0.716,0.716,25.97402597402597,0-1,hdi.csv,publicado_por_proveedor_estado_no_desagregado,identidad,,,no_archivada; no inferir del periodo ni del mtime,False,HDI,D5_capital_humano,positive,core_anual,True,False,False,Indice de Desarrollo Humano,
2002,esperanza_vida_anos,72.823,72.823,77.45813653928694,anos,wdi.csv,publicado_por_proveedor_estado_no_desagregado,identidad,,,no_archivada; no inferir del periodo ni del mtime,False,WDI,D5_capital_humano,positive,core_anual,True,False,False,Esperanza de vida al nacer,
2002,mortalidad_infantil_x1000,16.6,16.6,67.64705882352939,muertes por 1.000 nacidos vivos,wdi.csv,publicado_por_proveedor_estado_no_desagregado,identidad,,,no_archivada; no inferir del periodo ni del mtime,False,WDI,D5_capital_humano,negative,core_anual,True,False,False,Mortalidad infantil,
2002,acceso_electricidad_pct,99.8,99.8,95.34883720930226,% poblacion,wdi.csv,publicado_por_proveedor_estado_no_desagregado,identidad,,,no_archivada; no inferir del periodo ni del mtime,False,WDI,D5_capital_humano,positive,core_anual,True,False,False,Acceso a electricidad,
2002,empleo_vulnerable_oit_pct,33.19,33.19,55.09383378016087,% empleo,ilostat.csv,estimacion_modelada_OIT_distribuida_WDI,identidad,,,no_archivada; no inferir del periodo ni del mtime,False,WDI,D5_capital_humano,negative,core_anual,True,False,False,Empleo vulnerable (estimacion modelada OIT),OIT ILOEST distribuido por WDI SL.EMP.VULN.ZS: cuenta propia y familiares auxiliares. No equivale a empleo informal ni a una observacion directa; no sustituye otras series.
2002,guardian_tono_titulares,-0.0884,-0.0884,69.53143966982276,VADER compound,guardian.csv,publicado_por_proveedor_estado_no_desagregado,identidad,,,no_archivada; no inferir del periodo ni del mtime,False,GUARDIAN,D6_percepcion,positive,core_anual,True,True,False,Tono de titulares internacionales,
2002,guardian_articulos_venezuela,163.0,163.0,93.08807134894091,articulos,guardian.csv,publicado_por_proveedor_estado_no_desagregado,identidad,,,no_archivada; no inferir del periodo ni del mtime,False,GUARDIAN,D6_percepcion,negative,core_anual,True,True,False,Volumen de cobertura internacional,
2002,ied_neta_usd,761000000.0,761000000.0,27.14530892448512,USD,wdi.csv,publicado_por_proveedor_estado_no_desagregado,identidad,,,no_archivada; no inferir del periodo ni del mtime,False,WDI,D4_comercial,positive,outcome_externo,False,False,True,Inversion extranjera directa neta,Outcome externo usado para validacion ICIV -> IED; no entra al score.
2002,brent_precio_usd,24.993254901960785,24.993254901960785,0.6170410223359055,USD/barril,fred.csv,publicado_por_proveedor_estado_no_desagregado,identidad,,,no_archivada; no inferir del periodo ni del mtime,False,FRED,D1_macro,positive,pulse_mensual,False,True,False,Precio Brent del petroleo,
2002,usd_index_broad,,,,indice,fred.csv,sin_dato,identidad,,,no_archivada; no inferir del periodo ni del mtime,False,FRED,D1_macro,negative,pulse_mensual,False,True,False,Indice amplio del dolar,
2002,vix_volatility,27.29246031746032,27.29246031746032,25.00576584269611,indice,fred.csv,publicado_por_proveedor_estado_no_desagregado,identidad,,,no_archivada; no inferir del periodo ni del mtime,False,FRED,D1_macro,negative,pulse_mensual,False,True,False,VIX volatilidad financiera,
2002,ust_10y_yield_pct,4.61308,4.61308,27.566193690377467,%,fred.csv,publicado_por_proveedor_estado_no_desagregado,identidad,,,no_archivada; no inferir del periodo ni del mtime,False,FRED,D1_macro,negative,pulse_mensual,False,True,False,Treasury 10Y yield,
2003,inflacion_ipc_imf_pct,31.1,1.4927603890268375,89.35455606542565,% anual,imf.csv,WEO_estimaciones_y_proyecciones_estado_individual_no_verificado,log10_porcentaje_positivo; no se imputan valores no positivos,,,no_archivada; no inferir del periodo ni del mtime,False,IMF,D1_macro,negative,core_anual,True,False,False,Inflacion de precios al consumidor (FMI),"IMF WEO PCPIPCH: variacion porcentual anual del IPC, no deflactor del PIB. Incluye estimaciones y proyecciones del proveedor; el estado se declara por observacion. Se transforma a log10 antes de normalizar; los valores originales se conservan."
2003,pib_crecimiento_real_pct,-7.75193798449614,-7.75193798449614,45.95414507402169,%,wdi.csv,publicado_por_proveedor_estado_no_desagregado,identidad,,,no_archivada; no inferir del periodo ni del mtime,False,WDI,D1_macro,positive,core_anual,True,False,False,Crecimiento real del PIB,
2003,reservas_internacionales_usd,20820560020.6513,20820560020.6513,33.14106895745548,USD,wdi.csv,publicado_por_proveedor_estado_no_desagregado,identidad,,,no_archivada; no inferir del periodo ni del mtime,False,WDI,D1_macro,positive,auxiliar,False,False,False,Reservas internacionales,Faltantes recientes se muestran como faltantes; no se hace forward-fill.
2003,tipo_cambio_oficial_lcu_usd,1.60695833333333,0.2060046161298587,67.97763226358455,LCU/USD en denominacion del proveedor,wdi.csv,publicado_por_proveedor_estado_no_desagregado,log10_BsF_equivalente;2018_2021:x1e5;2022_en_adelante:x1e11,,,no_archivada; no inferir del periodo ni del mtime,False,WDI,D1_macro,negative,auxiliar,False,False,False,Tipo de cambio oficial (unidad original WDI),
2003,wti_precio_usd,31.07524,31.07524,6.910343073673156,USD/barril,fred.csv,publicado_por_proveedor_estado_no_desagregado,identidad,,,no_archivada; no inferir del periodo ni del mtime,False,FRED,D1_macro,positive,core_anual,True,True,False,Precio WTI del petroleo,
2003,tasa_fed_funds_pct,1.1275,1.1275,82.98361987274941,%,fred.csv,publicado_por_proveedor_estado_no_desagregado,identidad,,,no_archivada; no inferir del periodo ni del mtime,False,FRED,D1_macro,negative,core_anual,True,True,False,Tasa efectiva de fondos federales de EE. UU.,
2003,petroleo_crudo_produccion_tbpd,2303.495602739726,2303.495602739726,75.06400556510803,mil barriles/dia,eia.csv,publicado_por_proveedor_estado_no_desagregado,identidad,,,no_archivada; no inferir del periodo ni del mtime,False,EIA,D2_energia,positive,core_anual,True,False,False,Produccion de crudo y condensado de arrendamiento (EIA producto 57),
2003,gas_natural_produccion_bcf,861.686,861.686,44.95896393343888,BCF,eia.csv,publicado_por_proveedor_estado_no_desagregado,identidad,,,no_archivada; no inferir del periodo ni del mtime,False,EIA,D2_energia,positive,auxiliar,False,False,False,Produccion de gas natural,
2003,electricidad_generacion_bkwh,91.944,91.944,31.63722575454769,bkWh,eia.csv,publicado_por_proveedor_estado_no_desagregado,identidad,,,no_archivada; no inferir del periodo ni del mtime,False,EIA,D2_energia,positive,auxiliar,False,False,False,Generacion electrica,
2003,luminosidad_nocturna_idx,,,,nW/cm2/sr,blackmarble_qa_monthly.csv,sin_dato,media_de_meses_publicados_minimo_3,,,no_archivada; no inferir del periodo ni del mtime,False,VIIRS,D2_energia,positive,core_anual,True,False,False,Luminosidad nocturna satelital,"NASA Black Marble VNP46A3, media nacional con mascara poligonal exacta. Sustituyo a la serie de Li et al. el 2026-08-11: mismo fenomeno con 2 meses de rezago en vez de 2 anios. Cubre 2014-2026; no se empalma con la anterior."
2003,cpi_score,,,,0-100,cpi.csv,sin_dato,identidad,,,no_archivada; no inferir del periodo ni del mtime,False,CPI,D3_institucional,positive,core_anual,True,False,False,Indice de percepcion de corrupcion,CPI comparable solo desde 2012; registros anteriores conservados en raw y excluidos del indice.
2003,wgi_promedio_sc,36.19188885,36.19188885,65.53293954232238,percentil 0-100,wgi.csv,publicado_por_proveedor_estado_no_desagregado,identidad,,,no_archivada; no inferir del periodo ni del mtime,False,WGI,D3_institucional,positive,core_anual,True,False,False,Promedio WGI de gobernanza,
2003,freedom_house_score,,,,0-100,freedom_house.csv,sin_dato,identidad,,,no_archivada; no inferir del periodo ni del mtime,False,FREEDOM_HOUSE,D3_institucional,positive,core_anual,True,False,False,Freedom House aggregate score,
2003,wjp_rule_of_law,,,,0-1,wjp.csv,sin_dato,identidad,,,no_archivada; no inferir del periodo ni del mtime,False,WJP,D3_institucional,positive,core_anual,True,False,False,World Justice Project Rule of Law,Ediciones dobles asignadas solo al año final (2012-2013 a 2013; 2017-2018 a 2018).
2003,pts_terror_politico,3.0,3.0,80.0,1-5,,publicado_por_proveedor_estado_no_desagregado,identidad,,,no_archivada; no inferir del periodo ni del mtime,False,PTS,D3_institucional,negative,core_anual,True,False,False,Political Terror Scale,
2003,exportaciones_pct_pib,0.0,0.0,0.0,% PIB,wdi.csv,publicado_por_proveedor_estado_no_desagregado,identidad,,,no_archivada; no inferir del periodo ni del mtime,False,WDI,D4_comercial,positive,core_anual,True,False,False,Exportaciones de bienes y servicios,
2003,desempleo_pct,18.2,18.2,61.702127659574465,%,imf.csv,WEO_estimaciones_y_proyecciones_estado_individual_no_verificado,identidad,,,no_archivada; no inferir del periodo ni del mtime,False,IMF,D4_comercial,negative,auxiliar,False,False,False,Tasa de desempleo,
2003,migrantes_vzla_millones,0.0026,0.0026,99.88436632747457,millones,unhcr.csv,publicado_por_proveedor_estado_no_desagregado,identidad,,,no_archivada; no inferir del periodo ni del mtime,False,UNHCR,D4_comercial,negative,core_anual,True,False,False,Refugiados y solicitantes de asilo venezolanos,
2003,lsci_conectividad_maritima,,,,indice (base promedio Q1 2023 = 100),unctad.csv,sin_dato,identidad,,,no_archivada; no inferir del periodo ni del mtime,False,UNCTAD,D4_comercial,positive,core_anual,True,False,False,Liner Shipping Connectivity Index,No es una escala acotada 0-100. Promedio de trimestres publicados; años parciales se identifican.
2003,hdi,0.707,0.707,14.285714285714285,0-1,hdi.csv,publicado_por_proveedor_estado_no_desagregado,identidad,,,no_archivada; no inferir del periodo ni del mtime,False,HDI,D5_capital_humano,positive,core_anual,True,False,False,Indice de Desarrollo Humano,
2003,esperanza_vida_anos,72.056,72.056,44.525547445255256,anos,wdi.csv,publicado_por_proveedor_estado_no_desagregado,identidad,,,no_archivada; no inferir del periodo ni del mtime,False,WDI,D5_capital_humano,positive,core_anual,True,False,False,Esperanza de vida al nacer,
2003,mortalidad_infantil_x1000,16.2,16.2,73.5294117647059,muertes por 1.000 nacidos vivos,wdi.csv,publicado_por_proveedor_estado_no_desagregado,identidad,,,no_archivada; no inferir del periodo ni del mtime,False,WDI,D5_capital_humano,negative,core_anual,True,False,False,Mortalidad infantil,
2003,acceso_electricidad_pct,95.7,95.7,0.0,% poblacion,wdi.csv,publicado_por_proveedor_estado_no_desagregado,identidad,,,no_archivada; no inferir del periodo ni del mtime,False,WDI,D5_capital_humano,positive,core_anual,True,False,False,Acceso a electricidad,
2003,empleo_vulnerable_oit_pct,34.13,34.13,42.49329758713131,% empleo,ilostat.csv,estimacion_modelada_OIT_distribuida_WDI,identidad,,,no_archivada; no inferir del periodo ni del mtime,False,WDI,D5_capital_humano,negative,core_anual,True,False,False,Empleo vulnerable (estimacion modelada OIT),OIT ILOEST distribuido por WDI SL.EMP.VULN.ZS: cuenta propia y familiares auxiliares. No equivale a empleo informal ni a una observacion directa; no sustituye otras series.
2003,guardian_tono_titulares,-0.0371,-0.0371,81.98591891235736,VADER compound,guardian.csv,publicado_por_proveedor_estado_no_desagregado,identidad,,,no_archivada; no inferir del periodo ni del mtime,False,GUARDIAN,D6_percepcion,positive,core_anual,True,True,False,Tono de titulares internacionales,
2003,guardian_articulos_venezuela,177.0,177.0,91.5273132664437,articulos,guardian.csv,publicado_por_proveedor_estado_no_desagregado,identidad,,,no_archivada; no inferir del periodo ni del mtime,False,GUARDIAN,D6_percepcion,negative,core_anual,True,True,False,Volumen de cobertura internacional,
2003,ied_neta_usd,1573000000.0,1573000000.0,38.75858123569794,USD,wdi.csv,publicado_por_proveedor_estado_no_desagregado,identidad,,,no_archivada; no inferir del periodo ni del mtime,False,WDI,D4_comercial,positive,outcome_externo,False,False,True,Inversion extranjera directa neta,Outcome externo usado para validacion ICIV -> IED; no entra al score.
2003,brent_precio_usd,28.850813953488373,28.850813953488373,5.045165564557888,USD/barril,fred.csv,publicado_por_proveedor_estado_no_desagregado,identidad,,,no_archivada; no inferir del periodo ni del mtime,False,FRED,D1_macro,positive,pulse_mensual,False,True,False,Precio Brent del petroleo,
2003,usd_index_broad,,,,indice,fred.csv,sin_dato,identidad,,,no_archivada; no inferir del periodo ni del mtime,False,FRED,D1_macro,negative,pulse_mensual,False,True,False,Indice amplio del dolar,
2003,vix_volatility,21.982857142857146,21.982857142857146,49.58200246072649,indice,fred.csv,publicado_por_proveedor_estado_no_desagregado,identidad,,,no_archivada; no inferir del periodo ni del mtime,False,FRED,D1_macro,negative,pulse_mensual,False,True,False,VIX volatilidad financiera,
2003,ust_10y_yield_pct,4.01388,4.01388,39.221342054075826,%,fred.csv,publicado_por_proveedor_estado_no_desagregado,identidad,,,no_archivada; no inferir del periodo ni del mtime,False,FRED,D1_macro,negative,pulse_mensual,False,True,False,Treasury 10Y yield,
2004,inflacion_ipc_imf_pct,21.7,1.3364597338485296,93.55788631957948,% anual,imf.csv,WEO_estimaciones_y_proyecciones_estado_individual_no_verificado,log10_porcentaje_positivo; no se imputan valores no positivos,,,no_archivada; no inferir del periodo ni del mtime,False,IMF,D1_macro,negative,core_anual,True,False,False,Inflacion de precios al consumidor (FMI),"IMF WEO PCPIPCH: variacion porcentual anual del IPC, no deflactor del PIB. Incluye estimaciones y proyecciones del proveedor; el estado se declara por observacion. Se transforma a log10 antes de normalizar; los valores originales se conservan."
2004,pib_crecimiento_real_pct,18.2072829131653,18.2072829131653,100.0,%,wdi.csv,publicado_por_proveedor_estado_no_desagregado,identidad,,,no_archivada; no inferir del periodo ni del mtime,False,WDI,D1_macro,positive,core_anual,True,False,False,Crecimiento real del PIB,
2004,reservas_internacionales_usd,23408050057.2128,23408050057.2128,40.91798834476805,USD,wdi.csv,publicado_por_proveedor_estado_no_desagregado,identidad,,,no_archivada; no inferir del periodo ni del mtime,False,WDI,D1_macro,positive,auxiliar,False,False,False,Reservas internacionales,Faltantes recientes se muestran como faltantes; no se hace forward-fill.
2004,tipo_cambio_oficial_lcu_usd,1.89133333333333,0.2767680767401703,61.91093757205729,LCU/USD en denominacion del proveedor,wdi.csv,publicado_por_proveedor_estado_no_desagregado,log10_BsF_equivalente;2018_2021:x1e5;2022_en_adelante:x1e11,,,no_archivada; no inferir del periodo ni del mtime,False,WDI,D1_macro,negative,auxiliar,False,False,False,Tipo de cambio oficial (unidad original WDI),
2004,wti_precio_usd,41.506024096385545,41.506024096385545,21.065605839169244,USD/barril,fred.csv,publicado_por_proveedor_estado_no_desagregado,identidad,,,no_archivada; no inferir del periodo ni del mtime,False,FRED,D1_macro,positive,core_anual,True,True,False,Precio WTI del petroleo,
2004,tasa_fed_funds_pct,1.3491666666666668,1.3491666666666668,79.38269933667253,%,fred.csv,publicado_por_proveedor_estado_no_desagregado,identidad,,,no_archivada; no inferir del periodo ni del mtime,False,FRED,D1_macro,negative,core_anual,True,True,False,Tasa efectiva de fondos federales de EE. UU.,
2004,petroleo_crudo_produccion_tbpd,2563.9085601092897,2563.9085601092897,86.06787810566178,mil barriles/dia,eia.csv,publicado_por_proveedor_estado_no_desagregado,identidad,,,no_archivada; no inferir del periodo ni del mtime,False,EIA,D2_energia,positive,core_anual,True,False,False,Produccion de crudo y condensado de arrendamiento (EIA producto 57),
2004,gas_natural_produccion_bcf,960.568,960.568,66.0417137263761,BCF,eia.csv,publicado_por_proveedor_estado_no_desagregado,identidad,,,no_archivada; no inferir del periodo ni del mtime,False,EIA,D2_energia,positive,auxiliar,False,False,False,Produccion de gas natural,
2004,electricidad_generacion_bkwh,98.552,98.552,42.09717643990369,bkWh,eia.csv,publicado_por_proveedor_estado_no_desagregado,identidad,,,no_archivada; no inferir del periodo ni del mtime,False,EIA,D2_energia,positive,auxiliar,False,False,False,Generacion electrica,
2004,luminosidad_nocturna_idx,,,,nW/cm2/sr,blackmarble_qa_monthly.csv,sin_dato,media_de_meses_publicados_minimo_3,,,no_archivada; no inferir del periodo ni del mtime,False,VIIRS,D2_energia,positive,core_anual,True,False,False,Luminosidad nocturna satelital,"NASA Black Marble VNP46A3, media nacional con mascara poligonal exacta. Sustituyo a la serie de Li et al. el 2026-08-11: mismo fenomeno con 2 meses de rezago en vez de 2 anios. Cubre 2014-2026; no se empalma con la anterior."
2004,cpi_score,,,,0-100,cpi.csv,sin_dato,identidad,,,no_archivada; no inferir del periodo ni del mtime,False,CPI,D3_institucional,positive,core_anual,True,False,False,Indice de percepcion de corrupcion,CPI comparable solo desde 2012; registros anteriores conservados en raw y excluidos del indice.
2004,wgi_promedio_sc,36.48780166666666,36.48780166666666,67.0545668336617,percentil 0-100,wgi.csv,publicado_por_proveedor_estado_no_desagregado,identidad,,,no_archivada; no inferir del periodo ni del mtime,False,WGI,D3_institucional,positive,core_anual,True,False,False,Promedio WGI de gobernanza,
2004,freedom_house_score,,,,0-100,freedom_house.csv,sin_dato,identidad,,,no_archivada; no inferir del periodo ni del mtime,False,FREEDOM_HOUSE,D3_institucional,positive,core_anual,True,False,False,Freedom House aggregate score,
2004,wjp_rule_of_law,,,,0-1,wjp.csv,sin_dato,identidad,,,no_archivada; no inferir del periodo ni del mtime,False,WJP,D3_institucional,positive,core_anual,True,False,False,World Justice Project Rule of Law,Ediciones dobles asignadas solo al año final (2012-2013 a 2013; 2017-2018 a 2018).
2004,pts_terror_politico,3.0,3.0,80.0,1-5,,publicado_por_proveedor_estado_no_desagregado,identidad,,,no_archivada; no inferir del periodo ni del mtime,False,PTS,D3_institucional,negative,core_anual,True,False,False,Political Terror Scale,
2004,exportaciones_pct_pib,0.0,0.0,0.0,% PIB,wdi.csv,publicado_por_proveedor_estado_no_desagregado,identidad,,,no_archivada; no inferir del periodo ni del mtime,False,WDI,D4_comercial,positive,core_anual,True,False,False,Exportaciones de bienes y servicios,
2004,desempleo_pct,15.1,15.1,72.6950354609929,%,imf.csv,WEO_estimaciones_y_proyecciones_estado_individual_no_verificado,identidad,,,no_archivada; no inferir del periodo ni del mtime,False,IMF,D4_comercial,negative,auxiliar,False,False,False,Tasa de desempleo,
2004,migrantes_vzla_millones,0.0039,0.0039,99.80920444033302,millones,unhcr.csv,publicado_por_proveedor_estado_no_desagregado,identidad,,,no_archivada; no inferir del periodo ni del mtime,False,UNHCR,D4_comercial,negative,core_anual,True,False,False,Refugiados y solicitantes de asilo venezolanos,
2004,lsci_conectividad_maritima,,,,indice (base promedio Q1 2023 = 100),unctad.csv,sin_dato,identidad,,,no_archivada; no inferir del periodo ni del mtime,False,UNCTAD,D4_comercial,positive,core_anual,True,False,False,Liner Shipping Connectivity Index,No es una escala acotada 0-100. Promedio de trimestres publicados; años parciales se identifican.
2004,hdi,0.718,0.718,28.57142857142857,0-1,hdi.csv,publicado_por_proveedor_estado_no_desagregado,identidad,,,no_archivada; no inferir del periodo ni del mtime,False,HDI,D5_capital_humano,positive,core_anual,True,False,False,Indice de Desarrollo Humano,
2004,esperanza_vida_anos,72.752,72.752,74.409617861743,anos,wdi.csv,publicado_por_proveedor_estado_no_desagregado,identidad,,,no_archivada; no inferir del periodo ni del mtime,False,WDI,D5_capital_humano,positive,core_anual,True,False,False,Esperanza de vida al nacer,
2004,mortalidad_infantil_x1000,15.7,15.7,80.88235294117648,muertes por 1.000 nacidos vivos,wdi.csv,publicado_por_proveedor_estado_no_desagregado,identidad,,,no_archivada; no inferir del periodo ni del mtime,False,WDI,D5_capital_humano,negative,core_anual,True,False,False,Mortalidad infantil,
2004,acceso_electricidad_pct,99.1,99.1,79.06976744186032,% poblacion,wdi.csv,publicado_por_proveedor_estado_no_desagregado,identidad,,,no_archivada; no inferir del periodo ni del mtime,False,WDI,D5_capital_humano,positive,core_anual,True,False,False,Acceso a electricidad,
2004,empleo_vulnerable_oit_pct,31.88,31.88,72.65415549597856,% empleo,ilostat.csv,estimacion_modelada_OIT_distribuida_WDI,identidad,,,no_archivada; no inferir del periodo ni del mtime,False,WDI,D5_capital_humano,negative,core_anual,True,False,False,Empleo vulnerable (estimacion modelada OIT),OIT ILOEST distribuido por WDI SL.EMP.VULN.ZS: cuenta propia y familiares auxiliares. No equivale a empleo informal ni a una observacion directa; no sustituye otras series.
2004,guardian_tono_titulares,-0.043,-0.043,80.55353241077931,VADER compound,guardian.csv,publicado_por_proveedor_estado_no_desagregado,identidad,,,no_archivada; no inferir del periodo ni del mtime,False,GUARDIAN,D6_percepcion,positive,core_anual,True,True,False,Tono de titulares internacionales,
2004,guardian_articulos_venezuela,183.0,183.0,90.85841694537346,articulos,guardian.csv,publicado_por_proveedor_estado_no_desagregado,identidad,,,no_archivada; no inferir del periodo ni del mtime,False,GUARDIAN,D6_percepcion,negative,core_anual,True,True,False,Volumen de cobertura internacional,
2004,ied_neta_usd,1489000000.0,1489000000.0,37.55720823798627,USD,wdi.csv,publicado_por_proveedor_estado_no_desagregado,identidad,,,no_archivada; no inferir del periodo ni del mtime,False,WDI,D4_comercial,positive,outcome_externo,False,False,True,Inversion extranjera directa neta,Outcome externo usado para validacion ICIV -> IED; no entra al score.
2004,brent_precio_usd,38.25969348659004,38.25969348659004,15.845697667582684,USD/barril,fred.csv,publicado_por_proveedor_estado_no_desagregado,identidad,,,no_archivada; no inferir del periodo ni del mtime,False,FRED,D1_macro,positive,pulse_mensual,False,True,False,Precio Brent del petroleo,
2004,usd_index_broad,,,,indice,fred.csv,sin_dato,identidad,,,no_archivada; no inferir del periodo ni del mtime,False,FRED,D1_macro,negative,pulse_mensual,False,True,False,Indice amplio del dolar,
2004,vix_volatility,15.478656126482212,15.478656126482212,79.68760130364015,indice,fred.csv,publicado_por_proveedor_estado_no_desagregado,identidad,,,no_archivada; no inferir del periodo ni del mtime,False,FRED,D1_macro,negative,pulse_mensual,False,True,False,VIX volatilidad financiera,
2004,ust_10y_yield_pct,4.271319999999999,4.271319999999999,34.213829713036944,%,fred.csv,publicado_por_proveedor_estado_no_desagregado,identidad,,,no_archivada; no inferir del periodo ni del mtime,False,FRED,D1_macro,negative,pulse_mensual,False,True,False,Treasury 10Y yield,
2005,inflacion_ipc_imf_pct,16.0,1.2041199826559248,97.11684568146107,% anual,imf.csv,WEO_estimaciones_y_proyecciones_estado_individual_no_verificado,log10_porcentaje_positivo; no se imputan valores no positivos,,,no_archivada; no inferir del periodo ni del mtime,False,IMF,D1_macro,negative,core_anual,True,False,False,Inflacion de precios al consumidor (FMI),"IMF WEO PCPIPCH: variacion porcentual anual del IPC, no deflactor del PIB. Incluye estimaciones y proyecciones del proveedor; el estado se declara por observacion. Se transforma a log10 antes de normalizar; los valores originales se conservan."
2005,pib_crecimiento_real_pct,10.1895734597156,10.1895734597156,83.30751282297445,%,wdi.csv,publicado_por_proveedor_estado_no_desagregado,identidad,,,no_archivada; no inferir del periodo ni del mtime,False,WDI,D1_macro,positive,core_anual,True,False,False,Crecimiento real del PIB,
2005,reservas_internacionales_usd,29802940547.6946,29802940547.6946,60.13837069694821,USD,wdi.csv,publicado_por_proveedor_estado_no_desagregado,identidad,,,no_archivada; no inferir del periodo ni del mtime,False,WDI,D1_macro,positive,auxiliar,False,False,False,Reservas internacionales,Faltantes recientes se muestran como faltantes; no se hace forward-fill.
2005,tipo_cambio_oficial_lcu_usd,2.08975,0.3200943339030964,58.196489860383785,LCU/USD en denominacion del proveedor,wdi.csv,publicado_por_proveedor_estado_no_desagregado,log10_BsF_equivalente;2018_2021:x1e5;2022_en_adelante:x1e11,,,no_archivada; no inferir del periodo ni del mtime,False,WDI,D1_macro,negative,auxiliar,False,False,False,Tipo de cambio oficial (unidad original WDI),
2005,wti_precio_usd,56.637250996015936,56.637250996015936,41.59967985982033,USD/barril,fred.csv,publicado_por_proveedor_estado_no_desagregado,identidad,,,no_archivada; no inferir del periodo ni del mtime,False,FRED,D1_macro,positive,core_anual,True,True,False,Precio WTI del petroleo,
2005,tasa_fed_funds_pct,3.2133333333333334,3.2133333333333334,49.099769865980775,%,fred.csv,publicado_por_proveedor_estado_no_desagregado,identidad,,,no_archivada; no inferir del periodo ni del mtime,False,FRED,D1_macro,negative,core_anual,True,True,False,Tasa efectiva de fondos federales de EE. UU.,
2005,petroleo_crudo_produccion_tbpd,2839.5498273972603,2839.5498273972603,97.71523007612882,mil barriles/dia,eia.csv,publicado_por_proveedor_estado_no_desagregado,identidad,,,no_archivada; no inferir del periodo ni del mtime,False,EIA,D2_energia,positive,core_anual,True,False,False,Produccion de crudo y condensado de arrendamiento (EIA producto 57),
2005,gas_natural_produccion_bcf,827.92486,827.92486,37.760710789850286,BCF,eia.csv,publicado_por_proveedor_estado_no_desagregado,identidad,,,no_archivada; no inferir del periodo ni del mtime,False,EIA,D2_energia,positive,auxiliar,False,False,False,Produccion de gas natural,
2005,electricidad_generacion_bkwh,105.384,105.384,52.91170172476326,bkWh,eia.csv,publicado_por_proveedor_estado_no_desagregado,identidad,,,no_archivada; no inferir del periodo ni del mtime,False,EIA,D2_energia,positive,auxiliar,False,False,False,Generacion electrica,
2005,luminosidad_nocturna_idx,,,,nW/cm2/sr,blackmarble_qa_monthly.csv,sin_dato,media_de_meses_publicados_minimo_3,,,no_archivada; no inferir del periodo ni del mtime,False,VIIRS,D2_energia,positive,core_anual,True,False,False,Luminosidad nocturna satelital,"NASA Black Marble VNP46A3, media nacional con mascara poligonal exacta. Sustituyo a la serie de Li et al. el 2026-08-11: mismo fenomeno con 2 meses de rezago en vez de 2 anios. Cubre 2014-2026; no se empalma con la anterior."
2005,cpi_score,,,,0-100,cpi.csv,sin_dato,identidad,,,no_archivada; no inferir del periodo ni del mtime,False,CPI,D3_institucional,positive,core_anual,True,False,False,Indice de percepcion de corrupcion,CPI comparable solo desde 2012; registros anteriores conservados en raw y excluidos del indice.
2005,wgi_promedio_sc,36.95172916666667,36.95172916666667,69.44015037531017,percentil 0-100,wgi.csv,publicado_por_proveedor_estado_no_desagregado,identidad,,,no_archivada; no inferir del periodo ni del mtime,False,WGI,D3_institucional,positive,core_anual,True,False,False,Promedio WGI de gobernanza,
2005,freedom_house_score,,,,0-100,freedom_house.csv,sin_dato,identidad,,,no_archivada; no inferir del periodo ni del mtime,False,FREEDOM_HOUSE,D3_institucional,positive,core_anual,True,False,False,Freedom House aggregate score,
2005,wjp_rule_of_law,,,,0-1,wjp.csv,sin_dato,identidad,,,no_archivada; no inferir del periodo ni del mtime,False,WJP,D3_institucional,positive,core_anual,True,False,False,World Justice Project Rule of Law,Ediciones dobles asignadas solo al año final (2012-2013 a 2013; 2017-2018 a 2018).
2005,pts_terror_politico,3.0,3.0,80.0,1-5,,publicado_por_proveedor_estado_no_desagregado,identidad,,,no_archivada; no inferir del periodo ni del mtime,False,PTS,D3_institucional,negative,core_anual,True,False,False,Political Terror Scale,
2005,exportaciones_pct_pib,0.0,0.0,0.0,% PIB,wdi.csv,publicado_por_proveedor_estado_no_desagregado,identidad,,,no_archivada; no inferir del periodo ni del mtime,False,WDI,D4_comercial,positive,core_anual,True,False,False,Exportaciones de bienes y servicios,
2005,desempleo_pct,12.2,12.2,82.97872340425532,%,imf.csv,WEO_estimaciones_y_proyecciones_estado_individual_no_verificado,identidad,,,no_archivada; no inferir del periodo ni del mtime,False,IMF,D4_comercial,negative,auxiliar,False,False,False,Tasa de desempleo,
2005,migrantes_vzla_millones,0.0054,0.0054,99.72247918593894,millones,unhcr.csv,publicado_por_proveedor_estado_no_desagregado,identidad,,,no_archivada; no inferir del periodo ni del mtime,False,UNHCR,D4_comercial,negative,core_anual,True,False,False,Refugiados y solicitantes de asilo venezolanos,
2005,lsci_conectividad_maritima,,,,indice (base promedio Q1 2023 = 100),unctad.csv,sin_dato,identidad,,,no_archivada; no inferir del periodo ni del mtime,False,UNCTAD,D4_comercial,positive,core_anual,True,False,False,Liner Shipping Connectivity Index,No es una escala acotada 0-100. Promedio de trimestres publicados; años parciales se identifican.
2005,hdi,0.728,0.728,41.55844155844156,0-1,hdi.csv,publicado_por_proveedor_estado_no_desagregado,identidad,,,no_archivada; no inferir del periodo ni del mtime,False,HDI,D5_capital_humano,positive,core_anual,True,False,False,Indice de Desarrollo Humano,
2005,esperanza_vida_anos,73.075,73.075,88.2782310004295,anos,wdi.csv,publicado_por_proveedor_estado_no_desagregado,identidad,,,no_archivada; no inferir del periodo ni del mtime,False,WDI,D5_capital_humano,positive,core_anual,True,False,False,Esperanza de vida al nacer,
2005,mortalidad_infantil_x1000,15.3,15.3,86.76470588235293,muertes por 1.000 nacidos vivos,wdi.csv,publicado_por_proveedor_estado_no_desagregado,identidad,,,no_archivada; no inferir del periodo ni del mtime,False,WDI,D5_capital_humano,negative,core_anual,True,False,False,Mortalidad infantil,
2005,acceso_electricidad_pct,98.8,98.8,72.09302325581388,% poblacion,wdi.csv,publicado_por_proveedor_estado_no_desagregado,identidad,,,no_archivada; no inferir del periodo ni del mtime,False,WDI,D5_capital_humano,positive,core_anual,True,False,False,Acceso a electricidad,
2005,empleo_vulnerable_oit_pct,31.6,31.6,76.40750670241285,% empleo,ilostat.csv,estimacion_modelada_OIT_distribuida_WDI,identidad,,,no_archivada; no inferir del periodo ni del mtime,False,WDI,D5_capital_humano,negative,core_anual,True,False,False,Empleo vulnerable (estimacion modelada OIT),OIT ILOEST distribuido por WDI SL.EMP.VULN.ZS: cuenta propia y familiares auxiliares. No equivale a empleo informal ni a una observacion directa; no sustituye otras series.
2005,guardian_tono_titulares,-0.1065,-0.1065,65.13716921582909,VADER compound,guardian.csv,publicado_por_proveedor_estado_no_desagregado,identidad,,,no_archivada; no inferir del periodo ni del mtime,False,GUARDIAN,D6_percepcion,positive,core_anual,True,True,False,Tono de titulares internacionales,
2005,guardian_articulos_venezuela,178.0,178.0,91.41583054626533,articulos,guardian.csv,publicado_por_proveedor_estado_no_desagregado,identidad,,,no_archivada; no inferir del periodo ni del mtime,False,GUARDIAN,D6_percepcion,negative,core_anual,True,True,False,Volumen de cobertura internacional,
2005,ied_neta_usd,2450000000.0,2450000000.0,51.30148741418764,USD,wdi.csv,publicado_por_proveedor_estado_no_desagregado,identidad,,,no_archivada; no inferir del periodo ni del mtime,False,WDI,D4_comercial,positive,outcome_externo,False,False,True,Inversion extranjera directa neta,Outcome externo usado para validacion ICIV -> IED; no entra al score.
2005,brent_precio_usd,54.57455252918288,54.57455252918288,34.57366184503034,USD/barril,fred.csv,publicado_por_proveedor_estado_no_desagregado,identidad,,,no_archivada; no inferir del periodo ni del mtime,False,FRED,D1_macro,positive,pulse_mensual,False,True,False,Precio Brent del petroleo,
2005,usd_index_broad,,,,indice,fred.csv,sin_dato,identidad,,,no_archivada; no inferir del periodo ni del mtime,False,FRED,D1_macro,negative,pulse_mensual,False,True,False,Indice amplio del dolar,
2005,vix_volatility,12.807063492063492,12.807063492063492,92.05343930910819,indice,fred.csv,publicado_por_proveedor_estado_no_desagregado,identidad,,,no_archivada; no inferir del periodo ni del mtime,False,FRED,D1_macro,negative,pulse_mensual,False,True,False,VIX volatilidad financiera,
2005,ust_10y_yield_pct,4.28888,4.28888,33.872266953913865,%,fred.csv,publicado_por_proveedor_estado_no_desagregado,identidad,,,no_archivada; no inferir del periodo ni del mtime,False,FRED,D1_macro,negative,pulse_mensual,False,True,False,Treasury 10Y yield,
2006,inflacion_ipc_imf_pct,13.7,1.136720567156407,98.92939088134024,% anual,imf.csv,WEO_estimaciones_y_proyecciones_estado_individual_no_verificado,log10_porcentaje_positivo; no se imputan valores no positivos,,,no_archivada; no inferir del periodo ni del mtime,False,IMF,D1_macro,negative,core_anual,True,False,False,Inflacion de precios al consumidor (FMI),"IMF WEO PCPIPCH: variacion porcentual anual del IPC, no deflactor del PIB. Incluye estimaciones y proyecciones del proveedor; el estado se declara por observacion. Se transforma a log10 antes de normalizar; los valores originales se conservan."
2006,pib_crecimiento_real_pct,9.89247311827957,9.89247311827957,82.68896413790368,%,wdi.csv,publicado_por_proveedor_estado_no_desagregado,identidad,,,no_archivada; no inferir del periodo ni del mtime,False,WDI,D1_macro,positive,core_anual,True,False,False,Crecimiento real del PIB,
2006,reservas_internacionales_usd,36715128120.2438,36715128120.2438,80.91353302883266,USD,wdi.csv,publicado_por_proveedor_estado_no_desagregado,identidad,,,no_archivada; no inferir del periodo ni del mtime,False,WDI,D1_macro,positive,auxiliar,False,False,False,Reservas internacionales,Faltantes recientes se muestran como faltantes; no se hace forward-fill.
2006,tipo_cambio_oficial_lcu_usd,2.147,0.3318320444362486,57.190192181214286,LCU/USD en denominacion del proveedor,wdi.csv,publicado_por_proveedor_estado_no_desagregado,log10_BsF_equivalente;2018_2021:x1e5;2022_en_adelante:x1e11,,,no_archivada; no inferir del periodo ni del mtime,False,WDI,D1_macro,negative,auxiliar,False,False,False,Tipo de cambio oficial (unidad original WDI),
2006,wti_precio_usd,66.05465863453816,66.05465863453816,54.37972385855144,USD/barril,fred.csv,publicado_por_proveedor_estado_no_desagregado,identidad,,,no_archivada; no inferir del periodo ni del mtime,False,FRED,D1_macro,positive,core_anual,True,True,False,Precio WTI del petroleo,
2006,tasa_fed_funds_pct,4.964166666666666,4.964166666666666,20.657912549072694,%,fred.csv,publicado_por_proveedor_estado_no_desagregado,identidad,,,no_archivada; no inferir del periodo ni del mtime,False,FRED,D1_macro,negative,core_anual,True,True,False,Tasa efectiva de fondos federales de EE. UU.,
2006,petroleo_crudo_produccion_tbpd,2785.042293150685,2785.042293150685,95.4119884655434,mil barriles/dia,eia.csv,publicado_por_proveedor_estado_no_desagregado,identidad,,,no_archivada; no inferir del periodo ni del mtime,False,EIA,D2_energia,positive,core_anual,True,False,False,Produccion de crudo y condensado de arrendamiento (EIA producto 57),
2006,gas_natural_produccion_bcf,918.19,918.19,57.00624952940302,BCF,eia.csv,publicado_por_proveedor_estado_no_desagregado,identidad,,,no_archivada; no inferir del periodo ni del mtime,False,EIA,D2_energia,positive,auxiliar,False,False,False,Produccion de gas natural,
2006,electricidad_generacion_bkwh,110.422,110.422,60.88646436895567,bkWh,eia.csv,publicado_por_proveedor_estado_no_desagregado,identidad,,,no_archivada; no inferir del periodo ni del mtime,False,EIA,D2_energia,positive,auxiliar,False,False,False,Generacion electrica,
2006,luminosidad_nocturna_idx,,,,nW/cm2/sr,blackmarble_qa_monthly.csv,sin_dato,media_de_meses_publicados_minimo_3,,,no_archivada; no inferir del periodo ni del mtime,False,VIIRS,D2_energia,positive,core_anual,True,False,False,Luminosidad nocturna satelital,"NASA Black Marble VNP46A3, media nacional con mascara poligonal exacta. Sustituyo a la serie de Li et al. el 2026-08-11: mismo fenomeno con 2 meses de rezago en vez de 2 anios. Cubre 2014-2026; no se empalma con la anterior."
2006,cpi_score,,,,0-100,cpi.csv,sin_dato,identidad,,,no_archivada; no inferir del periodo ni del mtime,False,CPI,D3_institucional,positive,core_anual,True,False,False,Indice de percepcion de corrupcion,CPI comparable solo desde 2012; registros anteriores conservados en raw y excluidos del indice.
2006,wgi_promedio_sc,35.69860455,35.69860455,62.996399010809235,percentil 0-100,wgi.csv,publicado_por_proveedor_estado_no_desagregado,identidad,,,no_archivada; no inferir del periodo ni del mtime,False,WGI,D3_institucional,positive,core_anual,True,False,False,Promedio WGI de gobernanza,
2006,freedom_house_score,,,,0-100,freedom_house.csv,sin_dato,identidad,,,no_archivada; no inferir del periodo ni del mtime,False,FREEDOM_HOUSE,D3_institucional,positive,core_anual,True,False,False,Freedom House aggregate score,
2006,wjp_rule_of_law,,,,0-1,wjp.csv,sin_dato,identidad,,,no_archivada; no inferir del periodo ni del mtime,False,WJP,D3_institucional,positive,core_anual,True,False,False,World Justice Project Rule of Law,Ediciones dobles asignadas solo al año final (2012-2013 a 2013; 2017-2018 a 2018).
2006,pts_terror_politico,3.5,3.5,60.0,1-5,,publicado_por_proveedor_estado_no_desagregado,identidad,,,no_archivada; no inferir del periodo ni del mtime,False,PTS,D3_institucional,negative,core_anual,True,False,False,Political Terror Scale,
2006,exportaciones_pct_pib,0.0,0.0,0.0,% PIB,wdi.csv,publicado_por_proveedor_estado_no_desagregado,identidad,,,no_archivada; no inferir del periodo ni del mtime,False,WDI,D4_comercial,positive,core_anual,True,False,False,Exportaciones de bienes y servicios,
2006,desempleo_pct,10.0,10.0,90.78014184397163,%,imf.csv,WEO_estimaciones_y_proyecciones_estado_individual_no_verificado,identidad,,,no_archivada; no inferir del periodo ni del mtime,False,IMF,D4_comercial,negative,auxiliar,False,False,False,Tasa de desempleo,
2006,migrantes_vzla_millones,0.0062,0.0062,99.67622571692877,millones,unhcr.csv,publicado_por_proveedor_estado_no_desagregado,identidad,,,no_archivada; no inferir del periodo ni del mtime,False,UNHCR,D4_comercial,negative,core_anual,True,False,False,Refugiados y solicitantes de asilo venezolanos,
2006,lsci_conectividad_maritima,115.87,115.87,97.22525671837448,indice (base promedio Q1 2023 = 100),unctad.csv,publicado_por_proveedor_estado_no_desagregado,identidad,,,no_archivada; no inferir del periodo ni del mtime,False,UNCTAD,D4_comercial,positive,core_anual,True,False,False,Liner Shipping Connectivity Index,No es una escala acotada 0-100. Promedio de trimestres publicados; años parciales se identifican.
2006,hdi,0.736,0.736,51.94805194805194,0-1,hdi.csv,publicado_por_proveedor_estado_no_desagregado,identidad,,,no_archivada; no inferir del periodo ni del mtime,False,HDI,D5_capital_humano,positive,core_anual,True,False,False,Indice de Desarrollo Humano,
2006,esperanza_vida_anos,72.972,72.972,83.85573207385119,anos,wdi.csv,publicado_por_proveedor_estado_no_desagregado,identidad,,,no_archivada; no inferir del periodo ni del mtime,False,WDI,D5_capital_humano,positive,core_anual,True,False,False,Esperanza de vida al nacer,
2006,mortalidad_infantil_x1000,14.8,14.8,94.11764705882352,muertes por 1.000 nacidos vivos,wdi.csv,publicado_por_proveedor_estado_no_desagregado,identidad,,,no_archivada; no inferir del periodo ni del mtime,False,WDI,D5_capital_humano,negative,core_anual,True,False,False,Mortalidad infantil,
2006,acceso_electricidad_pct,99.3,99.3,83.72093023255806,% poblacion,wdi.csv,publicado_por_proveedor_estado_no_desagregado,identidad,,,no_archivada; no inferir del periodo ni del mtime,False,WDI,D5_capital_humano,positive,core_anual,True,False,False,Acceso a electricidad,
2006,empleo_vulnerable_oit_pct,30.85,30.85,86.4611260053619,% empleo,ilostat.csv,estimacion_modelada_OIT_distribuida_WDI,identidad,,,no_archivada; no inferir del periodo ni del mtime,False,WDI,D5_capital_humano,negative,core_anual,True,False,False,Empleo vulnerable (estimacion modelada OIT),OIT ILOEST distribuido por WDI SL.EMP.VULN.ZS: cuenta propia y familiares auxiliares. No equivale a empleo informal ni a una observacion directa; no sustituye otras series.
2006,guardian_tono_titulares,0.0371,0.0371,100.0,VADER compound,guardian.csv,publicado_por_proveedor_estado_no_desagregado,identidad,,,no_archivada; no inferir del periodo ni del mtime,False,GUARDIAN,D6_percepcion,positive,core_anual,True,True,False,Tono de titulares internacionales,
2006,guardian_articulos_venezuela,360.0,360.0,71.12597547380156,articulos,guardian.csv,publicado_por_proveedor_estado_no_desagregado,identidad,,,no_archivada; no inferir del periodo ni del mtime,False,GUARDIAN,D6_percepcion,negative,core_anual,True,True,False,Volumen de cobertura internacional,
2006,ied_neta_usd,198000000.0,198000000.0,19.09324942791762,USD,wdi.csv,publicado_por_proveedor_estado_no_desagregado,identidad,,,no_archivada; no inferir del periodo ni del mtime,False,WDI,D4_comercial,positive,outcome_externo,False,False,True,Inversion extranjera directa neta,Outcome externo usado para validacion ICIV -> IED; no entra al score.
2006,brent_precio_usd,65.16176470588235,65.16176470588235,46.726811919243545,USD/barril,fred.csv,publicado_por_proveedor_estado_no_desagregado,identidad,,,no_archivada; no inferir del periodo ni del mtime,False,FRED,D1_macro,positive,pulse_mensual,False,True,False,Precio Brent del petroleo,
2006,usd_index_broad,98.60046576923077,98.60046576923077,71.20513367247484,indice,fred.csv,publicado_por_proveedor_estado_no_desagregado,identidad,,,no_archivada; no inferir del periodo ni del mtime,False,FRED,D1_macro,negative,pulse_mensual,False,True,False,Indice amplio del dolar,
2006,vix_volatility,12.806533864541834,12.806533864541834,92.05589076373928,indice,fred.csv,publicado_por_proveedor_estado_no_desagregado,identidad,,,no_archivada; no inferir del periodo ni del mtime,False,FRED,D1_macro,negative,pulse_mensual,False,True,False,VIX volatilidad financiera,
2006,ust_10y_yield_pct,4.795,4.795,24.02763462775396,%,fred.csv,publicado_por_proveedor_estado_no_desagregado,identidad,,,no_archivada; no inferir del periodo ni del mtime,False,FRED,D1_macro,negative,pulse_mensual,False,True,False,Treasury 10Y yield,
2007,inflacion_ipc_imf_pct,18.7,1.271841606536499,95.29563546200993,% anual,imf.csv,WEO_estimaciones_y_proyecciones_estado_individual_no_verificado,log10_porcentaje_positivo; no se imputan valores no positivos,,,no_archivada; no inferir del periodo ni del mtime,False,IMF,D1_macro,negative,core_anual,True,False,False,Inflacion de precios al consumidor (FMI),"IMF WEO PCPIPCH: variacion porcentual anual del IPC, no deflactor del PIB. Incluye estimaciones y proyecciones del proveedor; el estado se declara por observacion. Se transforma a log10 antes de normalizar; los valores originales se conservan."
2007,pib_crecimiento_real_pct,8.80626223091976,8.80626223091976,80.4275250805183,%,wdi.csv,publicado_por_proveedor_estado_no_desagregado,identidad,,,no_archivada; no inferir del periodo ni del mtime,False,WDI,D1_macro,positive,core_anual,True,False,False,Crecimiento real del PIB,
2007,reservas_internacionales_usd,33759218864.9235,33759218864.9235,72.02929862792054,USD,wdi.csv,publicado_por_proveedor_estado_no_desagregado,identidad,,,no_archivada; no inferir del periodo ni del mtime,False,WDI,D1_macro,positive,auxiliar,False,False,False,Reservas internacionales,Faltantes recientes se muestran como faltantes; no se hace forward-fill.
2007,tipo_cambio_oficial_lcu_usd,2.147,0.3318320444362486,57.190192181214286,LCU/USD en denominacion del proveedor,wdi.csv,publicado_por_proveedor_estado_no_desagregado,log10_BsF_equivalente;2018_2021:x1e5;2022_en_adelante:x1e11,,,no_archivada; no inferir del periodo ni del mtime,False,WDI,D1_macro,negative,auxiliar,False,False,False,Tipo de cambio oficial (unidad original WDI),
2007,wti_precio_usd,72.34059523809525,72.34059523809525,62.91015489119389,USD/barril,fred.csv,publicado_por_proveedor_estado_no_desagregado,identidad,,,no_archivada; no inferir del periodo ni del mtime,False,FRED,D1_macro,positive,core_anual,True,True,False,Precio WTI del petroleo,
2007,tasa_fed_funds_pct,5.019166666666666,5.019166666666666,19.76445106267768,%,fred.csv,publicado_por_proveedor_estado_no_desagregado,identidad,,,no_archivada; no inferir del periodo ni del mtime,False,FRED,D1_macro,negative,core_anual,True,True,False,Tasa efectiva de fondos federales de EE. UU.,
2007,petroleo_crudo_produccion_tbpd,2819.733887671233,2819.733887671233,96.8778981813604,mil barriles/dia,eia.csv,publicado_por_proveedor_estado_no_desagregado,identidad,,,no_archivada; no inferir del periodo ni del mtime,False,EIA,D2_energia,positive,core_anual,True,False,False,Produccion de crudo y condensado de arrendamiento (EIA producto 57),
2007,gas_natural_produccion_bcf,732.044635,732.044635,17.31797304419865,BCF,eia.csv,publicado_por_proveedor_estado_no_desagregado,identidad,,,no_archivada; no inferir del periodo ni del mtime,False,EIA,D2_energia,positive,auxiliar,False,False,False,Produccion de gas natural,
2007,electricidad_generacion_bkwh,114.214,114.214,66.88890580340936,bkWh,eia.csv,publicado_por_proveedor_estado_no_desagregado,identidad,,,no_archivada; no inferir del periodo ni del mtime,False,EIA,D2_energia,positive,auxiliar,False,False,False,Generacion electrica,
2007,luminosidad_nocturna_idx,,,,nW/cm2/sr,blackmarble_qa_monthly.csv,sin_dato,media_de_meses_publicados_minimo_3,,,no_archivada; no inferir del periodo ni del mtime,False,VIIRS,D2_energia,positive,core_anual,True,False,False,Luminosidad nocturna satelital,"NASA Black Marble VNP46A3, media nacional con mascara poligonal exacta. Sustituyo a la serie de Li et al. el 2026-08-11: mismo fenomeno con 2 meses de rezago en vez de 2 anios. Cubre 2014-2026; no se empalma con la anterior."
2007,cpi_score,,,,0-100,cpi.csv,sin_dato,identidad,,,no_archivada; no inferir del periodo ni del mtime,False,CPI,D3_institucional,positive,core_anual,True,False,False,Indice de percepcion de corrupcion,CPI comparable solo desde 2012; registros anteriores conservados en raw y excluidos del indice.
2007,wgi_promedio_sc,34.1463098,34.1463098,55.01427075286532,percentil 0-100,wgi.csv,publicado_por_proveedor_estado_no_desagregado,identidad,,,no_archivada; no inferir del periodo ni del mtime,False,WGI,D3_institucional,positive,core_anual,True,False,False,Promedio WGI de gobernanza,
2007,freedom_house_score,,,,0-100,freedom_house.csv,sin_dato,identidad,,,no_archivada; no inferir del periodo ni del mtime,False,FREEDOM_HOUSE,D3_institucional,positive,core_anual,True,False,False,Freedom House aggregate score,
2007,wjp_rule_of_law,,,,0-1,wjp.csv,sin_dato,identidad,,,no_archivada; no inferir del periodo ni del mtime,False,WJP,D3_institucional,positive,core_anual,True,False,False,World Justice Project Rule of Law,Ediciones dobles asignadas solo al año final (2012-2013 a 2013; 2017-2018 a 2018).
2007,pts_terror_politico,3.5,3.5,60.0,1-5,,publicado_por_proveedor_estado_no_desagregado,identidad,,,no_archivada; no inferir del periodo ni del mtime,False,PTS,D3_institucional,negative,core_anual,True,False,False,Political Terror Scale,
2007,exportaciones_pct_pib,0.0,0.0,0.0,% PIB,wdi.csv,publicado_por_proveedor_estado_no_desagregado,identidad,,,no_archivada; no inferir del periodo ni del mtime,False,WDI,D4_comercial,positive,core_anual,True,False,False,Exportaciones de bienes y servicios,
2007,desempleo_pct,8.5,8.5,96.09929078014184,%,imf.csv,WEO_estimaciones_y_proyecciones_estado_individual_no_verificado,identidad,,,no_archivada; no inferir del periodo ni del mtime,False,IMF,D4_comercial,negative,auxiliar,False,False,False,Tasa de desempleo,
2007,migrantes_vzla_millones,0.0068,0.0068,99.64153561517114,millones,unhcr.csv,publicado_por_proveedor_estado_no_desagregado,identidad,,,no_archivada; no inferir del periodo ni del mtime,False,UNHCR,D4_comercial,negative,core_anual,True,False,False,Refugiados y solicitantes de asilo venezolanos,
2007,lsci_conectividad_maritima,118.41,118.41,100.0,indice (base promedio Q1 2023 = 100),unctad.csv,publicado_por_proveedor_estado_no_desagregado,identidad,,,no_archivada; no inferir del periodo ni del mtime,False,UNCTAD,D4_comercial,positive,core_anual,True,False,False,Liner Shipping Connectivity Index,No es una escala acotada 0-100. Promedio de trimestres publicados; años parciales se identifican.
2007,hdi,0.753,0.753,74.02597402597402,0-1,hdi.csv,publicado_por_proveedor_estado_no_desagregado,identidad,,,no_archivada; no inferir del periodo ni del mtime,False,HDI,D5_capital_humano,positive,core_anual,True,False,False,Indice de Desarrollo Humano,
2007,esperanza_vida_anos,73.348,73.348,100.0,anos,wdi.csv,publicado_por_proveedor_estado_no_desagregado,identidad,,,no_archivada; no inferir del periodo ni del mtime,False,WDI,D5_capital_humano,positive,core_anual,True,False,False,Esperanza de vida al nacer,
2007,mortalidad_infantil_x1000,14.5,14.5,98.52941176470588,muertes por 1.000 nacidos vivos,wdi.csv,publicado_por_proveedor_estado_no_desagregado,identidad,,,no_archivada; no inferir del periodo ni del mtime,False,WDI,D5_capital_humano,negative,core_anual,True,False,False,Mortalidad infantil,
2007,acceso_electricidad_pct,98.9,98.9,74.4186046511629,% poblacion,wdi.csv,publicado_por_proveedor_estado_no_desagregado,identidad,,,no_archivada; no inferir del periodo ni del mtime,False,WDI,D5_capital_humano,positive,core_anual,True,False,False,Acceso a electricidad,
2007,empleo_vulnerable_oit_pct,29.84,29.84,100.0,% empleo,ilostat.csv,estimacion_modelada_OIT_distribuida_WDI,identidad,,,no_archivada; no inferir del periodo ni del mtime,False,WDI,D5_capital_humano,negative,core_anual,True,False,False,Empleo vulnerable (estimacion modelada OIT),OIT ILOEST distribuido por WDI SL.EMP.VULN.ZS: cuenta propia y familiares auxiliares. No equivale a empleo informal ni a una observacion directa; no sustituye otras series.
2007,guardian_tono_titulares,-0.057,-0.057,77.1546491866958,VADER compound,guardian.csv,publicado_por_proveedor_estado_no_desagregado,identidad,,,no_archivada; no inferir del periodo ni del mtime,False,GUARDIAN,D6_percepcion,positive,core_anual,True,True,False,Tono de titulares internacionales,
2007,guardian_articulos_venezuela,478.0,478.0,57.971014492753625,articulos,guardian.csv,publicado_por_proveedor_estado_no_desagregado,identidad,,,no_archivada; no inferir del periodo ni del mtime,False,GUARDIAN,D6_percepcion,negative,core_anual,True,True,False,Volumen de cobertura internacional,
2007,ied_neta_usd,4358000000.0,4358000000.0,78.58981693363845,USD,wdi.csv,publicado_por_proveedor_estado_no_desagregado,identidad,,,no_archivada; no inferir del periodo ni del mtime,False,WDI,D4_comercial,positive,outcome_externo,False,False,True,Inversion extranjera directa neta,Outcome externo usado para validacion ICIV -> IED; no entra al score.
2007,brent_precio_usd,72.44116,72.44116,55.08289111954845,USD/barril,fred.csv,publicado_por_proveedor_estado_no_desagregado,identidad,,,no_archivada; no inferir del periodo ni del mtime,False,FRED,D1_macro,positive,pulse_mensual,False,True,False,Precio Brent del petroleo,
2007,usd_index_broad,93.80996538461538,93.80996538461538,85.24680579413652,indice,fred.csv,publicado_por_proveedor_estado_no_desagregado,identidad,,,no_archivada; no inferir del periodo ni del mtime,False,FRED,D1_macro,negative,pulse_mensual,False,True,False,Indice amplio del dolar,
2007,vix_volatility,17.535936254980083,17.535936254980083,70.16519415476424,indice,fred.csv,publicado_por_proveedor_estado_no_desagregado,identidad,,,no_archivada; no inferir del periodo ni del mtime,False,FRED,D1_macro,negative,pulse_mensual,False,True,False,VIX volatilidad financiera,
2007,ust_10y_yield_pct,4.634661354581673,4.634661354581673,27.146410830666223,%,fred.csv,publicado_por_proveedor_estado_no_desagregado,identidad,,,no_archivada; no inferir del periodo ni del mtime,False,FRED,D1_macro,negative,pulse_mensual,False,True,False,Treasury 10Y yield,
2008,inflacion_ipc_imf_pct,31.4,1.4969296480732148,89.24243386947548,% anual,imf.csv,WEO_estimaciones_y_proyecciones_estado_individual_no_verificado,log10_porcentaje_positivo; no se imputan valores no positivos,,,no_archivada; no inferir del periodo ni del mtime,False,IMF,D1_macro,negative,core_anual,True,False,False,Inflacion de precios al consumidor (FMI),"IMF WEO PCPIPCH: variacion porcentual anual del IPC, no deflactor del PIB. Incluye estimaciones y proyecciones del proveedor; el estado se declara por observacion. Se transforma a log10 antes de normalizar; los valores originales se conservan."
2008,pib_crecimiento_real_pct,5.21582733812949,5.21582733812949,72.9524115514218,%,wdi.csv,publicado_por_proveedor_estado_no_desagregado,identidad,,,no_archivada; no inferir del periodo ni del mtime,False,WDI,D1_macro,positive,core_anual,True,False,False,Crecimiento real del PIB,
2008,reservas_internacionales_usd,43065463087.2778,43065463087.2778,100.0,USD,wdi.csv,publicado_por_proveedor_estado_no_desagregado,identidad,,,no_archivada; no inferir del periodo ni del mtime,False,WDI,D1_macro,positive,auxiliar,False,False,False,Reservas internacionales,Faltantes recientes se muestran como faltantes; no se hace forward-fill.
2008,tipo_cambio_oficial_lcu_usd,2.147,0.3318320444362486,57.190192181214286,LCU/USD en denominacion del proveedor,wdi.csv,publicado_por_proveedor_estado_no_desagregado,log10_BsF_equivalente;2018_2021:x1e5;2022_en_adelante:x1e11,,,no_archivada; no inferir del periodo ni del mtime,False,WDI,D1_macro,negative,auxiliar,False,False,False,Tipo de cambio oficial (unidad original WDI),
2008,wti_precio_usd,99.6715019762846,99.6715019762846,100.0,USD/barril,fred.csv,publicado_por_proveedor_estado_no_desagregado,identidad,,,no_archivada; no inferir del periodo ni del mtime,False,FRED,D1_macro,positive,core_anual,True,True,False,Precio WTI del petroleo,
2008,tasa_fed_funds_pct,1.9275,1.9275,69.98781643427643,%,fred.csv,publicado_por_proveedor_estado_no_desagregado,identidad,,,no_archivada; no inferir del periodo ni del mtime,False,FRED,D1_macro,negative,core_anual,True,True,False,Tasa efectiva de fondos federales de EE. UU.,
2008,petroleo_crudo_produccion_tbpd,2510.0,2510.0,83.78994643022074,mil barriles/dia,eia.csv,publicado_por_proveedor_estado_no_desagregado,identidad,,,no_archivada; no inferir del periodo ni del mtime,False,EIA,D2_energia,positive,core_anual,True,False,False,Produccion de crudo y condensado de arrendamiento (EIA producto 57),
2008,gas_natural_produccion_bcf,732.78625,732.78625,17.47609366764568,BCF,eia.csv,publicado_por_proveedor_estado_no_desagregado,identidad,,,no_archivada; no inferir del periodo ni del mtime,False,EIA,D2_energia,positive,auxiliar,False,False,False,Produccion de gas natural,
2008,electricidad_generacion_bkwh,119.297,119.297,74.93489995196633,bkWh,eia.csv,publicado_por_proveedor_estado_no_desagregado,identidad,,,no_archivada; no inferir del periodo ni del mtime,False,EIA,D2_energia,positive,auxiliar,False,False,False,Generacion electrica,
2008,luminosidad_nocturna_idx,,,,nW/cm2/sr,blackmarble_qa_monthly.csv,sin_dato,media_de_meses_publicados_minimo_3,,,no_archivada; no inferir del periodo ni del mtime,False,VIIRS,D2_energia,positive,core_anual,True,False,False,Luminosidad nocturna satelital,"NASA Black Marble VNP46A3, media nacional con mascara poligonal exacta. Sustituyo a la serie de Li et al. el 2026-08-11: mismo fenomeno con 2 meses de rezago en vez de 2 anios. Cubre 2014-2026; no se empalma con la anterior."
2008,cpi_score,,,,0-100,cpi.csv,sin_dato,identidad,,,no_archivada; no inferir del periodo ni del mtime,False,CPI,D3_institucional,positive,core_anual,True,False,False,Indice de percepcion de corrupcion,CPI comparable solo desde 2012; registros anteriores conservados en raw y excluidos del indice.
2008,wgi_promedio_sc,33.18207833333333,33.18207833333333,50.0560505197049,percentil 0-100,wgi.csv,publicado_por_proveedor_estado_no_desagregado,identidad,,,no_archivada; no inferir del periodo ni del mtime,False,WGI,D3_institucional,positive,core_anual,True,False,False,Promedio WGI de gobernanza,
2008,freedom_house_score,,,,0-100,freedom_house.csv,sin_dato,identidad,,,no_archivada; no inferir del periodo ni del mtime,False,FREEDOM_HOUSE,D3_institucional,positive,core_anual,True,False,False,Freedom House aggregate score,
2008,wjp_rule_of_law,,,,0-1,wjp.csv,sin_dato,identidad,,,no_archivada; no inferir del periodo ni del mtime,False,WJP,D3_institucional,positive,core_anual,True,False,False,World Justice Project Rule of Law,Ediciones dobles asignadas solo al año final (2012-2013 a 2013; 2017-2018 a 2018).
2008,pts_terror_politico,3.5,3.5,60.0,1-5,,publicado_por_proveedor_estado_no_desagregado,identidad,,,no_archivada; no inferir del periodo ni del mtime,False,PTS,D3_institucional,negative,core_anual,True,False,False,Political Terror Scale,
2008,exportaciones_pct_pib,0.0,0.0,0.0,% PIB,wdi.csv,publicado_por_proveedor_estado_no_desagregado,identidad,,,no_archivada; no inferir del periodo ni del mtime,False,WDI,D4_comercial,positive,core_anual,True,False,False,Exportaciones de bienes y servicios,
2008,desempleo_pct,7.4,7.4,100.0,%,imf.csv,WEO_estimaciones_y_proyecciones_estado_individual_no_verificado,identidad,,,no_archivada; no inferir del periodo ni del mtime,False,IMF,D4_comercial,negative,auxiliar,False,False,False,Tasa de desempleo,
2008,migrantes_vzla_millones,0.0073,0.0073,99.61262719703977,millones,unhcr.csv,publicado_por_proveedor_estado_no_desagregado,identidad,,,no_archivada; no inferir del periodo ni del mtime,False,UNHCR,D4_comercial,negative,core_anual,True,False,False,Refugiados y solicitantes de asilo venezolanos,
2008,lsci_conectividad_maritima,117.71,117.71,99.23530696963076,indice (base promedio Q1 2023 = 100),unctad.csv,publicado_por_proveedor_estado_no_desagregado,identidad,,,no_archivada; no inferir del periodo ni del mtime,False,UNCTAD,D4_comercial,positive,core_anual,True,False,False,Liner Shipping Connectivity Index,No es una escala acotada 0-100. Promedio de trimestres publicados; años parciales se identifican.
2008,hdi,0.759,0.759,81.81818181818183,0-1,hdi.csv,publicado_por_proveedor_estado_no_desagregado,identidad,,,no_archivada; no inferir del periodo ni del mtime,False,HDI,D5_capital_humano,positive,core_anual,True,False,False,Indice de Desarrollo Humano,
2008,esperanza_vida_anos,72.578,72.578,66.93860025762137,anos,wdi.csv,publicado_por_proveedor_estado_no_desagregado,identidad,,,no_archivada; no inferir del periodo ni del mtime,False,WDI,D5_capital_humano,positive,core_anual,True,False,False,Esperanza de vida al nacer,
2008,mortalidad_infantil_x1000,14.4,14.4,100.0,muertes por 1.000 nacidos vivos,wdi.csv,publicado_por_proveedor_estado_no_desagregado,identidad,,,no_archivada; no inferir del periodo ni del mtime,False,WDI,D5_capital_humano,negative,core_anual,True,False,False,Mortalidad infantil,
2008,acceso_electricidad_pct,98.9,98.9,74.4186046511629,% poblacion,wdi.csv,publicado_por_proveedor_estado_no_desagregado,identidad,,,no_archivada; no inferir del periodo ni del mtime,False,WDI,D5_capital_humano,positive,core_anual,True,False,False,Acceso a electricidad,
2008,empleo_vulnerable_oit_pct,30.81,30.81,86.99731903485257,% empleo,ilostat.csv,estimacion_modelada_OIT_distribuida_WDI,identidad,,,no_archivada; no inferir del periodo ni del mtime,False,WDI,D5_capital_humano,negative,core_anual,True,False,False,Empleo vulnerable (estimacion modelada OIT),OIT ILOEST distribuido por WDI SL.EMP.VULN.ZS: cuenta propia y familiares auxiliares. No equivale a empleo informal ni a una observacion directa; no sustituye otras series.
2008,guardian_tono_titulares,-0.0497,-0.0497,78.9269240106822,VADER compound,guardian.csv,publicado_por_proveedor_estado_no_desagregado,identidad,,,no_archivada; no inferir del periodo ni del mtime,False,GUARDIAN,D6_percepcion,positive,core_anual,True,True,False,Tono de titulares internacionales,
2008,guardian_articulos_venezuela,447.0,447.0,61.42697881828316,articulos,guardian.csv,publicado_por_proveedor_estado_no_desagregado,identidad,,,no_archivada; no inferir del periodo ni del mtime,False,GUARDIAN,D6_percepcion,negative,core_anual,True,True,False,Volumen de cobertura internacional,
2008,ied_neta_usd,2083000000.0,2083000000.0,46.05263157894737,USD,wdi.csv,publicado_por_proveedor_estado_no_desagregado,identidad,,,no_archivada; no inferir del periodo ni del mtime,False,WDI,D4_comercial,positive,outcome_externo,False,False,True,Inversion extranjera directa neta,Outcome externo usado para validacion ICIV -> IED; no entra al score.
2008,brent_precio_usd,96.94434782608695,96.94434782608695,83.21030690917932,USD/barril,fred.csv,publicado_por_proveedor_estado_no_desagregado,identidad,,,no_archivada; no inferir del periodo ni del mtime,False,FRED,D1_macro,positive,pulse_mensual,False,True,False,Precio Brent del petroleo,
2008,usd_index_broad,90.88013206106872,90.88013206106872,93.83458485631554,indice,fred.csv,publicado_por_proveedor_estado_no_desagregado,identidad,,,no_archivada; no inferir del periodo ni del mtime,False,FRED,D1_macro,negative,pulse_mensual,False,True,False,Indice amplio del dolar,
2008,vix_volatility,32.69486166007905,32.69486166007905,0.0,indice,fred.csv,publicado_por_proveedor_estado_no_desagregado,identidad,,,no_archivada; no inferir del periodo ni del mtime,False,FRED,D1_macro,negative,pulse_mensual,False,True,False,VIX volatilidad financiera,
2008,ust_10y_yield_pct,3.6642629482071714,3.6642629482071714,46.021807022574215,%,fred.csv,publicado_por_proveedor_estado_no_desagregado,identidad,,,no_archivada; no inferir del periodo ni del mtime,False,FRED,D1_macro,negative,pulse_mensual,False,True,False,Treasury 10Y yield,
2009,inflacion_ipc_imf_pct,26.0,1.414973347970818,91.44645147481386,% anual,imf.csv,WEO_estimaciones_y_proyecciones_estado_individual_no_verificado,log10_porcentaje_positivo; no se imputan valores no positivos,,,no_archivada; no inferir del periodo ni del mtime,False,IMF,D1_macro,negative,core_anual,True,False,False,Inflacion de precios al consumidor (FMI),"IMF WEO PCPIPCH: variacion porcentual anual del IPC, no deflactor del PIB. Incluye estimaciones y proyecciones del proveedor; el estado se declara por observacion. Se transforma a log10 antes de normalizar; los valores originales se conservan."
2009,pib_crecimiento_real_pct,-3.07692307692308,-3.07692307692308,55.687302261887886,%,wdi.csv,publicado_por_proveedor_estado_no_desagregado,identidad,,,no_archivada; no inferir del periodo ni del mtime,False,WDI,D1_macro,positive,core_anual,True,False,False,Crecimiento real del PIB,
2009,reservas_internacionales_usd,34317956993.5458,34317956993.5458,73.7086331658374,USD,wdi.csv,publicado_por_proveedor_estado_no_desagregado,identidad,,,no_archivada; no inferir del periodo ni del mtime,False,WDI,D1_macro,positive,auxiliar,False,False,False,Reservas internacionales,Faltantes recientes se muestran como faltantes; no se hace forward-fill.
2009,tipo_cambio_oficial_lcu_usd,2.147,0.3318320444362486,57.190192181214286,LCU/USD en denominacion del proveedor,wdi.csv,publicado_por_proveedor_estado_no_desagregado,log10_BsF_equivalente;2018_2021:x1e5;2022_en_adelante:x1e11,,,no_archivada; no inferir del periodo ni del mtime,False,WDI,D1_macro,negative,auxiliar,False,False,False,Tipo de cambio oficial (unidad original WDI),
2009,wti_precio_usd,61.95043650793651,61.95043650793651,48.81002343016841,USD/barril,fred.csv,publicado_por_proveedor_estado_no_desagregado,identidad,,,no_archivada; no inferir del periodo ni del mtime,False,FRED,D1_macro,positive,core_anual,True,True,False,Precio WTI del petroleo,
2009,tasa_fed_funds_pct,0.16,0.16,98.7004196561527,%,fred.csv,publicado_por_proveedor_estado_no_desagregado,identidad,,,no_archivada; no inferir del periodo ni del mtime,False,FRED,D1_macro,negative,core_anual,True,True,False,Tasa efectiva de fondos federales de EE. UU.,
2009,petroleo_crudo_produccion_tbpd,2520.0,2520.0,84.2125011545211,mil barriles/dia,eia.csv,publicado_por_proveedor_estado_no_desagregado,identidad,,,no_archivada; no inferir del periodo ni del mtime,False,EIA,D2_energia,positive,core_anual,True,False,False,Produccion de crudo y condensado de arrendamiento (EIA producto 57),
2009,gas_natural_produccion_bcf,650.820134999999,650.820134999999,0.0,BCF,eia.csv,publicado_por_proveedor_estado_no_desagregado,identidad,,,no_archivada; no inferir del periodo ni del mtime,False,EIA,D2_energia,positive,auxiliar,False,False,False,Produccion de gas natural,
2009,electricidad_generacion_bkwh,119.58,119.58,75.38286696830346,bkWh,eia.csv,publicado_por_proveedor_estado_no_desagregado,identidad,,,no_archivada; no inferir del periodo ni del mtime,False,EIA,D2_energia,positive,auxiliar,False,False,False,Generacion electrica,
2009,luminosidad_nocturna_idx,,,,nW/cm2/sr,blackmarble_qa_monthly.csv,sin_dato,media_de_meses_publicados_minimo_3,,,no_archivada; no inferir del periodo ni del mtime,False,VIIRS,D2_energia,positive,core_anual,True,False,False,Luminosidad nocturna satelital,"NASA Black Marble VNP46A3, media nacional con mascara poligonal exacta. Sustituyo a la serie de Li et al. el 2026-08-11: mismo fenomeno con 2 meses de rezago en vez de 2 anios. Cubre 2014-2026; no se empalma con la anterior."
2009,cpi_score,,,,0-100,cpi.csv,sin_dato,identidad,,,no_archivada; no inferir del periodo ni del mtime,False,CPI,D3_institucional,positive,core_anual,True,False,False,Indice de percepcion de corrupcion,CPI comparable solo desde 2012; registros anteriores conservados en raw y excluidos del indice.
2009,wgi_promedio_sc,33.71498166666667,33.71498166666667,52.79631795651258,percentil 0-100,wgi.csv,publicado_por_proveedor_estado_no_desagregado,identidad,,,no_archivada; no inferir del periodo ni del mtime,False,WGI,D3_institucional,positive,core_anual,True,False,False,Promedio WGI de gobernanza,
2009,freedom_house_score,,,,0-100,freedom_house.csv,sin_dato,identidad,,,no_archivada; no inferir del periodo ni del mtime,False,FREEDOM_HOUSE,D3_institucional,positive,core_anual,True,False,False,Freedom House aggregate score,
2009,wjp_rule_of_law,,,,0-1,wjp.csv,sin_dato,identidad,,,no_archivada; no inferir del periodo ni del mtime,False,WJP,D3_institucional,positive,core_anual,True,False,False,World Justice Project Rule of Law,Ediciones dobles asignadas solo al año final (2012-2013 a 2013; 2017-2018 a 2018).
2009,pts_terror_politico,3.5,3.5,60.0,1-5,,publicado_por_proveedor_estado_no_desagregado,identidad,,,no_archivada; no inferir del periodo ni del mtime,False,PTS,D3_institucional,negative,core_anual,True,False,False,Political Terror Scale,
2009,exportaciones_pct_pib,0.0,0.0,0.0,% PIB,wdi.csv,publicado_por_proveedor_estado_no_desagregado,identidad,,,no_archivada; no inferir del periodo ni del mtime,False,WDI,D4_comercial,positive,core_anual,True,False,False,Exportaciones de bienes y servicios,
2009,desempleo_pct,7.9,7.9,98.22695035460993,%,imf.csv,WEO_estimaciones_y_proyecciones_estado_individual_no_verificado,identidad,,,no_archivada; no inferir del periodo ni del mtime,False,IMF,D4_comercial,negative,auxiliar,False,False,False,Tasa de desempleo,
2009,migrantes_vzla_millones,0.0078,0.0078,99.58371877890842,millones,unhcr.csv,publicado_por_proveedor_estado_no_desagregado,identidad,,,no_archivada; no inferir del periodo ni del mtime,False,UNHCR,D4_comercial,negative,core_anual,True,False,False,Refugiados y solicitantes de asilo venezolanos,
2009,lsci_conectividad_maritima,108.74,108.74,89.4363119947564,indice (base promedio Q1 2023 = 100),unctad.csv,publicado_por_proveedor_estado_no_desagregado,identidad,,,no_archivada; no inferir del periodo ni del mtime,False,UNCTAD,D4_comercial,positive,core_anual,True,False,False,Liner Shipping Connectivity Index,No es una escala acotada 0-100. Promedio de trimestres publicados; años parciales se identifican.
2009,hdi,0.76,0.76,83.11688311688312,0-1,hdi.csv,publicado_por_proveedor_estado_no_desagregado,identidad,,,no_archivada; no inferir del periodo ni del mtime,False,HDI,D5_capital_humano,positive,core_anual,True,False,False,Indice de Desarrollo Humano,
2009,esperanza_vida_anos,72.785,72.785,75.8265349935593,anos,wdi.csv,publicado_por_proveedor_estado_no_desagregado,identidad,,,no_archivada; no inferir del periodo ni del mtime,False,WDI,D5_capital_humano,positive,core_anual,True,False,False,Esperanza de vida al nacer,
2009,mortalidad_infantil_x1000,14.4,14.4,100.0,muertes por 1.000 nacidos vivos,wdi.csv,publicado_por_proveedor_estado_no_desagregado,identidad,,,no_archivada; no inferir del periodo ni del mtime,False,WDI,D5_capital_humano,negative,core_anual,True,False,False,Mortalidad infantil,
2009,acceso_electricidad_pct,99.0,99.0,76.74418604651162,% poblacion,wdi.csv,publicado_por_proveedor_estado_no_desagregado,identidad,,,no_archivada; no inferir del periodo ni del mtime,False,WDI,D5_capital_humano,positive,core_anual,True,False,False,Acceso a electricidad,
2009,empleo_vulnerable_oit_pct,31.44,31.44,78.5522788203753,% empleo,ilostat.csv,estimacion_modelada_OIT_distribuida_WDI,identidad,,,no_archivada; no inferir del periodo ni del mtime,False,WDI,D5_capital_humano,negative,core_anual,True,False,False,Empleo vulnerable (estimacion modelada OIT),OIT ILOEST distribuido por WDI SL.EMP.VULN.ZS: cuenta propia y familiares auxiliares. No equivale a empleo informal ni a una observacion directa; no sustituye otras series.
2009,guardian_tono_titulares,-0.0215,-0.0215,85.77324593347899,VADER compound,guardian.csv,publicado_por_proveedor_estado_no_desagregado,identidad,,,no_archivada; no inferir del periodo ni del mtime,False,GUARDIAN,D6_percepcion,positive,core_anual,True,True,False,Tono de titulares internacionales,
2009,guardian_articulos_venezuela,307.0,307.0,77.03455964325529,articulos,guardian.csv,publicado_por_proveedor_estado_no_desagregado,identidad,,,no_archivada; no inferir del periodo ni del mtime,False,GUARDIAN,D6_percepcion,negative,core_anual,True,True,False,Volumen de cobertura internacional,
2009,ied_neta_usd,-1137000000.0,-1137000000.0,0.0,USD,wdi.csv,publicado_por_proveedor_estado_no_desagregado,identidad,,,no_archivada; no inferir del periodo ni del mtime,False,WDI,D4_comercial,positive,outcome_externo,False,False,True,Inversion extranjera directa neta,Outcome externo usado para validacion ICIV -> IED; no entra al score.
2009,brent_precio_usd,61.73876984126984,61.73876984126984,42.79752726917756,USD/barril,fred.csv,publicado_por_proveedor_estado_no_desagregado,identidad,,,no_archivada; no inferir del periodo ni del mtime,False,FRED,D1_macro,positive,pulse_mensual,False,True,False,Precio Brent del petroleo,
2009,usd_index_broad,96.7509265060241,96.7509265060241,76.62640949441027,indice,fred.csv,publicado_por_proveedor_estado_no_desagregado,identidad,,,no_archivada; no inferir del periodo ni del mtime,False,FRED,D1_macro,negative,pulse_mensual,False,True,False,Indice amplio del dolar,
2009,vix_volatility,31.479007936507937,31.479007936507937,5.627748029518266,indice,fred.csv,publicado_por_proveedor_estado_no_desagregado,identidad,,,no_archivada; no inferir del periodo ni del mtime,False,FRED,D1_macro,negative,pulse_mensual,False,True,False,VIX volatilidad financiera,
2009,ust_10y_yield_pct,3.26412,3.26412,53.80506040715741,%,fred.csv,publicado_por_proveedor_estado_no_desagregado,identidad,,,no_archivada; no inferir del periodo ni del mtime,False,FRED,D1_macro,negative,pulse_mensual,False,True,False,Treasury 10Y yield,
2010,inflacion_ipc_imf_pct,28.2,1.4502491083193612,90.49779473027138,% anual,imf.csv,WEO_estimaciones_y_proyecciones_estado_individual_no_verificado,log10_porcentaje_positivo; no se imputan valores no positivos,,,no_archivada; no inferir del periodo ni del mtime,False,IMF,D1_macro,negative,core_anual,True,False,False,Inflacion de precios al consumidor (FMI),"IMF WEO PCPIPCH: variacion porcentual anual del IPC, no deflactor del PIB. Incluye estimaciones y proyecciones del proveedor; el estado se declara por observacion. Se transforma a log10 antes de normalizar; los valores originales se conservan."
2010,pib_crecimiento_real_pct,-1.5873015873016,-1.5873015873016,58.78862287702062,%,wdi.csv,publicado_por_proveedor_estado_no_desagregado,identidad,,,no_archivada; no inferir del periodo ni del mtime,False,WDI,D1_macro,positive,core_anual,True,False,False,Crecimiento real del PIB,
2010,reservas_internacionales_usd,29665473906.3905,29665473906.3905,59.72520312035445,USD,wdi.csv,publicado_por_proveedor_estado_no_desagregado,identidad,,,no_archivada; no inferir del periodo ni del mtime,False,WDI,D1_macro,positive,auxiliar,False,False,False,Reservas internacionales,Faltantes recientes se muestran como faltantes; no se hace forward-fill.
2010,tipo_cambio_oficial_lcu_usd,2.58206031746032,0.4119663832573614,50.32011313558532,LCU/USD en denominacion del proveedor,wdi.csv,publicado_por_proveedor_estado_no_desagregado,log10_BsF_equivalente;2018_2021:x1e5;2022_en_adelante:x1e11,,,no_archivada; no inferir del periodo ni del mtime,False,WDI,D1_macro,negative,auxiliar,False,False,False,Tipo de cambio oficial (unidad original WDI),
2010,wti_precio_usd,79.47571428571429,79.47571428571429,72.59298257211022,USD/barril,fred.csv,publicado_por_proveedor_estado_no_desagregado,identidad,,,no_archivada; no inferir del periodo ni del mtime,False,FRED,D1_macro,positive,core_anual,True,True,False,Precio WTI del petroleo,
2010,tasa_fed_funds_pct,0.175,0.175,98.45674834168133,%,fred.csv,publicado_por_proveedor_estado_no_desagregado,identidad,,,no_archivada; no inferir del periodo ni del mtime,False,FRED,D1_macro,negative,core_anual,True,True,False,Tasa efectiva de fondos federales de EE. UU.,
2010,petroleo_crudo_produccion_tbpd,2410.0,2410.0,79.56439918721713,mil barriles/dia,eia.csv,publicado_por_proveedor_estado_no_desagregado,identidad,,,no_archivada; no inferir del periodo ni del mtime,False,EIA,D2_energia,positive,core_anual,True,False,False,Produccion de crudo y condensado de arrendamiento (EIA producto 57),
2010,gas_natural_produccion_bcf,696.69432,696.69432,9.78088999322358,BCF,eia.csv,publicado_por_proveedor_estado_no_desagregado,identidad,,,no_archivada; no inferir del periodo ni del mtime,False,EIA,D2_energia,positive,auxiliar,False,False,False,Produccion de gas natural,
2010,electricidad_generacion_bkwh,113.767,113.767,66.18133952672137,bkWh,eia.csv,publicado_por_proveedor_estado_no_desagregado,identidad,,,no_archivada; no inferir del periodo ni del mtime,False,EIA,D2_energia,positive,auxiliar,False,False,False,Generacion electrica,
2010,luminosidad_nocturna_idx,,,,nW/cm2/sr,blackmarble_qa_monthly.csv,sin_dato,media_de_meses_publicados_minimo_3,,,no_archivada; no inferir del periodo ni del mtime,False,VIIRS,D2_energia,positive,core_anual,True,False,False,Luminosidad nocturna satelital,"NASA Black Marble VNP46A3, media nacional con mascara poligonal exacta. Sustituyo a la serie de Li et al. el 2026-08-11: mismo fenomeno con 2 meses de rezago en vez de 2 anios. Cubre 2014-2026; no se empalma con la anterior."
2010,cpi_score,,,,0-100,cpi.csv,sin_dato,identidad,,,no_archivada; no inferir del periodo ni del mtime,False,CPI,D3_institucional,positive,core_anual,True,False,False,Indice de percepcion de corrupcion,CPI comparable solo desde 2012; registros anteriores conservados en raw y excluidos del indice.
2010,wgi_promedio_sc,32.39720761666667,32.39720761666667,46.02012968293235,percentil 0-100,wgi.csv,publicado_por_proveedor_estado_no_desagregado,identidad,,,no_archivada; no inferir del periodo ni del mtime,False,WGI,D3_institucional,positive,core_anual,True,False,False,Promedio WGI de gobernanza,
2010,freedom_house_score,,,,0-100,freedom_house.csv,sin_dato,identidad,,,no_archivada; no inferir del periodo ni del mtime,False,FREEDOM_HOUSE,D3_institucional,positive,core_anual,True,False,False,Freedom House aggregate score,
2010,wjp_rule_of_law,,,,0-1,wjp.csv,sin_dato,identidad,,,no_archivada; no inferir del periodo ni del mtime,False,WJP,D3_institucional,positive,core_anual,True,False,False,World Justice Project Rule of Law,Ediciones dobles asignadas solo al año final (2012-2013 a 2013; 2017-2018 a 2018).
2010,pts_terror_politico,3.0,3.0,80.0,1-5,,publicado_por_proveedor_estado_no_desagregado,identidad,,,no_archivada; no inferir del periodo ni del mtime,False,PTS,D3_institucional,negative,core_anual,True,False,False,Political Terror Scale,
2010,exportaciones_pct_pib,0.0,0.0,0.0,% PIB,wdi.csv,publicado_por_proveedor_estado_no_desagregado,identidad,,,no_archivada; no inferir del periodo ni del mtime,False,WDI,D4_comercial,positive,core_anual,True,False,False,Exportaciones de bienes y servicios,
2010,desempleo_pct,8.5,8.5,96.09929078014184,%,imf.csv,WEO_estimaciones_y_proyecciones_estado_individual_no_verificado,identidad,,,no_archivada; no inferir del periodo ni del mtime,False,IMF,D4_comercial,negative,auxiliar,False,False,False,Tasa de desempleo,
2010,migrantes_vzla_millones,0.0073,0.0073,99.61262719703977,millones,unhcr.csv,publicado_por_proveedor_estado_no_desagregado,identidad,,,no_archivada; no inferir del periodo ni del mtime,False,UNHCR,D4_comercial,negative,core_anual,True,False,False,Refugiados y solicitantes de asilo venezolanos,
2010,lsci_conectividad_maritima,98.77,98.77,78.54489840506882,indice (base promedio Q1 2023 = 100),unctad.csv,publicado_por_proveedor_estado_no_desagregado,identidad,,,no_archivada; no inferir del periodo ni del mtime,False,UNCTAD,D4_comercial,positive,core_anual,True,False,False,Liner Shipping Connectivity Index,No es una escala acotada 0-100. Promedio de trimestres publicados; años parciales se identifican.
2010,hdi,0.764,0.764,88.31168831168831,0-1,hdi.csv,publicado_por_proveedor_estado_no_desagregado,identidad,,,no_archivada; no inferir del periodo ni del mtime,False,HDI,D5_capital_humano,positive,core_anual,True,False,False,Indice de Desarrollo Humano,
2010,esperanza_vida_anos,73.092,73.092,89.0081580077286,anos,wdi.csv,publicado_por_proveedor_estado_no_desagregado,identidad,,,no_archivada; no inferir del periodo ni del mtime,False,WDI,D5_capital_humano,positive,core_anual,True,False,False,Esperanza de vida al nacer,
2010,mortalidad_infantil_x1000,14.5,14.5,98.52941176470588,muertes por 1.000 nacidos vivos,wdi.csv,publicado_por_proveedor_estado_no_desagregado,identidad,,,no_archivada; no inferir del periodo ni del mtime,False,WDI,D5_capital_humano,negative,core_anual,True,False,False,Mortalidad infantil,
2010,acceso_electricidad_pct,99.1,99.1,79.06976744186032,% poblacion,wdi.csv,publicado_por_proveedor_estado_no_desagregado,identidad,,,no_archivada; no inferir del periodo ni del mtime,False,WDI,D5_capital_humano,positive,core_anual,True,False,False,Acceso a electricidad,
2010,empleo_vulnerable_oit_pct,33.24,33.24,54.42359249329755,% empleo,ilostat.csv,estimacion_modelada_OIT_distribuida_WDI,identidad,,,no_archivada; no inferir del periodo ni del mtime,False,WDI,D5_capital_humano,negative,core_anual,True,False,False,Empleo vulnerable (estimacion modelada OIT),OIT ILOEST distribuido por WDI SL.EMP.VULN.ZS: cuenta propia y familiares auxiliares. No equivale a empleo informal ni a una observacion directa; no sustituye otras series.
2010,guardian_tono_titulares,-0.0724,-0.0724,73.41587764020393,VADER compound,guardian.csv,publicado_por_proveedor_estado_no_desagregado,identidad,,,no_archivada; no inferir del periodo ni del mtime,False,GUARDIAN,D6_percepcion,positive,core_anual,True,True,False,Tono de titulares internacionales,
2010,guardian_articulos_venezuela,307.0,307.0,77.03455964325529,articulos,guardian.csv,publicado_por_proveedor_estado_no_desagregado,identidad,,,no_archivada; no inferir del periodo ni del mtime,False,GUARDIAN,D6_percepcion,negative,core_anual,True,True,False,Volumen de cobertura internacional,
2010,ied_neta_usd,1583000000.0,1583000000.0,38.901601830663616,USD,wdi.csv,publicado_por_proveedor_estado_no_desagregado,identidad,,,no_archivada; no inferir del periodo ni del mtime,False,WDI,D4_comercial,positive,outcome_externo,False,False,True,Inversion extranjera directa neta,Outcome externo usado para validacion ICIV -> IED; no entra al score.
2010,brent_precio_usd,79.60944444444445,79.60944444444445,63.31142523920184,USD/barril,fred.csv,publicado_por_proveedor_estado_no_desagregado,identidad,,,no_archivada; no inferir del periodo ni del mtime,False,FRED,D1_macro,positive,pulse_mensual,False,True,False,Precio Brent del petroleo,
2010,usd_index_broad,93.05413699186992,93.05413699186992,87.46225170146971,indice,fred.csv,publicado_por_proveedor_estado_no_desagregado,identidad,,,no_archivada; no inferir del periodo ni del mtime,False,FRED,D1_macro,negative,pulse_mensual,False,True,False,Indice amplio del dolar,
2010,vix_volatility,22.54888888888889,22.54888888888889,46.96204581493956,indice,fred.csv,publicado_por_proveedor_estado_no_desagregado,identidad,,,no_archivada; no inferir del periodo ni del mtime,False,FRED,D1_macro,negative,pulse_mensual,False,True,False,VIX volatilidad financiera,
2010,ust_10y_yield_pct,3.2150597609561755,3.2150597609561755,54.75934005471128,%,fred.csv,publicado_por_proveedor_estado_no_desagregado,identidad,,,no_archivada; no inferir del periodo ni del mtime,False,FRED,D1_macro,negative,pulse_mensual,False,True,False,Treasury 10Y yield,
2011,inflacion_ipc_imf_pct,26.1,1.416640507338281,91.40161723275801,% anual,imf.csv,WEO_estimaciones_y_proyecciones_estado_individual_no_verificado,log10_porcentaje_positivo; no se imputan valores no positivos,,,no_archivada; no inferir del periodo ni del mtime,False,IMF,D1_macro,negative,core_anual,True,False,False,Inflacion de precios al consumidor (FMI),"IMF WEO PCPIPCH: variacion porcentual anual del IPC, no deflactor del PIB. Incluye estimaciones y proyecciones del proveedor; el estado se declara por observacion. Se transforma a log10 antes de normalizar; los valores originales se conservan."
2011,pib_crecimiento_real_pct,4.12186379928315,4.12186379928315,70.67483184485498,%,wdi.csv,publicado_por_proveedor_estado_no_desagregado,identidad,,,no_archivada; no inferir del periodo ni del mtime,False,WDI,D1_macro,positive,core_anual,True,False,False,Crecimiento real del PIB,
2011,reservas_internacionales_usd,27934651458.8556,27934651458.8556,54.52307037470822,USD,wdi.csv,publicado_por_proveedor_estado_no_desagregado,identidad,,,no_archivada; no inferir del periodo ni del mtime,False,WDI,D1_macro,positive,auxiliar,False,False,False,Reservas internacionales,Faltantes recientes se muestran como faltantes; no se hace forward-fill.
2011,tipo_cambio_oficial_lcu_usd,4.2893,0.632386422501182,31.4230570779303,LCU/USD en denominacion del proveedor,wdi.csv,publicado_por_proveedor_estado_no_desagregado,log10_BsF_equivalente;2018_2021:x1e5;2022_en_adelante:x1e11,,,no_archivada; no inferir del periodo ni del mtime,False,WDI,D1_macro,negative,auxiliar,False,False,False,Tipo de cambio oficial (unidad original WDI),
2011,wti_precio_usd,94.880873015873,94.880873015873,93.49880017456023,USD/barril,fred.csv,publicado_por_proveedor_estado_no_desagregado,identidad,,,no_archivada; no inferir del periodo ni del mtime,False,FRED,D1_macro,positive,core_anual,True,True,False,Precio WTI del petroleo,
2011,tasa_fed_funds_pct,0.1016666666666666,0.1016666666666666,99.64803032354136,%,fred.csv,publicado_por_proveedor_estado_no_desagregado,identidad,,,no_archivada; no inferir del periodo ni del mtime,False,FRED,D1_macro,negative,core_anual,True,True,False,Tasa efectiva de fondos federales de EE. UU.,
2011,petroleo_crudo_produccion_tbpd,2500.0,2500.0,83.3673917059204,mil barriles/dia,eia.csv,publicado_por_proveedor_estado_no_desagregado,identidad,,,no_archivada; no inferir del periodo ni del mtime,False,EIA,D2_energia,positive,core_anual,True,False,False,Produccion de crudo y condensado de arrendamiento (EIA producto 57),
2011,gas_natural_produccion_bcf,733.457235,733.457235,17.61915518409775,BCF,eia.csv,publicado_por_proveedor_estado_no_desagregado,identidad,,,no_archivada; no inferir del periodo ni del mtime,False,EIA,D2_energia,positive,auxiliar,False,False,False,Produccion de gas natural,
2011,electricidad_generacion_bkwh,117.963,117.963,72.82328157813689,bkWh,eia.csv,publicado_por_proveedor_estado_no_desagregado,identidad,,,no_archivada; no inferir del periodo ni del mtime,False,EIA,D2_energia,positive,auxiliar,False,False,False,Generacion electrica,
2011,luminosidad_nocturna_idx,,,,nW/cm2/sr,blackmarble_qa_monthly.csv,sin_dato,media_de_meses_publicados_minimo_3,,,no_archivada; no inferir del periodo ni del mtime,False,VIIRS,D2_energia,positive,core_anual,True,False,False,Luminosidad nocturna satelital,"NASA Black Marble VNP46A3, media nacional con mascara poligonal exacta. Sustituyo a la serie de Li et al. el 2026-08-11: mismo fenomeno con 2 meses de rezago en vez de 2 anios. Cubre 2014-2026; no se empalma con la anterior."
2011,cpi_score,,,,0-100,cpi.csv,sin_dato,identidad,,,no_archivada; no inferir del periodo ni del mtime,False,CPI,D3_institucional,positive,core_anual,True,False,False,Indice de percepcion de corrupcion,CPI comparable solo desde 2012; registros anteriores conservados en raw y excluidos del indice.
2011,wgi_promedio_sc,33.109031716666664,33.109031716666664,49.68043405701816,percentil 0-100,wgi.csv,publicado_por_proveedor_estado_no_desagregado,identidad,,,no_archivada; no inferir del periodo ni del mtime,False,WGI,D3_institucional,positive,core_anual,True,False,False,Promedio WGI de gobernanza,
2011,freedom_house_score,,,,0-100,freedom_house.csv,sin_dato,identidad,,,no_archivada; no inferir del periodo ni del mtime,False,FREEDOM_HOUSE,D3_institucional,positive,core_anual,True,False,False,Freedom House aggregate score,
2011,wjp_rule_of_law,,,,0-1,wjp.csv,sin_dato,identidad,,,no_archivada; no inferir del periodo ni del mtime,False,WJP,D3_institucional,positive,core_anual,True,False,False,World Justice Project Rule of Law,Ediciones dobles asignadas solo al año final (2012-2013 a 2013; 2017-2018 a 2018).
2011,pts_terror_politico,3.0,3.0,80.0,1-5,,publicado_por_proveedor_estado_no_desagregado,identidad,,,no_archivada; no inferir del periodo ni del mtime,False,PTS,D3_institucional,negative,core_anual,True,False,False,Political Terror Scale,
2011,exportaciones_pct_pib,0.0,0.0,0.0,% PIB,wdi.csv,publicado_por_proveedor_estado_no_desagregado,identidad,,,no_archivada; no inferir del periodo ni del mtime,False,WDI,D4_comercial,positive,core_anual,True,False,False,Exportaciones de bienes y servicios,
2011,desempleo_pct,8.2,8.2,97.16312056737588,%,imf.csv,WEO_estimaciones_y_proyecciones_estado_individual_no_verificado,identidad,,,no_archivada; no inferir del periodo ni del mtime,False,IMF,D4_comercial,negative,auxiliar,False,False,False,Tasa de desempleo,
2011,migrantes_vzla_millones,0.0081,0.0081,99.5663737280296,millones,unhcr.csv,publicado_por_proveedor_estado_no_desagregado,identidad,,,no_archivada; no inferir del periodo ni del mtime,False,UNHCR,D4_comercial,negative,core_anual,True,False,False,Refugiados y solicitantes de asilo venezolanos,
2011,lsci_conectividad_maritima,84.51,84.51,62.96700895783265,indice (base promedio Q1 2023 = 100),unctad.csv,publicado_por_proveedor_estado_no_desagregado,identidad,,,no_archivada; no inferir del periodo ni del mtime,False,UNCTAD,D4_comercial,positive,core_anual,True,False,False,Liner Shipping Connectivity Index,No es una escala acotada 0-100. Promedio de trimestres publicados; años parciales se identifican.
2011,hdi,0.77,0.77,96.1038961038961,0-1,hdi.csv,publicado_por_proveedor_estado_no_desagregado,identidad,,,no_archivada; no inferir del periodo ni del mtime,False,HDI,D5_capital_humano,positive,core_anual,True,False,False,Indice de Desarrollo Humano,
2011,esperanza_vida_anos,73.09,73.09,88.92228424216417,anos,wdi.csv,publicado_por_proveedor_estado_no_desagregado,identidad,,,no_archivada; no inferir del periodo ni del mtime,False,WDI,D5_capital_humano,positive,core_anual,True,False,False,Esperanza de vida al nacer,
2011,mortalidad_infantil_x1000,14.8,14.8,94.11764705882352,muertes por 1.000 nacidos vivos,wdi.csv,publicado_por_proveedor_estado_no_desagregado,identidad,,,no_archivada; no inferir del periodo ni del mtime,False,WDI,D5_capital_humano,negative,core_anual,True,False,False,Mortalidad infantil,
2011,acceso_electricidad_pct,98.8,98.8,72.09302325581388,% poblacion,wdi.csv,publicado_por_proveedor_estado_no_desagregado,identidad,,,no_archivada; no inferir del periodo ni del mtime,False,WDI,D5_capital_humano,positive,core_anual,True,False,False,Acceso a electricidad,
2011,empleo_vulnerable_oit_pct,33.01,33.01,57.506702412868634,% empleo,ilostat.csv,estimacion_modelada_OIT_distribuida_WDI,identidad,,,no_archivada; no inferir del periodo ni del mtime,False,WDI,D5_capital_humano,negative,core_anual,True,False,False,Empleo vulnerable (estimacion modelada OIT),OIT ILOEST distribuido por WDI SL.EMP.VULN.ZS: cuenta propia y familiares auxiliares. No equivale a empleo informal ni a una observacion directa; no sustituye otras series.
2011,guardian_tono_titulares,-0.1793,-0.1793,47.46297645059481,VADER compound,guardian.csv,publicado_por_proveedor_estado_no_desagregado,identidad,,,no_archivada; no inferir del periodo ni del mtime,False,GUARDIAN,D6_percepcion,positive,core_anual,True,True,False,Tono de titulares internacionales,
2011,guardian_articulos_venezuela,316.0,316.0,76.03121516164994,articulos,guardian.csv,publicado_por_proveedor_estado_no_desagregado,identidad,,,no_archivada; no inferir del periodo ni del mtime,False,GUARDIAN,D6_percepcion,negative,core_anual,True,True,False,Volumen de cobertura internacional,
2011,ied_neta_usd,5855000000.0,5855000000.0,100.0,USD,wdi.csv,publicado_por_proveedor_estado_no_desagregado,identidad,,,no_archivada; no inferir del periodo ni del mtime,False,WDI,D4_comercial,positive,outcome_externo,False,False,True,Inversion extranjera directa neta,Outcome externo usado para validacion ICIV -> IED; no entra al score.
2011,brent_precio_usd,111.2642741935484,111.2642741935484,99.64827105789593,USD/barril,fred.csv,publicado_por_proveedor_estado_no_desagregado,identidad,,,no_archivada; no inferir del periodo ni del mtime,False,FRED,D1_macro,positive,pulse_mensual,False,True,False,Precio Brent del petroleo,
2011,usd_index_broad,88.77671992031873,88.77671992031873,100.0,indice,fred.csv,publicado_por_proveedor_estado_no_desagregado,identidad,,,no_archivada; no inferir del periodo ni del mtime,False,FRED,D1_macro,negative,pulse_mensual,False,True,False,Indice amplio del dolar,
2011,vix_volatility,24.20257936507937,24.20257936507937,39.307709492738226,indice,fred.csv,publicado_por_proveedor_estado_no_desagregado,identidad,,,no_archivada; no inferir del periodo ni del mtime,False,FRED,D1_macro,negative,pulse_mensual,False,True,False,VIX volatilidad financiera,
2011,ust_10y_yield_pct,2.78164,2.78164,63.189866786525215,%,fred.csv,publicado_por_proveedor_estado_no_desagregado,identidad,,,no_archivada; no inferir del periodo ni del mtime,False,FRED,D1_macro,negative,pulse_mensual,False,True,False,Treasury 10Y yield,
2012,inflacion_ipc_imf_pct,21.1,1.3242824552976926,93.88536494267035,% anual,imf.csv,WEO_estimaciones_y_proyecciones_estado_individual_no_verificado,log10_porcentaje_positivo; no se imputan valores no positivos,,,no_archivada; no inferir del periodo ni del mtime,False,IMF,D1_macro,negative,core_anual,True,False,False,Inflacion de precios al consumidor (FMI),"IMF WEO PCPIPCH: variacion porcentual anual del IPC, no deflactor del PIB. Incluye estimaciones y proyecciones del proveedor; el estado se declara por observacion. Se transforma a log10 antes de normalizar; los valores originales se conservan."
2012,pib_crecimiento_real_pct,5.67986230636832,5.67986230636832,73.91851013630945,%,wdi.csv,publicado_por_proveedor_estado_no_desagregado,identidad,,,no_archivada; no inferir del periodo ni del mtime,False,WDI,D1_macro,positive,core_anual,True,False,False,Crecimiento real del PIB,
2012,reservas_internacionales_usd,29468789162.686,29468789162.686,59.13405054589399,USD,wdi.csv,publicado_por_proveedor_estado_no_desagregado,identidad,,,no_archivada; no inferir del periodo ni del mtime,False,WDI,D1_macro,positive,auxiliar,False,False,False,Reservas internacionales,Faltantes recientes se muestran como faltantes; no se hace forward-fill.
2012,tipo_cambio_oficial_lcu_usd,4.2893,0.632386422501182,31.4230570779303,LCU/USD en denominacion del proveedor,wdi.csv,publicado_por_proveedor_estado_no_desagregado,log10_BsF_equivalente;2018_2021:x1e5;2022_en_adelante:x1e11,,,no_archivada; no inferir del periodo ni del mtime,False,WDI,D1_macro,negative,auxiliar,False,False,False,Tipo de cambio oficial (unidad original WDI),
2012,wti_precio_usd,94.05333333333331,94.05333333333331,92.37577418274783,USD/barril,fred.csv,publicado_por_proveedor_estado_no_desagregado,identidad,,,no_archivada; no inferir del periodo ni del mtime,False,FRED,D1_macro,positive,core_anual,True,True,False,Precio WTI del petroleo,
2012,tasa_fed_funds_pct,0.14,0.14,99.02531474211453,%,fred.csv,publicado_por_proveedor_estado_no_desagregado,identidad,,,no_archivada; no inferir del periodo ni del mtime,False,FRED,D1_macro,negative,core_anual,True,True,False,Tasa efectiva de fondos federales de EE. UU.,
2012,petroleo_crudo_produccion_tbpd,2500.0,2500.0,83.3673917059204,mil barriles/dia,eia.csv,publicado_por_proveedor_estado_no_desagregado,identidad,,,no_archivada; no inferir del periodo ni del mtime,False,EIA,D2_energia,positive,core_anual,True,False,False,Produccion de crudo y condensado de arrendamiento (EIA producto 57),
2012,gas_natural_produccion_bcf,802.56869,802.56869,32.35449137866138,BCF,eia.csv,publicado_por_proveedor_estado_no_desagregado,identidad,,,no_archivada; no inferir del periodo ni del mtime,False,EIA,D2_energia,positive,auxiliar,False,False,False,Produccion de gas natural,
2012,electricidad_generacion_bkwh,128.3161,128.3161,89.21143464117552,bkWh,eia.csv,publicado_por_proveedor_estado_no_desagregado,identidad,,,no_archivada; no inferir del periodo ni del mtime,False,EIA,D2_energia,positive,auxiliar,False,False,False,Generacion electrica,
2012,luminosidad_nocturna_idx,,,,nW/cm2/sr,blackmarble_qa_monthly.csv,sin_dato,media_de_meses_publicados_minimo_3,,,no_archivada; no inferir del periodo ni del mtime,False,VIIRS,D2_energia,positive,core_anual,True,False,False,Luminosidad nocturna satelital,"NASA Black Marble VNP46A3, media nacional con mascara poligonal exacta. Sustituyo a la serie de Li et al. el 2026-08-11: mismo fenomeno con 2 meses de rezago en vez de 2 anios. Cubre 2014-2026; no se empalma con la anterior."
2012,cpi_score,19.0,19.0,90.0,0-100,cpi.csv,publicado_por_proveedor_estado_no_desagregado,identidad,,,no_archivada; no inferir del periodo ni del mtime,False,CPI,D3_institucional,positive,core_anual,True,False,False,Indice de percepcion de corrupcion,CPI comparable solo desde 2012; registros anteriores conservados en raw y excluidos del indice.
2012,wgi_promedio_sc,32.77905235,32.77905235,47.98363154756665,percentil 0-100,wgi.csv,publicado_por_proveedor_estado_no_desagregado,identidad,,,no_archivada; no inferir del periodo ni del mtime,False,WGI,D3_institucional,positive,core_anual,True,False,False,Promedio WGI de gobernanza,
2012,freedom_house_score,39.0,39.0,100.0,0-100,freedom_house.csv,publicado_por_proveedor_estado_no_desagregado,identidad,,,no_archivada; no inferir del periodo ni del mtime,False,FREEDOM_HOUSE,D3_institucional,positive,core_anual,True,False,False,Freedom House aggregate score,
2012,wjp_rule_of_law,,,,0-1,wjp.csv,sin_dato,identidad,,,no_archivada; no inferir del periodo ni del mtime,False,WJP,D3_institucional,positive,core_anual,True,False,False,World Justice Project Rule of Law,Ediciones dobles asignadas solo al año final (2012-2013 a 2013; 2017-2018 a 2018).
2012,pts_terror_politico,3.5,3.5,60.0,1-5,,publicado_por_proveedor_estado_no_desagregado,identidad,,,no_archivada; no inferir del periodo ni del mtime,False,PTS,D3_institucional,negative,core_anual,True,False,False,Political Terror Scale,
2012,exportaciones_pct_pib,29.5953757225434,29.5953757225434,62.707745515678525,% PIB,wdi.csv,publicado_por_proveedor_estado_no_desagregado,identidad,,,no_archivada; no inferir del periodo ni del mtime,False,WDI,D4_comercial,positive,core_anual,True,False,False,Exportaciones de bienes y servicios,
2012,desempleo_pct,7.8,7.8,98.58156028368793,%,imf.csv,WEO_estimaciones_y_proyecciones_estado_individual_no_verificado,identidad,,,no_archivada; no inferir del periodo ni del mtime,False,IMF,D4_comercial,negative,auxiliar,False,False,False,Tasa de desempleo,
2012,migrantes_vzla_millones,0.0087,0.0087,99.53168362627197,millones,unhcr.csv,publicado_por_proveedor_estado_no_desagregado,identidad,,,no_archivada; no inferir del periodo ni del mtime,False,UNHCR,D4_comercial,negative,core_anual,True,False,False,Refugiados y solicitantes de asilo venezolanos,
2012,lsci_conectividad_maritima,96.48,96.48,76.04325977714662,indice (base promedio Q1 2023 = 100),unctad.csv,publicado_por_proveedor_estado_no_desagregado,identidad,,,no_archivada; no inferir del periodo ni del mtime,False,UNCTAD,D4_comercial,positive,core_anual,True,False,False,Liner Shipping Connectivity Index,No es una escala acotada 0-100. Promedio de trimestres publicados; años parciales se identifican.
2012,hdi,0.772,0.772,98.7012987012987,0-1,hdi.csv,publicado_por_proveedor_estado_no_desagregado,identidad,,,no_archivada; no inferir del periodo ni del mtime,False,HDI,D5_capital_humano,positive,core_anual,True,False,False,Indice de Desarrollo Humano,
2012,esperanza_vida_anos,73.086,73.086,88.75053671103473,anos,wdi.csv,publicado_por_proveedor_estado_no_desagregado,identidad,,,no_archivada; no inferir del periodo ni del mtime,False,WDI,D5_capital_humano,positive,core_anual,True,False,False,Esperanza de vida al nacer,
2012,mortalidad_infantil_x1000,15.1,15.1,89.70588235294119,muertes por 1.000 nacidos vivos,wdi.csv,publicado_por_proveedor_estado_no_desagregado,identidad,,,no_archivada; no inferir del periodo ni del mtime,False,WDI,D5_capital_humano,negative,core_anual,True,False,False,Mortalidad infantil,
2012,acceso_electricidad_pct,99.3,99.3,83.72093023255806,% poblacion,wdi.csv,publicado_por_proveedor_estado_no_desagregado,identidad,,,no_archivada; no inferir del periodo ni del mtime,False,WDI,D5_capital_humano,positive,core_anual,True,False,False,Acceso a electricidad,
2012,empleo_vulnerable_oit_pct,31.91,31.91,72.25201072386056,% empleo,ilostat.csv,estimacion_modelada_OIT_distribuida_WDI,identidad,,,no_archivada; no inferir del periodo ni del mtime,False,WDI,D5_capital_humano,negative,core_anual,True,False,False,Empleo vulnerable (estimacion modelada OIT),OIT ILOEST distribuido por WDI SL.EMP.VULN.ZS: cuenta propia y familiares auxiliares. No equivale a empleo informal ni a una observacion directa; no sustituye otras series.
2012,guardian_tono_titulares,0.0014,0.0014,91.33284777858704,VADER compound,guardian.csv,publicado_por_proveedor_estado_no_desagregado,identidad,,,no_archivada; no inferir del periodo ni del mtime,False,GUARDIAN,D6_percepcion,positive,core_anual,True,True,False,Tono de titulares internacionales,
2012,guardian_articulos_venezuela,257.0,257.0,82.6086956521739,articulos,guardian.csv,publicado_por_proveedor_estado_no_desagregado,identidad,,,no_archivada; no inferir del periodo ni del mtime,False,GUARDIAN,D6_percepcion,negative,core_anual,True,True,False,Volumen de cobertura internacional,
2012,ied_neta_usd,4986000000.0,4986000000.0,87.57151029748283,USD,wdi.csv,publicado_por_proveedor_estado_no_desagregado,identidad,,,no_archivada; no inferir del periodo ni del mtime,False,WDI,D4_comercial,positive,outcome_externo,False,False,True,Inversion extranjera directa neta,Outcome externo usado para validacion ICIV -> IED; no entra al score.
2012,brent_precio_usd,111.57068273092368,111.57068273092368,100.0,USD/barril,fred.csv,publicado_por_proveedor_estado_no_desagregado,identidad,,,no_archivada; no inferir del periodo ni del mtime,False,FRED,D1_macro,positive,pulse_mensual,False,True,False,Precio Brent del petroleo,
2012,usd_index_broad,91.63612329317267,91.63612329317267,91.61866164250141,indice,fred.csv,publicado_por_proveedor_estado_no_desagregado,identidad,,,no_archivada; no inferir del periodo ni del mtime,False,FRED,D1_macro,negative,pulse_mensual,False,True,False,Indice amplio del dolar,
2012,vix_volatility,17.79888,17.79888,68.94812246742038,indice,fred.csv,publicado_por_proveedor_estado_no_desagregado,identidad,,,no_archivada; no inferir del periodo ni del mtime,False,FRED,D1_macro,negative,pulse_mensual,False,True,False,VIX volatilidad financiera,
2012,ust_10y_yield_pct,1.80344,1.80344,82.21701319735588,%,fred.csv,publicado_por_proveedor_estado_no_desagregado,identidad,,,no_archivada; no inferir del periodo ni del mtime,False,FRED,D1_macro,negative,pulse_mensual,False,True,False,Treasury 10Y yield,
2013,inflacion_ipc_imf_pct,40.6,1.608526033577194,86.24131744480043,% anual,imf.csv,WEO_estimaciones_y_proyecciones_estado_individual_no_verificado,log10_porcentaje_positivo; no se imputan valores no positivos,,,no_archivada; no inferir del periodo ni del mtime,False,IMF,D1_macro,negative,core_anual,True,False,False,Inflacion de precios al consumidor (FMI),"IMF WEO PCPIPCH: variacion porcentual anual del IPC, no deflactor del PIB. Incluye estimaciones y proyecciones del proveedor; el estado se declara por observacion. Se transforma a log10 antes de normalizar; los valores originales se conservan."
2013,pib_crecimiento_real_pct,1.30293159609121,1.30293159609121,64.80594997430528,%,wdi.csv,publicado_por_proveedor_estado_no_desagregado,identidad,,,no_archivada; no inferir del periodo ni del mtime,False,WDI,D1_macro,positive,core_anual,True,False,False,Crecimiento real del PIB,
2013,reservas_internacionales_usd,20275216409.4457,20275216409.4457,31.501992770569824,USD,wdi.csv,publicado_por_proveedor_estado_no_desagregado,identidad,,,no_archivada; no inferir del periodo ni del mtime,False,WDI,D1_macro,positive,auxiliar,False,False,False,Reservas internacionales,Faltantes recientes se muestran como faltantes; no se hace forward-fill.
2013,tipo_cambio_oficial_lcu_usd,6.04796184166667,0.7816090424128124,18.629899871289073,LCU/USD en denominacion del proveedor,wdi.csv,publicado_por_proveedor_estado_no_desagregado,log10_BsF_equivalente;2018_2021:x1e5;2022_en_adelante:x1e11,,,no_archivada; no inferir del periodo ni del mtime,False,WDI,D1_macro,negative,auxiliar,False,False,False,Tipo de cambio oficial (unidad original WDI),
2013,wti_precio_usd,97.98253968253968,97.98253968253968,97.70796664487968,USD/barril,fred.csv,publicado_por_proveedor_estado_no_desagregado,identidad,,,no_archivada; no inferir del periodo ni del mtime,False,FRED,D1_macro,positive,core_anual,True,True,False,Precio WTI del petroleo,
2013,tasa_fed_funds_pct,0.1075,0.1075,99.5532692568025,%,fred.csv,publicado_por_proveedor_estado_no_desagregado,identidad,,,no_archivada; no inferir del periodo ni del mtime,False,FRED,D1_macro,negative,core_anual,True,True,False,Tasa efectiva de fondos federales de EE. UU.,
2013,petroleo_crudo_produccion_tbpd,2500.0,2500.0,83.3673917059204,mil barriles/dia,eia.csv,publicado_por_proveedor_estado_no_desagregado,identidad,,,no_archivada; no inferir del periodo ni del mtime,False,EIA,D2_energia,positive,core_anual,True,False,False,Produccion de crudo y condensado de arrendamiento (EIA producto 57),
2013,gas_natural_produccion_bcf,770.537985,770.537985,25.525186356449233,BCF,eia.csv,publicado_por_proveedor_estado_no_desagregado,identidad,,,no_archivada; no inferir del periodo ni del mtime,False,EIA,D2_energia,positive,auxiliar,False,False,False,Produccion de gas natural,
2013,electricidad_generacion_bkwh,135.1317,135.1317,100.0,bkWh,eia.csv,publicado_por_proveedor_estado_no_desagregado,identidad,,,no_archivada; no inferir del periodo ni del mtime,False,EIA,D2_energia,positive,auxiliar,False,False,False,Generacion electrica,
2013,luminosidad_nocturna_idx,,,,nW/cm2/sr,blackmarble_qa_monthly.csv,sin_dato,media_de_meses_publicados_minimo_3,,,no_archivada; no inferir del periodo ni del mtime,False,VIIRS,D2_energia,positive,core_anual,True,False,False,Luminosidad nocturna satelital,"NASA Black Marble VNP46A3, media nacional con mascara poligonal exacta. Sustituyo a la serie de Li et al. el 2026-08-11: mismo fenomeno con 2 meses de rezago en vez de 2 anios. Cubre 2014-2026; no se empalma con la anterior."
2013,cpi_score,20.0,20.0,100.0,0-100,cpi.csv,publicado_por_proveedor_estado_no_desagregado,identidad,,,no_archivada; no inferir del periodo ni del mtime,False,CPI,D3_institucional,positive,core_anual,True,False,False,Indice de percepcion de corrupcion,CPI comparable solo desde 2012; registros anteriores conservados en raw y excluidos del indice.
2013,wgi_promedio_sc,31.172532116666662,31.172532116666662,39.7226678668941,percentil 0-100,wgi.csv,publicado_por_proveedor_estado_no_desagregado,identidad,,,no_archivada; no inferir del periodo ni del mtime,False,WGI,D3_institucional,positive,core_anual,True,False,False,Promedio WGI de gobernanza,
2013,freedom_house_score,38.0,38.0,96.15384615384616,0-100,freedom_house.csv,publicado_por_proveedor_estado_no_desagregado,identidad,,,no_archivada; no inferir del periodo ni del mtime,False,FREEDOM_HOUSE,D3_institucional,positive,core_anual,True,False,False,Freedom House aggregate score,
2013,wjp_rule_of_law,0.3586,0.3586,100.0,0-1,wjp.csv,publicado_por_proveedor_estado_no_desagregado,identidad,,,no_archivada; no inferir del periodo ni del mtime,False,WJP,D3_institucional,positive,core_anual,True,False,False,World Justice Project Rule of Law,Ediciones dobles asignadas solo al año final (2012-2013 a 2013; 2017-2018 a 2018).
2013,pts_terror_politico,3.0,3.0,80.0,1-5,,publicado_por_proveedor_estado_no_desagregado,identidad,,,no_archivada; no inferir del periodo ni del mtime,False,PTS,D3_institucional,negative,core_anual,True,False,False,Political Terror Scale,
2013,exportaciones_pct_pib,30.2459016393443,30.2459016393443,64.08610320319494,% PIB,wdi.csv,publicado_por_proveedor_estado_no_desagregado,identidad,,,no_archivada; no inferir del periodo ni del mtime,False,WDI,D4_comercial,positive,core_anual,True,False,False,Exportaciones de bienes y servicios,
2013,desempleo_pct,7.5,7.5,99.64539007092198,%,imf.csv,WEO_estimaciones_y_proyecciones_estado_individual_no_verificado,identidad,,,no_archivada; no inferir del periodo ni del mtime,False,IMF,D4_comercial,negative,auxiliar,False,False,False,Tasa de desempleo,
2013,migrantes_vzla_millones,0.0095,0.0095,99.48543015726179,millones,unhcr.csv,publicado_por_proveedor_estado_no_desagregado,identidad,,,no_archivada; no inferir del periodo ni del mtime,False,UNHCR,D4_comercial,negative,core_anual,True,False,False,Refugiados y solicitantes de asilo venezolanos,
2013,lsci_conectividad_maritima,96.55,96.55,76.11972908018353,indice (base promedio Q1 2023 = 100),unctad.csv,publicado_por_proveedor_estado_no_desagregado,identidad,,,no_archivada; no inferir del periodo ni del mtime,False,UNCTAD,D4_comercial,positive,core_anual,True,False,False,Liner Shipping Connectivity Index,No es una escala acotada 0-100. Promedio de trimestres publicados; años parciales se identifican.
2013,hdi,0.773,0.773,100.0,0-1,hdi.csv,publicado_por_proveedor_estado_no_desagregado,identidad,,,no_archivada; no inferir del periodo ni del mtime,False,HDI,D5_capital_humano,positive,core_anual,True,False,False,Indice de Desarrollo Humano,
2013,esperanza_vida_anos,73.076,73.076,88.3211678832114,anos,wdi.csv,publicado_por_proveedor_estado_no_desagregado,identidad,,,no_archivada; no inferir del periodo ni del mtime,False,WDI,D5_capital_humano,positive,core_anual,True,False,False,Esperanza de vida al nacer,
2013,mortalidad_infantil_x1000,15.4,15.4,85.29411764705883,muertes por 1.000 nacidos vivos,wdi.csv,publicado_por_proveedor_estado_no_desagregado,identidad,,,no_archivada; no inferir del periodo ni del mtime,False,WDI,D5_capital_humano,negative,core_anual,True,False,False,Mortalidad infantil,
2013,acceso_electricidad_pct,99.4,99.4,86.0465116279071,% poblacion,wdi.csv,publicado_por_proveedor_estado_no_desagregado,identidad,,,no_archivada; no inferir del periodo ni del mtime,False,WDI,D5_capital_humano,positive,core_anual,True,False,False,Acceso a electricidad,
2013,empleo_vulnerable_oit_pct,31.63,31.63,76.00536193029491,% empleo,ilostat.csv,estimacion_modelada_OIT_distribuida_WDI,identidad,,,no_archivada; no inferir del periodo ni del mtime,False,WDI,D5_capital_humano,negative,core_anual,True,False,False,Empleo vulnerable (estimacion modelada OIT),OIT ILOEST distribuido por WDI SL.EMP.VULN.ZS: cuenta propia y familiares auxiliares. No equivale a empleo informal ni a una observacion directa; no sustituye otras series.
2013,guardian_tono_titulares,-0.0963,-0.0963,67.61349842194707,VADER compound,guardian.csv,publicado_por_proveedor_estado_no_desagregado,identidad,,,no_archivada; no inferir del periodo ni del mtime,False,GUARDIAN,D6_percepcion,positive,core_anual,True,True,False,Tono de titulares internacionales,
2013,guardian_articulos_venezuela,359.0,359.0,71.23745819397993,articulos,guardian.csv,publicado_por_proveedor_estado_no_desagregado,identidad,,,no_archivada; no inferir del periodo ni del mtime,False,GUARDIAN,D6_percepcion,negative,core_anual,True,True,False,Volumen de cobertura internacional,
2013,ied_neta_usd,2145000000.0,2145000000.0,46.93935926773455,USD,wdi.csv,publicado_por_proveedor_estado_no_desagregado,identidad,,,no_archivada; no inferir del periodo ni del mtime,False,WDI,D4_comercial,positive,outcome_externo,False,False,True,Inversion extranjera directa neta,Outcome externo usado para validacion ICIV -> IED; no entra al score.
2013,brent_precio_usd,108.555,108.555,96.53827238054333,USD/barril,fred.csv,publicado_por_proveedor_estado_no_desagregado,identidad,,,no_archivada; no inferir del periodo ni del mtime,False,FRED,D1_macro,positive,pulse_mensual,False,True,False,Precio Brent del petroleo,
2013,usd_index_broad,92.76113654618474,92.76113654618474,88.32107976941535,indice,fred.csv,publicado_por_proveedor_estado_no_desagregado,identidad,,,no_archivada; no inferir del periodo ni del mtime,False,FRED,D1_macro,negative,pulse_mensual,False,True,False,Indice amplio del dolar,
2013,vix_volatility,14.230119047619048,14.230119047619048,85.46662878789634,indice,fred.csv,publicado_por_proveedor_estado_no_desagregado,identidad,,,no_archivada; no inferir del periodo ni del mtime,False,FRED,D1_macro,negative,pulse_mensual,False,True,False,VIX volatilidad financiera,
2013,ust_10y_yield_pct,2.35016,2.35016,71.58266287459026,%,fred.csv,publicado_por_proveedor_estado_no_desagregado,identidad,,,no_archivada; no inferir del periodo ni del mtime,False,FRED,D1_macro,negative,pulse_mensual,False,True,False,Treasury 10Y yield,
2014,inflacion_ipc_imf_pct,62.2,1.7937903846908188,81.25907823944519,% anual,imf.csv,WEO_estimaciones_y_proyecciones_estado_individual_no_verificado,log10_porcentaje_positivo; no se imputan valores no positivos,,,no_archivada; no inferir del periodo ni del mtime,False,IMF,D1_macro,negative,core_anual,True,False,False,Inflacion de precios al consumidor (FMI),"IMF WEO PCPIPCH: variacion porcentual anual del IPC, no deflactor del PIB. Incluye estimaciones y proyecciones del proveedor; el estado se declara por observacion. Se transforma a log10 antes de normalizar; los valores originales se conservan."
2014,pib_crecimiento_real_pct,-3.85852090032154,-3.85852090032154,54.06005301814578,%,wdi.csv,publicado_por_proveedor_estado_no_desagregado,identidad,,,no_archivada; no inferir del periodo ni del mtime,False,WDI,D1_macro,positive,core_anual,True,False,False,Crecimiento real del PIB,
2014,reservas_internacionales_usd,21454894042.4243,21454894042.4243,35.047613323714785,USD,wdi.csv,publicado_por_proveedor_estado_no_desagregado,identidad,,,no_archivada; no inferir del periodo ni del mtime,False,WDI,D1_macro,positive,auxiliar,False,False,False,Reservas internacionales,Faltantes recientes se muestran como faltantes; no se hace forward-fill.
2014,tipo_cambio_oficial_lcu_usd,6.2842,0.7982499983784683,17.203237037842612,LCU/USD en denominacion del proveedor,wdi.csv,publicado_por_proveedor_estado_no_desagregado,log10_BsF_equivalente;2018_2021:x1e5;2022_en_adelante:x1e11,,,no_archivada; no inferir del periodo ni del mtime,False,WDI,D1_macro,negative,auxiliar,False,False,False,Tipo de cambio oficial (unidad original WDI),
2014,wti_precio_usd,93.17222222222225,93.17222222222225,91.18004822503222,USD/barril,fred.csv,publicado_por_proveedor_estado_no_desagregado,identidad,,,no_archivada; no inferir del periodo ni del mtime,False,FRED,D1_macro,positive,core_anual,True,True,False,Precio WTI del petroleo,
2014,tasa_fed_funds_pct,0.0891666666666666,0.0891666666666666,99.85108975226751,%,fred.csv,publicado_por_proveedor_estado_no_desagregado,identidad,,,no_archivada; no inferir del periodo ni del mtime,False,FRED,D1_macro,negative,core_anual,True,True,False,Tasa efectiva de fondos federales de EE. UU.,
2014,petroleo_crudo_produccion_tbpd,2500.0,2500.0,83.3673917059204,mil barriles/dia,eia.csv,publicado_por_proveedor_estado_no_desagregado,identidad,,,no_archivada; no inferir del periodo ni del mtime,False,EIA,D2_energia,positive,core_anual,True,False,False,Produccion de crudo y condensado de arrendamiento (EIA producto 57),
2014,gas_natural_produccion_bcf,772.62157,772.62157,25.969430012800405,BCF,eia.csv,publicado_por_proveedor_estado_no_desagregado,identidad,,,no_archivada; no inferir del periodo ni del mtime,False,EIA,D2_energia,positive,auxiliar,False,False,False,Produccion de gas natural,
2014,electricidad_generacion_bkwh,115.2271,115.2271,68.49256440500349,bkWh,eia.csv,publicado_por_proveedor_estado_no_desagregado,identidad,,,no_archivada; no inferir del periodo ni del mtime,False,EIA,D2_energia,positive,auxiliar,False,False,False,Generacion electrica,
2014,luminosidad_nocturna_idx,,,,nW/cm2/sr,blackmarble_qa_monthly.csv,sin_dato,media_de_meses_publicados_minimo_3,,,no_archivada; no inferir del periodo ni del mtime,False,VIIRS,D2_energia,positive,core_anual,True,False,False,Luminosidad nocturna satelital,"NASA Black Marble VNP46A3, media nacional con mascara poligonal exacta. Sustituyo a la serie de Li et al. el 2026-08-11: mismo fenomeno con 2 meses de rezago en vez de 2 anios. Cubre 2014-2026; no se empalma con la anterior."
2014,cpi_score,19.0,19.0,90.0,0-100,cpi.csv,publicado_por_proveedor_estado_no_desagregado,identidad,,,no_archivada; no inferir del periodo ni del mtime,False,CPI,D3_institucional,positive,core_anual,True,False,False,Indice de percepcion de corrupcion,CPI comparable solo desde 2012; registros anteriores conservados en raw y excluidos del indice.
2014,wgi_promedio_sc,30.06898008333333,30.06898008333333,34.04804075797587,percentil 0-100,wgi.csv,publicado_por_proveedor_estado_no_desagregado,identidad,,,no_archivada; no inferir del periodo ni del mtime,False,WGI,D3_institucional,positive,core_anual,True,False,False,Promedio WGI de gobernanza,
2014,freedom_house_score,35.0,35.0,84.61538461538461,0-100,freedom_house.csv,publicado_por_proveedor_estado_no_desagregado,identidad,,,no_archivada; no inferir del periodo ni del mtime,False,FREEDOM_HOUSE,D3_institucional,positive,core_anual,True,False,False,Freedom House aggregate score,
2014,wjp_rule_of_law,0.3105,0.3105,51.36501516683521,0-1,wjp.csv,publicado_por_proveedor_estado_no_desagregado,identidad,,,no_archivada; no inferir del periodo ni del mtime,False,WJP,D3_institucional,positive,core_anual,True,False,False,World Justice Project Rule of Law,Ediciones dobles asignadas solo al año final (2012-2013 a 2013; 2017-2018 a 2018).
2014,pts_terror_politico,3.33,3.33,66.8,1-5,,publicado_por_proveedor_estado_no_desagregado,identidad,,,no_archivada; no inferir del periodo ni del mtime,False,PTS,D3_institucional,negative,core_anual,True,False,False,Political Terror Scale,
2014,exportaciones_pct_pib,43.4511434511435,43.4511434511435,92.06584405090254,% PIB,wdi.csv,publicado_por_proveedor_estado_no_desagregado,identidad,,,no_archivada; no inferir del periodo ni del mtime,False,WDI,D4_comercial,positive,core_anual,True,False,False,Exportaciones de bienes y servicios,
2014,desempleo_pct,8.0,8.0,97.87234042553192,%,imf.csv,WEO_estimaciones_y_proyecciones_estado_individual_no_verificado,identidad,,,no_archivada; no inferir del periodo ni del mtime,False,IMF,D4_comercial,negative,auxiliar,False,False,False,Tasa de desempleo,
2014,migrantes_vzla_millones,0.0128,0.0128,99.29463459759482,millones,unhcr.csv,publicado_por_proveedor_estado_no_desagregado,identidad,,,no_archivada; no inferir del periodo ni del mtime,False,UNHCR,D4_comercial,negative,core_anual,True,False,False,Refugiados y solicitantes de asilo venezolanos,
2014,lsci_conectividad_maritima,87.61,87.61,66.35350666375355,indice (base promedio Q1 2023 = 100),unctad.csv,publicado_por_proveedor_estado_no_desagregado,identidad,,,no_archivada; no inferir del periodo ni del mtime,False,UNCTAD,D4_comercial,positive,core_anual,True,False,False,Liner Shipping Connectivity Index,No es una escala acotada 0-100. Promedio de trimestres publicados; años parciales se identifican.
2014,hdi,0.77,0.77,96.1038961038961,0-1,hdi.csv,publicado_por_proveedor_estado_no_desagregado,identidad,,,no_archivada; no inferir del periodo ni del mtime,False,HDI,D5_capital_humano,positive,core_anual,True,False,False,Indice de Desarrollo Humano,
2014,esperanza_vida_anos,72.837,72.837,78.05925289823972,anos,wdi.csv,publicado_por_proveedor_estado_no_desagregado,identidad,,,no_archivada; no inferir del periodo ni del mtime,False,WDI,D5_capital_humano,positive,core_anual,True,False,False,Esperanza de vida al nacer,
2014,mortalidad_infantil_x1000,15.8,15.8,79.41176470588235,muertes por 1.000 nacidos vivos,wdi.csv,publicado_por_proveedor_estado_no_desagregado,identidad,,,no_archivada; no inferir del periodo ni del mtime,False,WDI,D5_capital_humano,negative,core_anual,True,False,False,Mortalidad infantil,
2014,acceso_electricidad_pct,100.0,100.0,100.0,% poblacion,wdi.csv,publicado_por_proveedor_estado_no_desagregado,identidad,,,no_archivada; no inferir del periodo ni del mtime,False,WDI,D5_capital_humano,positive,core_anual,True,False,False,Acceso a electricidad,
2014,empleo_vulnerable_oit_pct,31.55,31.55,77.07774798927612,% empleo,ilostat.csv,estimacion_modelada_OIT_distribuida_WDI,identidad,,,no_archivada; no inferir del periodo ni del mtime,False,WDI,D5_capital_humano,negative,core_anual,True,False,False,Empleo vulnerable (estimacion modelada OIT),OIT ILOEST distribuido por WDI SL.EMP.VULN.ZS: cuenta propia y familiares auxiliares. No equivale a empleo informal ni a una observacion directa; no sustituye otras series.
2014,guardian_tono_titulares,-0.2376,-0.2376,33.30905559601845,VADER compound,guardian.csv,publicado_por_proveedor_estado_no_desagregado,identidad,,,no_archivada; no inferir del periodo ni del mtime,False,GUARDIAN,D6_percepcion,positive,core_anual,True,True,False,Tono de titulares internacionales,
2014,guardian_articulos_venezuela,312.0,312.0,76.47714604236343,articulos,guardian.csv,publicado_por_proveedor_estado_no_desagregado,identidad,,,no_archivada; no inferir del periodo ni del mtime,False,GUARDIAN,D6_percepcion,negative,core_anual,True,True,False,Volumen de cobertura internacional,
2014,ied_neta_usd,1135000000.0,1135000000.0,32.494279176201374,USD,wdi.csv,publicado_por_proveedor_estado_no_desagregado,identidad,,,no_archivada; no inferir del periodo ni del mtime,False,WDI,D4_comercial,positive,outcome_externo,False,False,True,Inversion extranjera directa neta,Outcome externo usado para validacion ICIV -> IED; no entra al score.
2014,brent_precio_usd,98.9696062992126,98.9696062992126,85.53511817697814,USD/barril,fred.csv,publicado_por_proveedor_estado_no_desagregado,identidad,,,no_archivada; no inferir del periodo ni del mtime,False,FRED,D1_macro,positive,pulse_mensual,False,True,False,Precio Brent del petroleo,
2014,usd_index_broad,95.58756504065042,95.58756504065042,80.03639570549886,indice,fred.csv,publicado_por_proveedor_estado_no_desagregado,identidad,,,no_archivada; no inferir del periodo ni del mtime,False,FRED,D1_macro,negative,pulse_mensual,False,True,False,Indice amplio del dolar,
2014,vix_volatility,14.175992063492064,14.175992063492064,85.71716306053048,indice,fred.csv,publicado_por_proveedor_estado_no_desagregado,identidad,,,no_archivada; no inferir del periodo ni del mtime,False,FRED,D1_macro,negative,pulse_mensual,False,True,False,VIX volatilidad financiera,
2014,ust_10y_yield_pct,2.53956,2.53956,67.89860896924233,%,fred.csv,publicado_por_proveedor_estado_no_desagregado,identidad,,,no_archivada; no inferir del periodo ni del mtime,False,FRED,D1_macro,negative,pulse_mensual,False,True,False,Treasury 10Y yield,
2015,inflacion_ipc_imf_pct,121.7,2.085290578230065,73.41988152464305,% anual,imf.csv,WEO_estimaciones_y_proyecciones_estado_individual_no_verificado,log10_porcentaje_positivo; no se imputan valores no positivos,,,no_archivada; no inferir del periodo ni del mtime,False,IMF,D1_macro,negative,core_anual,True,False,False,Inflacion de precios al consumidor (FMI),"IMF WEO PCPIPCH: variacion porcentual anual del IPC, no deflactor del PIB. Incluye estimaciones y proyecciones del proveedor; el estado se declara por observacion. Se transforma a log10 antes de normalizar; los valores originales se conservan."
2015,pib_crecimiento_real_pct,-6.18729096989966,-6.18729096989966,49.21166523976998,%,wdi.csv,publicado_por_proveedor_estado_no_desagregado,identidad,,,no_archivada; no inferir del periodo ni del mtime,False,WDI,D1_macro,positive,core_anual,True,False,False,Crecimiento real del PIB,
2015,reservas_internacionales_usd,15625329211.5224,15625329211.5224,17.526364888963986,USD,wdi.csv,publicado_por_proveedor_estado_no_desagregado,identidad,,,no_archivada; no inferir del periodo ni del mtime,False,WDI,D1_macro,positive,auxiliar,False,False,False,Reservas internacionales,Faltantes recientes se muestran como faltantes; no se hace forward-fill.
2015,tipo_cambio_oficial_lcu_usd,6.2842,0.7982499983784683,17.203237037842612,LCU/USD en denominacion del proveedor,wdi.csv,publicado_por_proveedor_estado_no_desagregado,log10_BsF_equivalente;2018_2021:x1e5;2022_en_adelante:x1e11,,,no_archivada; no inferir del periodo ni del mtime,False,WDI,D1_macro,negative,auxiliar,False,False,False,Tipo de cambio oficial (unidad original WDI),
2015,wti_precio_usd,48.656706349206345,48.656706349206345,30.76955381718582,USD/barril,fred.csv,publicado_por_proveedor_estado_no_desagregado,identidad,,,no_archivada; no inferir del periodo ni del mtime,False,FRED,D1_macro,positive,core_anual,True,True,False,Precio WTI del petroleo,
2015,tasa_fed_funds_pct,0.1325,0.1325,99.14715039935021,%,fred.csv,publicado_por_proveedor_estado_no_desagregado,identidad,,,no_archivada; no inferir del periodo ni del mtime,False,FRED,D1_macro,negative,core_anual,True,True,False,Tasa efectiva de fondos federales de EE. UU.,
2015,petroleo_crudo_produccion_tbpd,2489.47397260274,2489.47397260274,82.92260944543767,mil barriles/dia,eia.csv,publicado_por_proveedor_estado_no_desagregado,identidad,,,no_archivada; no inferir del periodo ni del mtime,False,EIA,D2_energia,positive,core_anual,True,False,False,Produccion de crudo y condensado de arrendamiento (EIA producto 57),
2015,gas_natural_produccion_bcf,918.295945,918.295945,57.028838189895424,BCF,eia.csv,publicado_por_proveedor_estado_no_desagregado,identidad,,,no_archivada; no inferir del periodo ni del mtime,False,EIA,D2_energia,positive,auxiliar,False,False,False,Produccion de gas natural,
2015,electricidad_generacion_bkwh,127.5083,127.5083,87.93274999171568,bkWh,eia.csv,publicado_por_proveedor_estado_no_desagregado,identidad,,,no_archivada; no inferir del periodo ni del mtime,False,EIA,D2_energia,positive,auxiliar,False,False,False,Generacion electrica,
2015,luminosidad_nocturna_idx,,,,nW/cm2/sr,blackmarble_qa_monthly.csv,sin_dato,media_de_meses_publicados_minimo_3,,,no_archivada; no inferir del periodo ni del mtime,False,VIIRS,D2_energia,positive,core_anual,True,False,False,Luminosidad nocturna satelital,"NASA Black Marble VNP46A3, media nacional con mascara poligonal exacta. Sustituyo a la serie de Li et al. el 2026-08-11: mismo fenomeno con 2 meses de rezago en vez de 2 anios. Cubre 2014-2026; no se empalma con la anterior."
2015,cpi_score,17.0,17.0,70.0,0-100,cpi.csv,publicado_por_proveedor_estado_no_desagregado,identidad,,,no_archivada; no inferir del periodo ni del mtime,False,CPI,D3_institucional,positive,core_anual,True,False,False,Indice de percepcion de corrupcion,CPI comparable solo desde 2012; registros anteriores conservados en raw y excluidos del indice.
2015,wgi_promedio_sc,29.172213216666666,29.172213216666663,29.436733435569618,percentil 0-100,wgi.csv,publicado_por_proveedor_estado_no_desagregado,identidad,,,no_archivada; no inferir del periodo ni del mtime,False,WGI,D3_institucional,positive,core_anual,True,False,False,Promedio WGI de gobernanza,
2015,freedom_house_score,35.0,35.0,84.61538461538461,0-100,freedom_house.csv,publicado_por_proveedor_estado_no_desagregado,identidad,,,no_archivada; no inferir del periodo ni del mtime,False,FREEDOM_HOUSE,D3_institucional,positive,core_anual,True,False,False,Freedom House aggregate score,
2015,wjp_rule_of_law,0.3128,0.3128,53.69059656218407,0-1,wjp.csv,publicado_por_proveedor_estado_no_desagregado,identidad,,,no_archivada; no inferir del periodo ni del mtime,False,WJP,D3_institucional,positive,core_anual,True,False,False,World Justice Project Rule of Law,Ediciones dobles asignadas solo al año final (2012-2013 a 2013; 2017-2018 a 2018).
2015,pts_terror_politico,3.33,3.33,66.8,1-5,,publicado_por_proveedor_estado_no_desagregado,identidad,,,no_archivada; no inferir del periodo ni del mtime,False,PTS,D3_institucional,negative,core_anual,True,False,False,Political Terror Scale,
2015,exportaciones_pct_pib,40.7547169811321,40.7547169811321,86.35255875699707,% PIB,wdi.csv,publicado_por_proveedor_estado_no_desagregado,identidad,,,no_archivada; no inferir del periodo ni del mtime,False,WDI,D4_comercial,positive,core_anual,True,False,False,Exportaciones de bienes y servicios,
2015,desempleo_pct,12.5,12.5,81.91489361702128,%,imf.csv,WEO_estimaciones_y_proyecciones_estado_individual_no_verificado,identidad,,,no_archivada; no inferir del periodo ni del mtime,False,IMF,D4_comercial,negative,auxiliar,False,False,False,Tasa de desempleo,
2015,migrantes_vzla_millones,0.0225,0.0225,98.73381128584644,millones,unhcr.csv,publicado_por_proveedor_estado_no_desagregado,identidad,,,no_archivada; no inferir del periodo ni del mtime,False,UNHCR,D4_comercial,negative,core_anual,True,False,False,Refugiados y solicitantes de asilo venezolanos,
2015,lsci_conectividad_maritima,73.1,73.1,50.50251256281406,indice (base promedio Q1 2023 = 100),unctad.csv,publicado_por_proveedor_estado_no_desagregado,identidad,,,no_archivada; no inferir del periodo ni del mtime,False,UNCTAD,D4_comercial,positive,core_anual,True,False,False,Liner Shipping Connectivity Index,No es una escala acotada 0-100. Promedio de trimestres publicados; años parciales se identifican.
2015,hdi,0.768,0.768,93.5064935064935,0-1,hdi.csv,publicado_por_proveedor_estado_no_desagregado,identidad,,,no_archivada; no inferir del periodo ni del mtime,False,HDI,D5_capital_humano,positive,core_anual,True,False,False,Indice de Desarrollo Humano,
2015,esperanza_vida_anos,73.004,73.004,85.22971232288558,anos,wdi.csv,publicado_por_proveedor_estado_no_desagregado,identidad,,,no_archivada; no inferir del periodo ni del mtime,False,WDI,D5_capital_humano,positive,core_anual,True,False,False,Esperanza de vida al nacer,
2015,mortalidad_infantil_x1000,16.5,16.5,69.11764705882352,muertes por 1.000 nacidos vivos,wdi.csv,publicado_por_proveedor_estado_no_desagregado,identidad,,,no_archivada; no inferir del periodo ni del mtime,False,WDI,D5_capital_humano,negative,core_anual,True,False,False,Mortalidad infantil,
2015,acceso_electricidad_pct,100.0,100.0,100.0,% poblacion,wdi.csv,publicado_por_proveedor_estado_no_desagregado,identidad,,,no_archivada; no inferir del periodo ni del mtime,False,WDI,D5_capital_humano,positive,core_anual,True,False,False,Acceso a electricidad,
2015,empleo_vulnerable_oit_pct,31.56,31.56,76.9436997319035,% empleo,ilostat.csv,estimacion_modelada_OIT_distribuida_WDI,identidad,,,no_archivada; no inferir del periodo ni del mtime,False,WDI,D5_capital_humano,negative,core_anual,True,False,False,Empleo vulnerable (estimacion modelada OIT),OIT ILOEST distribuido por WDI SL.EMP.VULN.ZS: cuenta propia y familiares auxiliares. No equivale a empleo informal ni a una observacion directa; no sustituye otras series.
2015,guardian_tono_titulares,-0.0833,-0.0833,70.76960427288176,VADER compound,guardian.csv,publicado_por_proveedor_estado_no_desagregado,identidad,,,no_archivada; no inferir del periodo ni del mtime,False,GUARDIAN,D6_percepcion,positive,core_anual,True,True,False,Tono de titulares internacionales,
2015,guardian_articulos_venezuela,316.0,316.0,76.03121516164994,articulos,guardian.csv,publicado_por_proveedor_estado_no_desagregado,identidad,,,no_archivada; no inferir del periodo ni del mtime,False,GUARDIAN,D6_percepcion,negative,core_anual,True,True,False,Volumen de cobertura internacional,
2015,ied_neta_usd,2956000000.0,2956000000.0,58.538329519450805,USD,wdi.csv,publicado_por_proveedor_estado_no_desagregado,identidad,,,no_archivada; no inferir del periodo ni del mtime,False,WDI,D4_comercial,positive,outcome_externo,False,False,True,Inversion extranjera directa neta,Outcome externo usado para validacion ICIV -> IED; no entra al score.
2015,brent_precio_usd,52.31654901960784,52.31654901960784,31.98168058858965,USD/barril,fred.csv,publicado_por_proveedor_estado_no_desagregado,identidad,,,no_archivada; no inferir del periodo ni del mtime,False,FRED,D1_macro,positive,pulse_mensual,False,True,False,Precio Brent del petroleo,
2015,usd_index_broad,108.16961726907633,108.16961726907633,43.15652140748982,indice,fred.csv,publicado_por_proveedor_estado_no_desagregado,identidad,,,no_archivada; no inferir del periodo ni del mtime,False,FRED,D1_macro,negative,pulse_mensual,False,True,False,Indice amplio del dolar,
2015,vix_volatility,16.674126984126985,16.674126984126985,74.15419820339181,indice,fred.csv,publicado_por_proveedor_estado_no_desagregado,identidad,,,no_archivada; no inferir del periodo ni del mtime,False,FRED,D1_macro,negative,pulse_mensual,False,True,False,VIX volatilidad financiera,
2015,ust_10y_yield_pct,2.138286852589641,2.138286852589641,75.70384606442914,%,fred.csv,publicado_por_proveedor_estado_no_desagregado,identidad,,,no_archivada; no inferir del periodo ni del mtime,False,FRED,D1_macro,negative,pulse_mensual,False,True,False,Treasury 10Y yield,
2016,inflacion_ipc_imf_pct,254.9,2.406369835469268,64.78522702242643,% anual,imf.csv,WEO_estimaciones_y_proyecciones_estado_individual_no_verificado,log10_porcentaje_positivo; no se imputan valores no positivos,,,no_archivada; no inferir del periodo ni del mtime,False,IMF,D1_macro,negative,core_anual,True,False,False,Inflacion de precios al consumidor (FMI),"IMF WEO PCPIPCH: variacion porcentual anual del IPC, no deflactor del PIB. Incluye estimaciones y proyecciones del proveedor; el estado se declara por observacion. Se transforma a log10 antes de normalizar; los valores originales se conservan."
2016,pib_crecimiento_real_pct,-17.1122994652406,-17.1122994652406,26.466320665215804,%,wdi.csv,publicado_por_proveedor_estado_no_desagregado,identidad,,,no_archivada; no inferir del periodo ni del mtime,False,WDI,D1_macro,positive,core_anual,True,False,False,Crecimiento real del PIB,
2016,reservas_internacionales_usd,10150000483.5116,10150000483.5116,1.069802917671331,USD,wdi.csv,publicado_por_proveedor_estado_no_desagregado,identidad,,,no_archivada; no inferir del periodo ni del mtime,False,WDI,D1_macro,positive,auxiliar,False,False,False,Reservas internacionales,Faltantes recientes se muestran como faltantes; no se hace forward-fill.
2016,tipo_cambio_oficial_lcu_usd,9.25734444444167,0.966486423126211,2.779987861841567,LCU/USD en denominacion del proveedor,wdi.csv,publicado_por_proveedor_estado_no_desagregado,log10_BsF_equivalente;2018_2021:x1e5;2022_en_adelante:x1e11,,,no_archivada; no inferir del periodo ni del mtime,False,WDI,D1_macro,negative,auxiliar,False,False,False,Tipo de cambio oficial (unidad original WDI),
2016,wti_precio_usd,43.29365079365079,43.29365079365079,23.491533304696393,USD/barril,fred.csv,publicado_por_proveedor_estado_no_desagregado,identidad,,,no_archivada; no inferir del periodo ni del mtime,False,FRED,D1_macro,positive,core_anual,True,True,False,Precio WTI del petroleo,
2016,tasa_fed_funds_pct,0.395,0.395,94.88290239610126,%,fred.csv,publicado_por_proveedor_estado_no_desagregado,identidad,,,no_archivada; no inferir del periodo ni del mtime,False,FRED,D1_macro,negative,core_anual,True,True,False,Tasa efectiva de fondos federales de EE. UU.,
2016,petroleo_crudo_produccion_tbpd,2254.4535519125684,2254.4535519125684,72.99171053846865,mil barriles/dia,eia.csv,publicado_por_proveedor_estado_no_desagregado,identidad,,,no_archivada; no inferir del periodo ni del mtime,False,EIA,D2_energia,positive,core_anual,True,False,False,Produccion de crudo y condensado de arrendamiento (EIA producto 57),
2016,gas_natural_produccion_bcf,971.9389743,971.9389743,68.46613279222046,BCF,eia.csv,publicado_por_proveedor_estado_no_desagregado,identidad,,,no_archivada; no inferir del periodo ni del mtime,False,EIA,D2_energia,positive,auxiliar,False,False,False,Produccion de gas natural,
2016,electricidad_generacion_bkwh,116.933,116.933,71.19287158934807,bkWh,eia.csv,publicado_por_proveedor_estado_no_desagregado,identidad,,,no_archivada; no inferir del periodo ni del mtime,False,EIA,D2_energia,positive,auxiliar,False,False,False,Generacion electrica,
2016,luminosidad_nocturna_idx,,,,nW/cm2/sr,blackmarble_qa_monthly.csv,sin_dato,media_de_meses_publicados_minimo_3,,,no_archivada; no inferir del periodo ni del mtime,False,VIIRS,D2_energia,positive,core_anual,True,False,False,Luminosidad nocturna satelital,"NASA Black Marble VNP46A3, media nacional con mascara poligonal exacta. Sustituyo a la serie de Li et al. el 2026-08-11: mismo fenomeno con 2 meses de rezago en vez de 2 anios. Cubre 2014-2026; no se empalma con la anterior."
2016,cpi_score,17.0,17.0,70.0,0-100,cpi.csv,publicado_por_proveedor_estado_no_desagregado,identidad,,,no_archivada; no inferir del periodo ni del mtime,False,CPI,D3_institucional,positive,core_anual,True,False,False,Indice de percepcion de corrupcion,CPI comparable solo desde 2012; registros anteriores conservados en raw y excluidos del indice.
2016,wgi_promedio_sc,28.79841801666667,28.79841801666667,27.5146234570338,percentil 0-100,wgi.csv,publicado_por_proveedor_estado_no_desagregado,identidad,,,no_archivada; no inferir del periodo ni del mtime,False,WGI,D3_institucional,positive,core_anual,True,False,False,Promedio WGI de gobernanza,
2016,freedom_house_score,30.0,30.0,65.38461538461539,0-100,freedom_house.csv,publicado_por_proveedor_estado_no_desagregado,identidad,,,no_archivada; no inferir del periodo ni del mtime,False,FREEDOM_HOUSE,D3_institucional,positive,core_anual,True,False,False,Freedom House aggregate score,
2016,wjp_rule_of_law,0.2775,0.2775,17.997977755308433,0-1,wjp.csv,publicado_por_proveedor_estado_no_desagregado,identidad,,,no_archivada; no inferir del periodo ni del mtime,False,WJP,D3_institucional,positive,core_anual,True,False,False,World Justice Project Rule of Law,Ediciones dobles asignadas solo al año final (2012-2013 a 2013; 2017-2018 a 2018).
2016,pts_terror_politico,3.67,3.67,53.2,1-5,,publicado_por_proveedor_estado_no_desagregado,identidad,,,no_archivada; no inferir del periodo ni del mtime,False,PTS,D3_institucional,negative,core_anual,True,False,False,Political Terror Scale,
2016,exportaciones_pct_pib,31.1977715877437,31.1977715877437,66.10295945289562,% PIB,wdi.csv,publicado_por_proveedor_estado_no_desagregado,identidad,,,no_archivada; no inferir del periodo ni del mtime,False,WDI,D4_comercial,positive,core_anual,True,False,False,Exportaciones de bienes y servicios,
2016,desempleo_pct,20.9,20.9,52.12765957446809,%,imf.csv,WEO_estimaciones_y_proyecciones_estado_individual_no_verificado,identidad,,,no_archivada; no inferir del periodo ni del mtime,False,IMF,D4_comercial,negative,auxiliar,False,False,False,Tasa de desempleo,
2016,migrantes_vzla_millones,0.0526,0.0526,96.99352451433857,millones,unhcr.csv,publicado_por_proveedor_estado_no_desagregado,identidad,,,no_archivada; no inferir del periodo ni del mtime,False,UNHCR,D4_comercial,negative,core_anual,True,False,False,Refugiados y solicitantes de asilo venezolanos,
2016,lsci_conectividad_maritima,63.46,63.46,39.97159711601486,indice (base promedio Q1 2023 = 100),unctad.csv,publicado_por_proveedor_estado_no_desagregado,identidad,,,no_archivada; no inferir del periodo ni del mtime,False,UNCTAD,D4_comercial,positive,core_anual,True,False,False,Liner Shipping Connectivity Index,No es una escala acotada 0-100. Promedio de trimestres publicados; años parciales se identifican.
2016,hdi,0.761,0.761,84.4155844155844,0-1,hdi.csv,publicado_por_proveedor_estado_no_desagregado,identidad,,,no_archivada; no inferir del periodo ni del mtime,False,HDI,D5_capital_humano,positive,core_anual,True,False,False,Indice de Desarrollo Humano,
2016,esperanza_vida_anos,72.002,72.002,42.20695577501042,anos,wdi.csv,publicado_por_proveedor_estado_no_desagregado,identidad,,,no_archivada; no inferir del periodo ni del mtime,False,WDI,D5_capital_humano,positive,core_anual,True,False,False,Esperanza de vida al nacer,
2016,mortalidad_infantil_x1000,21.2,21.2,0.0,muertes por 1.000 nacidos vivos,wdi.csv,publicado_por_proveedor_estado_no_desagregado,identidad,,,no_archivada; no inferir del periodo ni del mtime,False,WDI,D5_capital_humano,negative,core_anual,True,False,False,Mortalidad infantil,
2016,acceso_electricidad_pct,99.4,99.4,86.0465116279071,% poblacion,wdi.csv,publicado_por_proveedor_estado_no_desagregado,identidad,,,no_archivada; no inferir del periodo ni del mtime,False,WDI,D5_capital_humano,positive,core_anual,True,False,False,Acceso a electricidad,
2016,empleo_vulnerable_oit_pct,31.65,31.65,75.7372654155496,% empleo,ilostat.csv,estimacion_modelada_OIT_distribuida_WDI,identidad,,,no_archivada; no inferir del periodo ni del mtime,False,WDI,D5_capital_humano,negative,core_anual,True,False,False,Empleo vulnerable (estimacion modelada OIT),OIT ILOEST distribuido por WDI SL.EMP.VULN.ZS: cuenta propia y familiares auxiliares. No equivale a empleo informal ni a una observacion directa; no sustituye otras series.
2016,guardian_tono_titulares,-0.1463,-0.1463,55.47462976450595,VADER compound,guardian.csv,publicado_por_proveedor_estado_no_desagregado,identidad,,,no_archivada; no inferir del periodo ni del mtime,False,GUARDIAN,D6_percepcion,positive,core_anual,True,True,False,Tono de titulares internacionales,
2016,guardian_articulos_venezuela,399.0,399.0,66.77814938684504,articulos,guardian.csv,publicado_por_proveedor_estado_no_desagregado,identidad,,,no_archivada; no inferir del periodo ni del mtime,False,GUARDIAN,D6_percepcion,negative,core_anual,True,True,False,Volumen de cobertura internacional,
2016,ied_neta_usd,1587000000.0,1587000000.0,38.95881006864988,USD,wdi.csv,publicado_por_proveedor_estado_no_desagregado,identidad,,,no_archivada; no inferir del periodo ni del mtime,False,WDI,D4_comercial,positive,outcome_externo,False,False,True,Inversion extranjera directa neta,Outcome externo usado para validacion ICIV -> IED; no entra al score.
2016,brent_precio_usd,43.638000000000005,43.638000000000005,22.01950103637155,USD/barril,fred.csv,publicado_por_proveedor_estado_no_desagregado,identidad,,,no_archivada; no inferir del periodo ni del mtime,False,FRED,D1_macro,positive,pulse_mensual,False,True,False,Precio Brent del petroleo,
2016,usd_index_broad,113.06646008064516,113.06646008064516,28.80314374945087,indice,fred.csv,publicado_por_proveedor_estado_no_desagregado,identidad,,,no_archivada; no inferir del periodo ni del mtime,False,FRED,D1_macro,negative,pulse_mensual,False,True,False,Indice amplio del dolar,
2016,vix_volatility,15.82563492063492,15.82563492063492,78.08156170593085,indice,fred.csv,publicado_por_proveedor_estado_no_desagregado,identidad,,,no_archivada; no inferir del periodo ni del mtime,False,FRED,D1_macro,negative,pulse_mensual,False,True,False,VIX volatilidad financiera,
2016,ust_10y_yield_pct,1.83744,1.83744,81.55567300315404,%,fred.csv,publicado_por_proveedor_estado_no_desagregado,identidad,,,no_archivada; no inferir del periodo ni del mtime,False,FRED,D1_macro,negative,pulse_mensual,False,True,False,Treasury 10Y yield,
2017,inflacion_ipc_imf_pct,438.1,2.6415732531781755,58.459996712877214,% anual,imf.csv,WEO_estimaciones_y_proyecciones_estado_individual_no_verificado,log10_porcentaje_positivo; no se imputan valores no positivos,,,no_archivada; no inferir del periodo ni del mtime,False,IMF,D1_macro,negative,core_anual,True,False,False,Inflacion de precios al consumidor (FMI),"IMF WEO PCPIPCH: variacion porcentual anual del IPC, no deflactor del PIB. Incluye estimaciones y proyecciones del proveedor; el estado se declara por observacion. Se transforma a log10 antes de normalizar; los valores originales se conservan."
2017,pib_crecimiento_real_pct,-15.6989247311828,-15.6989247311828,29.40889918612251,%,wdi.csv,publicado_por_proveedor_estado_no_desagregado,identidad,,,no_archivada; no inferir del periodo ni del mtime,False,WDI,D1_macro,positive,core_anual,True,False,False,Crecimiento real del PIB,
2017,reservas_internacionales_usd,9794062064.62109,9794062064.62109,0.0,USD,wdi.csv,publicado_por_proveedor_estado_no_desagregado,identidad,,,no_archivada; no inferir del periodo ni del mtime,False,WDI,D1_macro,positive,auxiliar,False,False,False,Reservas internacionales,Faltantes recientes se muestran como faltantes; no se hace forward-fill.
2017,tipo_cambio_oficial_lcu_usd,9.975,0.9989129043587858,0.0,LCU/USD en denominacion del proveedor,wdi.csv,publicado_por_proveedor_estado_no_desagregado,log10_BsF_equivalente;2018_2021:x1e5;2022_en_adelante:x1e11,,,no_archivada; no inferir del periodo ni del mtime,False,WDI,D1_macro,negative,auxiliar,False,False,False,Tipo de cambio oficial (unidad original WDI),
2017,wti_precio_usd,50.80032,50.80032,33.67857908453874,USD/barril,fred.csv,publicado_por_proveedor_estado_no_desagregado,identidad,,,no_archivada; no inferir del periodo ni del mtime,False,FRED,D1_macro,positive,core_anual,True,True,False,Precio WTI del petroleo,
2017,tasa_fed_funds_pct,1.0016666666666667,1.0016666666666667,85.02775145525924,%,fred.csv,publicado_por_proveedor_estado_no_desagregado,identidad,,,no_archivada; no inferir del periodo ni del mtime,False,FRED,D1_macro,negative,core_anual,True,True,False,Tasa efectiva de fondos federales de EE. UU.,
2017,petroleo_crudo_produccion_tbpd,1997.4054794520548,1997.4054794520548,62.130022799419514,mil barriles/dia,eia.csv,publicado_por_proveedor_estado_no_desagregado,identidad,,,no_archivada; no inferir del periodo ni del mtime,False,EIA,D2_energia,positive,core_anual,True,False,False,Produccion de crudo y condensado de arrendamiento (EIA producto 57),
2017,gas_natural_produccion_bcf,956.3651916,956.3651916,65.14562790767448,BCF,eia.csv,publicado_por_proveedor_estado_no_desagregado,identidad,,,no_archivada; no inferir del periodo ni del mtime,False,EIA,D2_energia,positive,auxiliar,False,False,False,Produccion de gas natural,
2017,electricidad_generacion_bkwh,103.8015,103.8015,50.406727154609534,bkWh,eia.csv,publicado_por_proveedor_estado_no_desagregado,identidad,,,no_archivada; no inferir del periodo ni del mtime,False,EIA,D2_energia,positive,auxiliar,False,False,False,Generacion electrica,
2017,luminosidad_nocturna_idx,,,,nW/cm2/sr,blackmarble_qa_monthly.csv,sin_dato,media_de_meses_publicados_minimo_3,,,no_archivada; no inferir del periodo ni del mtime,False,VIIRS,D2_energia,positive,core_anual,True,False,False,Luminosidad nocturna satelital,"NASA Black Marble VNP46A3, media nacional con mascara poligonal exacta. Sustituyo a la serie de Li et al. el 2026-08-11: mismo fenomeno con 2 meses de rezago en vez de 2 anios. Cubre 2014-2026; no se empalma con la anterior."
2017,cpi_score,18.0,18.0,80.0,0-100,cpi.csv,publicado_por_proveedor_estado_no_desagregado,identidad,,,no_archivada; no inferir del periodo ni del mtime,False,CPI,D3_institucional,positive,core_anual,True,False,False,Indice de percepcion de corrupcion,CPI comparable solo desde 2012; registros anteriores conservados en raw y excluidos del indice.
2017,wgi_promedio_sc,27.462250049999998,27.46225005,20.643850954524538,percentil 0-100,wgi.csv,publicado_por_proveedor_estado_no_desagregado,identidad,,,no_archivada; no inferir del periodo ni del mtime,False,WGI,D3_institucional,positive,core_anual,True,False,False,Promedio WGI de gobernanza,
2017,freedom_house_score,26.0,26.0,50.0,0-100,freedom_house.csv,publicado_por_proveedor_estado_no_desagregado,identidad,,,no_archivada; no inferir del periodo ni del mtime,False,FREEDOM_HOUSE,D3_institucional,positive,core_anual,True,False,False,Freedom House aggregate score,
2017,wjp_rule_of_law,,,,0-1,wjp.csv,sin_dato,identidad,,,no_archivada; no inferir del periodo ni del mtime,False,WJP,D3_institucional,positive,core_anual,True,False,False,World Justice Project Rule of Law,Ediciones dobles asignadas solo al año final (2012-2013 a 2013; 2017-2018 a 2018).
2017,pts_terror_politico,4.33,4.33,26.799999999999997,1-5,,publicado_por_proveedor_estado_no_desagregado,identidad,,,no_archivada; no inferir del periodo ni del mtime,False,PTS,D3_institucional,negative,core_anual,True,False,False,Political Terror Scale,
2017,exportaciones_pct_pib,33.3333333333333,33.3333333333333,70.62786441544502,% PIB,wdi.csv,publicado_por_proveedor_estado_no_desagregado,identidad,,,no_archivada; no inferir del periodo ni del mtime,False,WDI,D4_comercial,positive,core_anual,True,False,False,Exportaciones de bienes y servicios,
2017,desempleo_pct,27.9,27.9,27.3049645390071,%,imf.csv,WEO_estimaciones_y_proyecciones_estado_individual_no_verificado,identidad,,,no_archivada; no inferir del periodo ni del mtime,False,IMF,D4_comercial,negative,auxiliar,False,False,False,Tasa de desempleo,
2017,migrantes_vzla_millones,0.1574,0.1574,90.93432007400554,millones,unhcr.csv,publicado_por_proveedor_estado_no_desagregado,identidad,,,no_archivada; no inferir del periodo ni del mtime,False,UNHCR,D4_comercial,negative,core_anual,True,False,False,Refugiados y solicitantes de asilo venezolanos,
2017,lsci_conectividad_maritima,49.91,49.91,25.169324885296042,indice (base promedio Q1 2023 = 100),unctad.csv,publicado_por_proveedor_estado_no_desagregado,identidad,,,no_archivada; no inferir del periodo ni del mtime,False,UNCTAD,D4_comercial,positive,core_anual,True,False,False,Liner Shipping Connectivity Index,No es una escala acotada 0-100. Promedio de trimestres publicados; años parciales se identifican.
2017,hdi,0.749,0.749,68.83116883116884,0-1,hdi.csv,publicado_por_proveedor_estado_no_desagregado,identidad,,,no_archivada; no inferir del periodo ni del mtime,False,HDI,D5_capital_humano,positive,core_anual,True,False,False,Indice de Desarrollo Humano,
2017,esperanza_vida_anos,71.903,71.903,37.956204379562166,anos,wdi.csv,publicado_por_proveedor_estado_no_desagregado,identidad,,,no_archivada; no inferir del periodo ni del mtime,False,WDI,D5_capital_humano,positive,core_anual,True,False,False,Esperanza de vida al nacer,
2017,mortalidad_infantil_x1000,21.2,21.2,0.0,muertes por 1.000 nacidos vivos,wdi.csv,publicado_por_proveedor_estado_no_desagregado,identidad,,,no_archivada; no inferir del periodo ni del mtime,False,WDI,D5_capital_humano,negative,core_anual,True,False,False,Mortalidad infantil,
2017,acceso_electricidad_pct,99.2,99.2,81.39534883720935,% poblacion,wdi.csv,publicado_por_proveedor_estado_no_desagregado,identidad,,,no_archivada; no inferir del periodo ni del mtime,False,WDI,D5_capital_humano,positive,core_anual,True,False,False,Acceso a electricidad,
2017,empleo_vulnerable_oit_pct,32.71,32.71,61.52815013404823,% empleo,ilostat.csv,estimacion_modelada_OIT_distribuida_WDI,identidad,,,no_archivada; no inferir del periodo ni del mtime,False,WDI,D5_capital_humano,negative,core_anual,True,False,False,Empleo vulnerable (estimacion modelada OIT),OIT ILOEST distribuido por WDI SL.EMP.VULN.ZS: cuenta propia y familiares auxiliares. No equivale a empleo informal ni a una observacion directa; no sustituye otras series.
2017,guardian_tono_titulares,-0.3748,-0.3748,0.0,VADER compound,guardian.csv,publicado_por_proveedor_estado_no_desagregado,identidad,,,no_archivada; no inferir del periodo ni del mtime,False,GUARDIAN,D6_percepcion,positive,core_anual,True,True,False,Tono de titulares internacionales,
2017,guardian_articulos_venezuela,324.0,324.0,75.13935340022296,articulos,guardian.csv,publicado_por_proveedor_estado_no_desagregado,identidad,,,no_archivada; no inferir del periodo ni del mtime,False,GUARDIAN,D6_percepcion,negative,core_anual,True,True,False,Volumen de cobertura internacional,
2017,ied_neta_usd,-299000000.0,-299000000.0,11.98512585812357,USD,wdi.csv,publicado_por_proveedor_estado_no_desagregado,identidad,,,no_archivada; no inferir del periodo ni del mtime,False,WDI,D4_comercial,positive,outcome_externo,False,False,True,Inversion extranjera directa neta,Outcome externo usado para validacion ICIV -> IED; no entra al score.
2017,brent_precio_usd,54.1248046875,54.1248046875,34.05739250761639,USD/barril,fred.csv,publicado_por_proveedor_estado_no_desagregado,identidad,,,no_archivada; no inferir del periodo ni del mtime,False,FRED,D1_macro,positive,pulse_mensual,False,True,False,Precio Brent del petroleo,
2017,usd_index_broad,112.81009919678716,112.81009919678716,29.554575789309133,indice,fred.csv,publicado_por_proveedor_estado_no_desagregado,identidad,,,no_archivada; no inferir del periodo ni del mtime,False,FRED,D1_macro,negative,pulse_mensual,False,True,False,Indice amplio del dolar,
2017,vix_volatility,11.0902390438247,11.0902390438247,100.0,indice,fred.csv,publicado_por_proveedor_estado_no_desagregado,identidad,,,no_archivada; no inferir del periodo ni del mtime,False,FRED,D1_macro,negative,pulse_mensual,False,True,False,VIX volatilidad financiera,
2017,ust_10y_yield_pct,2.32948,2.32948,71.98491332212242,%,fred.csv,publicado_por_proveedor_estado_no_desagregado,identidad,,,no_archivada; no inferir del periodo ni del mtime,False,FRED,D1_macro,negative,pulse_mensual,False,True,False,Treasury 10Y yield,
2018,inflacion_ipc_imf_pct,65374.1,4.815405723019128,0.0,% anual,imf.csv,WEO_estimaciones_y_proyecciones_estado_individual_no_verificado,log10_porcentaje_positivo; no se imputan valores no positivos,,,no_archivada; no inferir del periodo ni del mtime,False,IMF,D1_macro,negative,core_anual,True,False,False,Inflacion de precios al consumidor (FMI),"IMF WEO PCPIPCH: variacion porcentual anual del IPC, no deflactor del PIB. Incluye estimaciones y proyecciones del proveedor; el estado se declara por observacion. Se transforma a log10 antes de normalizar; los valores originales se conservan."
2018,pib_crecimiento_real_pct,-19.6428571428571,-19.6428571428571,21.197820748925842,%,wdi.csv,publicado_por_proveedor_estado_no_desagregado,identidad,,,no_archivada; no inferir del periodo ni del mtime,False,WDI,D1_macro,positive,core_anual,True,False,False,Crecimiento real del PIB,
2018,reservas_internacionales_usd,,,,USD,wdi.csv,sin_dato,identidad,,,no_archivada; no inferir del periodo ni del mtime,False,WDI,D1_macro,positive,auxiliar,False,False,False,Reservas internacionales,Faltantes recientes se muestran como faltantes; no se hace forward-fill.
2018,tipo_cambio_oficial_lcu_usd,,,,LCU/USD en denominacion del proveedor,wdi.csv,sin_dato,log10_BsF_equivalente;2018_2021:x1e5;2022_en_adelante:x1e11,,,no_archivada; no inferir del periodo ni del mtime,False,WDI,D1_macro,negative,auxiliar,False,False,False,Tipo de cambio oficial (unidad original WDI),
2018,wti_precio_usd,65.22746987951807,65.22746987951807,53.25717409855494,USD/barril,fred.csv,publicado_por_proveedor_estado_no_desagregado,identidad,,,no_archivada; no inferir del periodo ni del mtime,False,FRED,D1_macro,positive,core_anual,True,True,False,Precio WTI del petroleo,
2018,tasa_fed_funds_pct,1.8316666666666668,1.8316666666666668,71.5446053878435,%,fred.csv,publicado_por_proveedor_estado_no_desagregado,identidad,,,no_archivada; no inferir del periodo ni del mtime,False,FRED,D1_macro,negative,core_anual,True,True,False,Tasa efectiva de fondos federales de EE. UU.,
2018,petroleo_crudo_produccion_tbpd,1485.6219178082192,1485.6219178082192,40.50436662023278,mil barriles/dia,eia.csv,publicado_por_proveedor_estado_no_desagregado,identidad,,,no_archivada; no inferir del periodo ni del mtime,False,EIA,D2_energia,positive,core_anual,True,False,False,Produccion de crudo y condensado de arrendamiento (EIA producto 57),
2018,gas_natural_produccion_bcf,823.1799863,823.1799863,36.749050578525804,BCF,eia.csv,publicado_por_proveedor_estado_no_desagregado,identidad,,,no_archivada; no inferir del periodo ni del mtime,False,EIA,D2_energia,positive,auxiliar,False,False,False,Produccion de gas natural,
2018,electricidad_generacion_bkwh,99.71,99.71,43.93020048555171,bkWh,eia.csv,publicado_por_proveedor_estado_no_desagregado,identidad,,,no_archivada; no inferir del periodo ni del mtime,False,EIA,D2_energia,positive,auxiliar,False,False,False,Generacion electrica,
2018,luminosidad_nocturna_idx,,,,nW/cm2/sr,blackmarble_qa_monthly.csv,sin_dato,media_de_meses_publicados_minimo_3,,,no_archivada; no inferir del periodo ni del mtime,False,VIIRS,D2_energia,positive,core_anual,True,False,False,Luminosidad nocturna satelital,"NASA Black Marble VNP46A3, media nacional con mascara poligonal exacta. Sustituyo a la serie de Li et al. el 2026-08-11: mismo fenomeno con 2 meses de rezago en vez de 2 anios. Cubre 2014-2026; no se empalma con la anterior."
2018,cpi_score,18.0,18.0,80.0,0-100,cpi.csv,publicado_por_proveedor_estado_no_desagregado,identidad,,,no_archivada; no inferir del periodo ni del mtime,False,CPI,D3_institucional,positive,core_anual,True,False,False,Indice de percepcion de corrupcion,CPI comparable solo desde 2012; registros anteriores conservados en raw y excluidos del indice.
2018,wgi_promedio_sc,23.819372266666665,23.819372266666665,1.9116367957244533,percentil 0-100,wgi.csv,publicado_por_proveedor_estado_no_desagregado,identidad,,,no_archivada; no inferir del periodo ni del mtime,False,WGI,D3_institucional,positive,core_anual,True,False,False,Promedio WGI de gobernanza,
2018,freedom_house_score,19.0,19.0,23.076923076923077,0-100,freedom_house.csv,publicado_por_proveedor_estado_no_desagregado,identidad,,,no_archivada; no inferir del periodo ni del mtime,False,FREEDOM_HOUSE,D3_institucional,positive,core_anual,True,False,False,Freedom House aggregate score,
2018,wjp_rule_of_law,0.2861,0.2861,26.693629929221473,0-1,wjp.csv,publicado_por_proveedor_estado_no_desagregado,identidad,,,no_archivada; no inferir del periodo ni del mtime,False,WJP,D3_institucional,positive,core_anual,True,False,False,World Justice Project Rule of Law,Ediciones dobles asignadas solo al año final (2012-2013 a 2013; 2017-2018 a 2018).
2018,pts_terror_politico,4.0,4.0,40.0,1-5,,publicado_por_proveedor_estado_no_desagregado,identidad,,,no_archivada; no inferir del periodo ni del mtime,False,PTS,D3_institucional,negative,core_anual,True,False,False,Political Terror Scale,
2018,exportaciones_pct_pib,42.5471249801996,42.5471249801996,90.15037723105603,% PIB,wdi.csv,publicado_por_proveedor_estado_no_desagregado,identidad,,,no_archivada; no inferir del periodo ni del mtime,False,WDI,D4_comercial,positive,core_anual,True,False,False,Exportaciones de bienes y servicios,
2018,desempleo_pct,35.6,35.6,0.0,%,imf.csv,WEO_estimaciones_y_proyecciones_estado_individual_no_verificado,identidad,,,no_archivada; no inferir del periodo ni del mtime,False,IMF,D4_comercial,negative,auxiliar,False,False,False,Tasa de desempleo,
2018,migrantes_vzla_millones,0.4853,0.4853,71.97617946345976,millones,unhcr.csv,publicado_por_proveedor_estado_no_desagregado,identidad,,,no_archivada; no inferir del periodo ni del mtime,False,UNHCR,D4_comercial,negative,core_anual,True,False,False,Refugiados y solicitantes de asilo venezolanos,
2018,lsci_conectividad_maritima,50.1,50.1,25.376884422110557,indice (base promedio Q1 2023 = 100),unctad.csv,publicado_por_proveedor_estado_no_desagregado,identidad,,,no_archivada; no inferir del periodo ni del mtime,False,UNCTAD,D4_comercial,positive,core_anual,True,False,False,Liner Shipping Connectivity Index,No es una escala acotada 0-100. Promedio de trimestres publicados; años parciales se identifican.
2018,hdi,0.741,0.741,58.44155844155844,0-1,hdi.csv,publicado_por_proveedor_estado_no_desagregado,identidad,,,no_archivada; no inferir del periodo ni del mtime,False,HDI,D5_capital_humano,positive,core_anual,True,False,False,Indice de Desarrollo Humano,
2018,esperanza_vida_anos,72.641,72.641,69.64362387290701,anos,wdi.csv,publicado_por_proveedor_estado_no_desagregado,identidad,,,no_archivada; no inferir del periodo ni del mtime,False,WDI,D5_capital_humano,positive,core_anual,True,False,False,Esperanza de vida al nacer,
2018,mortalidad_infantil_x1000,21.2,21.2,0.0,muertes por 1.000 nacidos vivos,wdi.csv,publicado_por_proveedor_estado_no_desagregado,identidad,,,no_archivada; no inferir del periodo ni del mtime,False,WDI,D5_capital_humano,negative,core_anual,True,False,False,Mortalidad infantil,
2018,acceso_electricidad_pct,99.9,99.9,97.6744186046513,% poblacion,wdi.csv,publicado_por_proveedor_estado_no_desagregado,identidad,,,no_archivada; no inferir del periodo ni del mtime,False,WDI,D5_capital_humano,positive,core_anual,True,False,False,Acceso a electricidad,
2018,empleo_vulnerable_oit_pct,34.25,34.25,40.884718498659495,% empleo,ilostat.csv,estimacion_modelada_OIT_distribuida_WDI,identidad,,,no_archivada; no inferir del periodo ni del mtime,False,WDI,D5_capital_humano,negative,core_anual,True,False,False,Empleo vulnerable (estimacion modelada OIT),OIT ILOEST distribuido por WDI SL.EMP.VULN.ZS: cuenta propia y familiares auxiliares. No equivale a empleo informal ni a una observacion directa; no sustituye otras series.
2018,guardian_tono_titulares,-0.1676,-0.1676,50.303471716436036,VADER compound,guardian.csv,publicado_por_proveedor_estado_no_desagregado,identidad,,,no_archivada; no inferir del periodo ni del mtime,False,GUARDIAN,D6_percepcion,positive,core_anual,True,True,False,Tono de titulares internacionales,
2018,guardian_articulos_venezuela,270.0,270.0,81.15942028985508,articulos,guardian.csv,publicado_por_proveedor_estado_no_desagregado,identidad,,,no_archivada; no inferir del periodo ni del mtime,False,GUARDIAN,D6_percepcion,negative,core_anual,True,True,False,Volumen de cobertura internacional,
2018,ied_neta_usd,622000000.0,622000000.0,25.157322654462245,USD,wdi.csv,publicado_por_proveedor_estado_no_desagregado,identidad,,,no_archivada; no inferir del periodo ni del mtime,False,WDI,D4_comercial,positive,outcome_externo,False,False,True,Inversion extranjera directa neta,Outcome externo usado para validacion ICIV -> IED; no entra al score.
2018,brent_precio_usd,71.335,71.335,53.813120734132156,USD/barril,fred.csv,publicado_por_proveedor_estado_no_desagregado,identidad,,,no_archivada; no inferir del periodo ni del mtime,False,FRED,D1_macro,positive,pulse_mensual,False,True,False,Precio Brent del petroleo,
2018,usd_index_broad,112.00375403225809,112.00375403225809,31.918093899769257,indice,fred.csv,publicado_por_proveedor_estado_no_desagregado,identidad,,,no_archivada; no inferir del periodo ni del mtime,False,FRED,D1_macro,negative,pulse_mensual,False,True,False,Indice amplio del dolar,
2018,vix_volatility,16.639840637450202,16.639840637450202,74.31289732665716,indice,fred.csv,publicado_por_proveedor_estado_no_desagregado,identidad,,,no_archivada; no inferir del periodo ni del mtime,False,FRED,D1_macro,negative,pulse_mensual,False,True,False,VIX volatilidad financiera,
2018,ust_10y_yield_pct,2.9112449799196787,2.9112449799196787,60.66889671036032,%,fred.csv,publicado_por_proveedor_estado_no_desagregado,identidad,,,no_archivada; no inferir del periodo ni del mtime,False,FRED,D1_macro,negative,pulse_mensual,False,True,False,Treasury 10Y yield,
2019,inflacion_ipc_imf_pct,19906.0,4.298983999733384,13.887920373160972,% anual,imf.csv,WEO_estimaciones_y_proyecciones_estado_individual_no_verificado,log10_porcentaje_positivo; no se imputan valores no positivos,,,no_archivada; no inferir del periodo ni del mtime,False,IMF,D1_macro,negative,core_anual,True,False,False,Inflacion de precios al consumidor (FMI),"IMF WEO PCPIPCH: variacion porcentual anual del IPC, no deflactor del PIB. Incluye estimaciones y proyecciones del proveedor; el estado se declara por observacion. Se transforma a log10 antes de normalizar; los valores originales se conservan."
2019,pib_crecimiento_real_pct,-27.6190476190476,-27.6190476190476,4.591774094536618,%,wdi.csv,publicado_por_proveedor_estado_no_desagregado,identidad,,,no_archivada; no inferir del periodo ni del mtime,False,WDI,D1_macro,positive,core_anual,True,False,False,Crecimiento real del PIB,
2019,reservas_internacionales_usd,,,,USD,wdi.csv,sin_dato,identidad,,,no_archivada; no inferir del periodo ni del mtime,False,WDI,D1_macro,positive,auxiliar,False,False,False,Reservas internacionales,Faltantes recientes se muestran como faltantes; no se hace forward-fill.
2019,tipo_cambio_oficial_lcu_usd,,,,LCU/USD en denominacion del proveedor,wdi.csv,sin_dato,log10_BsF_equivalente;2018_2021:x1e5;2022_en_adelante:x1e11,,,no_archivada; no inferir del periodo ni del mtime,False,WDI,D1_macro,negative,auxiliar,False,False,False,Tipo de cambio oficial (unidad original WDI),
2019,wti_precio_usd,56.98832,56.98832,42.07610367938126,USD/barril,fred.csv,publicado_por_proveedor_estado_no_desagregado,identidad,,,no_archivada; no inferir del periodo ni del mtime,False,FRED,D1_macro,positive,core_anual,True,True,False,Precio WTI del petroleo,
2019,tasa_fed_funds_pct,2.158333333333333,2.158333333333333,66.23798565046704,%,fred.csv,publicado_por_proveedor_estado_no_desagregado,identidad,,,no_archivada; no inferir del periodo ni del mtime,False,FRED,D1_macro,negative,core_anual,True,True,False,Tasa efectiva de fondos federales de EE. UU.,
2019,petroleo_crudo_produccion_tbpd,877.668493150685,877.668493150685,14.815007445870359,mil barriles/dia,eia.csv,publicado_por_proveedor_estado_no_desagregado,identidad,,,no_archivada; no inferir del periodo ni del mtime,False,EIA,D2_energia,positive,core_anual,True,False,False,Produccion de crudo y condensado de arrendamiento (EIA producto 57),
2019,gas_natural_produccion_bcf,702.2743063,702.2743063,10.97060556340743,BCF,eia.csv,publicado_por_proveedor_estado_no_desagregado,identidad,,,no_archivada; no inferir del periodo ni del mtime,False,EIA,D2_energia,positive,auxiliar,False,False,False,Produccion de gas natural,
2019,electricidad_generacion_bkwh,85.1383,85.1383,20.864331326683388,bkWh,eia.csv,publicado_por_proveedor_estado_no_desagregado,identidad,,,no_archivada; no inferir del periodo ni del mtime,False,EIA,D2_energia,positive,auxiliar,False,False,False,Generacion electrica,
2019,luminosidad_nocturna_idx,,,,nW/cm2/sr,blackmarble_qa_monthly.csv,sin_dato,media_de_meses_publicados_minimo_3,,,no_archivada; no inferir del periodo ni del mtime,False,VIIRS,D2_energia,positive,core_anual,True,False,False,Luminosidad nocturna satelital,"NASA Black Marble VNP46A3, media nacional con mascara poligonal exacta. Sustituyo a la serie de Li et al. el 2026-08-11: mismo fenomeno con 2 meses de rezago en vez de 2 anios. Cubre 2014-2026; no se empalma con la anterior."
2019,cpi_score,16.0,16.0,60.0,0-100,cpi.csv,publicado_por_proveedor_estado_no_desagregado,identidad,,,no_archivada; no inferir del periodo ni del mtime,False,CPI,D3_institucional,positive,core_anual,True,False,False,Indice de percepcion de corrupcion,CPI comparable solo desde 2012; registros anteriores conservados en raw y excluidos del indice.
2019,wgi_promedio_sc,23.4476138,23.4476138,0.0,percentil 0-100,wgi.csv,publicado_por_proveedor_estado_no_desagregado,identidad,,,no_archivada; no inferir del periodo ni del mtime,False,WGI,D3_institucional,positive,core_anual,True,False,False,Promedio WGI de gobernanza,
2019,freedom_house_score,16.0,16.0,11.538461538461538,0-100,freedom_house.csv,publicado_por_proveedor_estado_no_desagregado,identidad,,,no_archivada; no inferir del periodo ni del mtime,False,FREEDOM_HOUSE,D3_institucional,positive,core_anual,True,False,False,Freedom House aggregate score,
2019,wjp_rule_of_law,0.2763,0.2763,16.784630940343785,0-1,wjp.csv,publicado_por_proveedor_estado_no_desagregado,identidad,,,no_archivada; no inferir del periodo ni del mtime,False,WJP,D3_institucional,positive,core_anual,True,False,False,World Justice Project Rule of Law,Ediciones dobles asignadas solo al año final (2012-2013 a 2013; 2017-2018 a 2018).
2019,pts_terror_politico,4.67,4.67,13.200000000000003,1-5,,publicado_por_proveedor_estado_no_desagregado,identidad,,,no_archivada; no inferir del periodo ni del mtime,False,PTS,D3_institucional,negative,core_anual,True,False,False,Political Terror Scale,
2019,exportaciones_pct_pib,47.195725949267,47.195725949267,100.0,% PIB,wdi.csv,publicado_por_proveedor_estado_no_desagregado,identidad,,,no_archivada; no inferir del periodo ni del mtime,False,WDI,D4_comercial,positive,core_anual,True,False,False,Exportaciones de bienes y servicios,
2019,desempleo_pct,,,,%,imf.csv,sin_dato,identidad,,,no_archivada; no inferir del periodo ni del mtime,False,IMF,D4_comercial,negative,auxiliar,False,False,False,Tasa de desempleo,
2019,migrantes_vzla_millones,0.8877,0.8877,48.710684551341345,millones,unhcr.csv,publicado_por_proveedor_estado_no_desagregado,identidad,,,no_archivada; no inferir del periodo ni del mtime,False,UNHCR,D4_comercial,negative,core_anual,True,False,False,Refugiados y solicitantes de asilo venezolanos,
2019,lsci_conectividad_maritima,47.28,47.28,22.29626392833734,indice (base promedio Q1 2023 = 100),unctad.csv,publicado_por_proveedor_estado_no_desagregado,identidad,,,no_archivada; no inferir del periodo ni del mtime,False,UNCTAD,D4_comercial,positive,core_anual,True,False,False,Liner Shipping Connectivity Index,No es una escala acotada 0-100. Promedio de trimestres publicados; años parciales se identifican.
2019,hdi,0.724,0.724,36.36363636363637,0-1,hdi.csv,publicado_por_proveedor_estado_no_desagregado,identidad,,,no_archivada; no inferir del periodo ni del mtime,False,HDI,D5_capital_humano,positive,core_anual,True,False,False,Indice de Desarrollo Humano,
2019,esperanza_vida_anos,72.766,72.766,75.01073422069578,anos,wdi.csv,publicado_por_proveedor_estado_no_desagregado,identidad,,,no_archivada; no inferir del periodo ni del mtime,False,WDI,D5_capital_humano,positive,core_anual,True,False,False,Esperanza de vida al nacer,
2019,mortalidad_infantil_x1000,21.2,21.2,0.0,muertes por 1.000 nacidos vivos,wdi.csv,publicado_por_proveedor_estado_no_desagregado,identidad,,,no_archivada; no inferir del periodo ni del mtime,False,WDI,D5_capital_humano,negative,core_anual,True,False,False,Mortalidad infantil,
2019,acceso_electricidad_pct,99.8,99.8,95.34883720930226,% poblacion,wdi.csv,publicado_por_proveedor_estado_no_desagregado,identidad,,,no_archivada; no inferir del periodo ni del mtime,False,WDI,D5_capital_humano,positive,core_anual,True,False,False,Acceso a electricidad,
2019,empleo_vulnerable_oit_pct,35.9,35.9,18.766756032171568,% empleo,ilostat.csv,estimacion_modelada_OIT_distribuida_WDI,identidad,,,no_archivada; no inferir del periodo ni del mtime,False,WDI,D5_capital_humano,negative,core_anual,True,False,False,Empleo vulnerable (estimacion modelada OIT),OIT ILOEST distribuido por WDI SL.EMP.VULN.ZS: cuenta propia y familiares auxiliares. No equivale a empleo informal ni a una observacion directa; no sustituye otras series.
2019,guardian_tono_titulares,-0.189,-0.189,45.108035931051226,VADER compound,guardian.csv,publicado_por_proveedor_estado_no_desagregado,identidad,,,no_archivada; no inferir del periodo ni del mtime,False,GUARDIAN,D6_percepcion,positive,core_anual,True,True,False,Tono de titulares internacionales,
2019,guardian_articulos_venezuela,587.0,587.0,45.819397993311036,articulos,guardian.csv,publicado_por_proveedor_estado_no_desagregado,identidad,,,no_archivada; no inferir del periodo ni del mtime,False,GUARDIAN,D6_percepcion,negative,core_anual,True,True,False,Volumen de cobertura internacional,
2019,ied_neta_usd,564000000.0,564000000.0,24.32780320366133,USD,wdi.csv,publicado_por_proveedor_estado_no_desagregado,identidad,,,no_archivada; no inferir del periodo ni del mtime,False,WDI,D4_comercial,positive,outcome_externo,False,False,True,Inversion extranjera directa neta,Outcome externo usado para validacion ICIV -> IED; no entra al score.
2019,brent_precio_usd,64.30062256809337,64.30062256809337,45.73829960258185,USD/barril,fred.csv,publicado_por_proveedor_estado_no_desagregado,identidad,,,no_archivada; no inferir del periodo ni del mtime,False,FRED,D1_macro,positive,pulse_mensual,False,True,False,Precio Brent del petroleo,
2019,usd_index_broad,115.73329798387095,115.73329798387095,20.986243544416677,indice,fred.csv,publicado_por_proveedor_estado_no_desagregado,identidad,,,no_archivada; no inferir del periodo ni del mtime,False,FRED,D1_macro,negative,pulse_mensual,False,True,False,Indice amplio del dolar,
2019,vix_volatility,15.387857142857142,15.387857142857142,80.10787702535889,indice,fred.csv,publicado_por_proveedor_estado_no_desagregado,identidad,,,no_archivada; no inferir del periodo ni del mtime,False,FRED,D1_macro,negative,pulse_mensual,False,True,False,VIX volatilidad financiera,
2019,ust_10y_yield_pct,2.1414,2.1414,75.64329166698957,%,fred.csv,publicado_por_proveedor_estado_no_desagregado,identidad,,,no_archivada; no inferir del periodo ni del mtime,False,FRED,D1_macro,negative,pulse_mensual,False,True,False,Treasury 10Y yield,
2020,inflacion_ipc_imf_pct,2355.1,3.3720093524526638,38.8166743524942,% anual,imf.csv,WEO_estimaciones_y_proyecciones_estado_individual_no_verificado,log10_porcentaje_positivo; no se imputan valores no positivos,,,no_archivada; no inferir del periodo ni del mtime,False,IMF,D1_macro,negative,core_anual,True,False,False,Inflacion de precios al consumidor (FMI),"IMF WEO PCPIPCH: variacion porcentual anual del IPC, no deflactor del PIB. Incluye estimaciones y proyecciones del proveedor; el estado se declara por observacion. Se transforma a log10 antes de normalizar; los valores originales se conservan."
2020,pib_crecimiento_real_pct,-29.8245614035088,-29.8245614035088,0.0,%,wdi.csv,publicado_por_proveedor_estado_no_desagregado,identidad,,,no_archivada; no inferir del periodo ni del mtime,False,WDI,D1_macro,positive,core_anual,True,False,False,Crecimiento real del PIB,
2020,reservas_internacionales_usd,,,,USD,wdi.csv,sin_dato,identidad,,,no_archivada; no inferir del periodo ni del mtime,False,WDI,D1_macro,positive,auxiliar,False,False,False,Reservas internacionales,Faltantes recientes se muestran como faltantes; no se hace forward-fill.
2020,tipo_cambio_oficial_lcu_usd,,,,LCU/USD en denominacion del proveedor,wdi.csv,sin_dato,log10_BsF_equivalente;2018_2021:x1e5;2022_en_adelante:x1e11,,,no_archivada; no inferir del periodo ni del mtime,False,WDI,D1_macro,negative,auxiliar,False,False,False,Tipo de cambio oficial (unidad original WDI),
2020,wti_precio_usd,39.16043650793651,39.16043650793651,17.88248860203962,USD/barril,fred.csv,publicado_por_proveedor_estado_no_desagregado,identidad,,,no_archivada; no inferir del periodo ni del mtime,False,FRED,D1_macro,positive,core_anual,True,True,False,Precio WTI del petroleo,
2020,tasa_fed_funds_pct,0.3758333333333333,0.3758333333333333,95.19426018681467,%,fred.csv,publicado_por_proveedor_estado_no_desagregado,identidad,,,no_archivada; no inferir del periodo ni del mtime,False,FRED,D1_macro,negative,core_anual,True,True,False,Tasa efectiva de fondos federales de EE. UU.,
2020,petroleo_crudo_produccion_tbpd,527.0628415300547,527.0628415300547,0.0,mil barriles/dia,eia.csv,publicado_por_proveedor_estado_no_desagregado,identidad,,,no_archivada; no inferir del periodo ni del mtime,False,EIA,D2_energia,positive,core_anual,True,False,False,Produccion de crudo y condensado de arrendamiento (EIA producto 57),
2020,gas_natural_produccion_bcf,675.3392956,675.3392956,5.227759633327256,BCF,eia.csv,publicado_por_proveedor_estado_no_desagregado,identidad,,,no_archivada; no inferir del periodo ni del mtime,False,EIA,D2_energia,positive,auxiliar,False,False,False,Produccion de gas natural,
2020,electricidad_generacion_bkwh,80.5017,80.5017,13.524953701422856,bkWh,eia.csv,publicado_por_proveedor_estado_no_desagregado,identidad,,,no_archivada; no inferir del periodo ni del mtime,False,EIA,D2_energia,positive,auxiliar,False,False,False,Generacion electrica,
2020,luminosidad_nocturna_idx,,,,nW/cm2/sr,blackmarble_qa_monthly.csv,sin_dato,media_de_meses_publicados_minimo_3,,,no_archivada; no inferir del periodo ni del mtime,False,VIIRS,D2_energia,positive,core_anual,True,False,False,Luminosidad nocturna satelital,"NASA Black Marble VNP46A3, media nacional con mascara poligonal exacta. Sustituyo a la serie de Li et al. el 2026-08-11: mismo fenomeno con 2 meses de rezago en vez de 2 anios. Cubre 2014-2026; no se empalma con la anterior."
2020,cpi_score,15.0,15.0,50.0,0-100,cpi.csv,publicado_por_proveedor_estado_no_desagregado,identidad,,,no_archivada; no inferir del periodo ni del mtime,False,CPI,D3_institucional,positive,core_anual,True,False,False,Indice de percepcion de corrupcion,CPI comparable solo desde 2012; registros anteriores conservados en raw y excluidos del indice.
2020,wgi_promedio_sc,23.809497066666665,23.809497066666665,1.8608570627047767,percentil 0-100,wgi.csv,publicado_por_proveedor_estado_no_desagregado,identidad,,,no_archivada; no inferir del periodo ni del mtime,False,WGI,D3_institucional,positive,core_anual,True,False,False,Promedio WGI de gobernanza,
2020,freedom_house_score,14.0,14.0,3.8461538461538463,0-100,freedom_house.csv,publicado_por_proveedor_estado_no_desagregado,identidad,,,no_archivada; no inferir del periodo ni del mtime,False,FREEDOM_HOUSE,D3_institucional,positive,core_anual,True,False,False,Freedom House aggregate score,
2020,wjp_rule_of_law,0.2691,0.2691,9.504550050556137,0-1,wjp.csv,publicado_por_proveedor_estado_no_desagregado,identidad,,,no_archivada; no inferir del periodo ni del mtime,False,WJP,D3_institucional,positive,core_anual,True,False,False,World Justice Project Rule of Law,Ediciones dobles asignadas solo al año final (2012-2013 a 2013; 2017-2018 a 2018).
2020,pts_terror_politico,5.0,5.0,0.0,1-5,,publicado_por_proveedor_estado_no_desagregado,identidad,,,no_archivada; no inferir del periodo ni del mtime,False,PTS,D3_institucional,negative,core_anual,True,False,False,Political Terror Scale,
2020,exportaciones_pct_pib,13.0054444362771,13.0054444362771,27.556402989239515,% PIB,wdi.csv,publicado_por_proveedor_estado_no_desagregado,identidad,,,no_archivada; no inferir del periodo ni del mtime,False,WDI,D4_comercial,positive,core_anual,True,False,False,Exportaciones de bienes y servicios,
2020,desempleo_pct,,,,%,imf.csv,sin_dato,identidad,,,no_archivada; no inferir del periodo ni del mtime,False,IMF,D4_comercial,negative,auxiliar,False,False,False,Tasa de desempleo,
2020,migrantes_vzla_millones,1.0224,1.0224,40.922756706753006,millones,unhcr.csv,publicado_por_proveedor_estado_no_desagregado,identidad,,,no_archivada; no inferir del periodo ni del mtime,False,UNHCR,D4_comercial,negative,core_anual,True,False,False,Refugiados y solicitantes de asilo venezolanos,
2020,lsci_conectividad_maritima,42.79,42.79,17.391304347826086,indice (base promedio Q1 2023 = 100),unctad.csv,publicado_por_proveedor_estado_no_desagregado,identidad,,,no_archivada; no inferir del periodo ni del mtime,False,UNCTAD,D4_comercial,positive,core_anual,True,False,False,Liner Shipping Connectivity Index,No es una escala acotada 0-100. Promedio de trimestres publicados; años parciales se identifican.
2020,hdi,0.699,0.699,3.896103896103896,0-1,hdi.csv,publicado_por_proveedor_estado_no_desagregado,identidad,,,no_archivada; no inferir del periodo ni del mtime,False,HDI,D5_capital_humano,positive,core_anual,True,False,False,Indice de Desarrollo Humano,
2020,esperanza_vida_anos,72.369,72.369,57.96479175611843,anos,wdi.csv,publicado_por_proveedor_estado_no_desagregado,identidad,,,no_archivada; no inferir del periodo ni del mtime,False,WDI,D5_capital_humano,positive,core_anual,True,False,False,Esperanza de vida al nacer,
2020,mortalidad_infantil_x1000,21.2,21.2,0.0,muertes por 1.000 nacidos vivos,wdi.csv,publicado_por_proveedor_estado_no_desagregado,identidad,,,no_archivada; no inferir del periodo ni del mtime,False,WDI,D5_capital_humano,negative,core_anual,True,False,False,Mortalidad infantil,
2020,acceso_electricidad_pct,99.9,99.9,97.6744186046513,% poblacion,wdi.csv,publicado_por_proveedor_estado_no_desagregado,identidad,,,no_archivada; no inferir del periodo ni del mtime,False,WDI,D5_capital_humano,positive,core_anual,True,False,False,Acceso a electricidad,
2020,empleo_vulnerable_oit_pct,36.45,36.45,11.394101876675531,% empleo,ilostat.csv,estimacion_modelada_OIT_distribuida_WDI,identidad,,,no_archivada; no inferir del periodo ni del mtime,False,WDI,D5_capital_humano,negative,core_anual,True,False,False,Empleo vulnerable (estimacion modelada OIT),OIT ILOEST distribuido por WDI SL.EMP.VULN.ZS: cuenta propia y familiares auxiliares. No equivale a empleo informal ni a una observacion directa; no sustituye otras series.
2020,guardian_tono_titulares,-0.2352,-0.2352,33.89172129157563,VADER compound,guardian.csv,publicado_por_proveedor_estado_no_desagregado,identidad,,,no_archivada; no inferir del periodo ni del mtime,False,GUARDIAN,D6_percepcion,positive,core_anual,True,True,False,Tono de titulares internacionales,
2020,guardian_articulos_venezuela,308.0,308.0,76.92307692307693,articulos,guardian.csv,publicado_por_proveedor_estado_no_desagregado,identidad,,,no_archivada; no inferir del periodo ni del mtime,False,GUARDIAN,D6_percepcion,negative,core_anual,True,True,False,Volumen de cobertura internacional,
2020,ied_neta_usd,1504000000.0,1504000000.0,37.77173913043478,USD,wdi.csv,publicado_por_proveedor_estado_no_desagregado,identidad,,,no_archivada; no inferir del periodo ni del mtime,False,WDI,D4_comercial,positive,outcome_externo,False,False,True,Inversion extranjera directa neta,Outcome externo usado para validacion ICIV -> IED; no entra al score.
2020,brent_precio_usd,41.95725490196079,41.95725490196079,20.090159574988217,USD/barril,fred.csv,publicado_por_proveedor_estado_no_desagregado,identidad,,,no_archivada; no inferir del periodo ni del mtime,False,FRED,D1_macro,positive,pulse_mensual,False,True,False,Precio Brent del petroleo,
2020,usd_index_broad,117.7739632,117.7739632,15.004749008483254,indice,fred.csv,publicado_por_proveedor_estado_no_desagregado,identidad,,,no_archivada; no inferir del periodo ni del mtime,False,FRED,D1_macro,negative,pulse_mensual,False,True,False,Indice amplio del dolar,
2020,vix_volatility,29.251304347826085,29.251304347826085,15.938983862010096,indice,fred.csv,publicado_por_proveedor_estado_no_desagregado,identidad,,,no_archivada; no inferir del periodo ni del mtime,False,FRED,D1_macro,negative,pulse_mensual,False,True,False,VIX volatilidad financiera,
2020,ust_10y_yield_pct,0.889203187250996,0.889203187250996,100.0,%,fred.csv,publicado_por_proveedor_estado_no_desagregado,identidad,,,no_archivada; no inferir del periodo ni del mtime,False,FRED,D1_macro,negative,pulse_mensual,False,True,False,Treasury 10Y yield,
2021,inflacion_ipc_imf_pct,1588.5,3.2009872191631663,43.41590335870402,% anual,imf.csv,WEO_estimaciones_y_proyecciones_estado_individual_no_verificado,log10_porcentaje_positivo; no se imputan valores no positivos,,,no_archivada; no inferir del periodo ni del mtime,False,IMF,D1_macro,negative,core_anual,True,False,False,Inflacion de precios al consumidor (FMI),"IMF WEO PCPIPCH: variacion porcentual anual del IPC, no deflactor del PIB. Incluye estimaciones y proyecciones del proveedor; el estado se declara por observacion. Se transforma a log10 antes de normalizar; los valores originales se conservan."
2021,pib_crecimiento_real_pct,0.625000000000014,0.625000000000014,63.39452885205649,%,wdi.csv,publicado_por_proveedor_estado_no_desagregado,identidad,,,no_archivada; no inferir del periodo ni del mtime,False,WDI,D1_macro,positive,core_anual,True,False,False,Crecimiento real del PIB,
2021,reservas_internacionales_usd,,,,USD,wdi.csv,sin_dato,identidad,,,no_archivada; no inferir del periodo ni del mtime,False,WDI,D1_macro,positive,auxiliar,False,False,False,Reservas internacionales,Faltantes recientes se muestran como faltantes; no se hace forward-fill.
2021,tipo_cambio_oficial_lcu_usd,,,,LCU/USD en denominacion del proveedor,wdi.csv,sin_dato,log10_BsF_equivalente;2018_2021:x1e5;2022_en_adelante:x1e11,,,no_archivada; no inferir del periodo ni del mtime,False,WDI,D1_macro,negative,auxiliar,False,False,False,Tipo de cambio oficial (unidad original WDI),
2021,wti_precio_usd,68.13509960159362,68.13509960159362,57.20301962276706,USD/barril,fred.csv,publicado_por_proveedor_estado_no_desagregado,identidad,,,no_archivada; no inferir del periodo ni del mtime,False,FRED,D1_macro,positive,core_anual,True,True,False,Precio WTI del petroleo,
2021,tasa_fed_funds_pct,0.08,0.08,100.0,%,fred.csv,publicado_por_proveedor_estado_no_desagregado,identidad,,,no_archivada; no inferir del periodo ni del mtime,False,FRED,D1_macro,negative,core_anual,True,True,False,Tasa efectiva de fondos federales de EE. UU.,
2021,petroleo_crudo_produccion_tbpd,594.8082191780821,594.8082191780821,2.8626129374686027,mil barriles/dia,eia.csv,publicado_por_proveedor_estado_no_desagregado,identidad,,,no_archivada; no inferir del periodo ni del mtime,False,EIA,D2_energia,positive,core_anual,True,False,False,Produccion de crudo y condensado de arrendamiento (EIA producto 57),
2021,gas_natural_produccion_bcf,750.8798251,750.8798251,21.33384651136869,BCF,eia.csv,publicado_por_proveedor_estado_no_desagregado,identidad,,,no_archivada; no inferir del periodo ni del mtime,False,EIA,D2_energia,positive,auxiliar,False,False,False,Produccion de gas natural,
2021,electricidad_generacion_bkwh,82.9235,82.9235,17.35847497409162,bkWh,eia.csv,publicado_por_proveedor_estado_no_desagregado,identidad,,,no_archivada; no inferir del periodo ni del mtime,False,EIA,D2_energia,positive,auxiliar,False,False,False,Generacion electrica,
2021,luminosidad_nocturna_idx,,,,nW/cm2/sr,blackmarble_qa_monthly.csv,sin_dato,media_de_meses_publicados_minimo_3,,,no_archivada; no inferir del periodo ni del mtime,False,VIIRS,D2_energia,positive,core_anual,True,False,False,Luminosidad nocturna satelital,"NASA Black Marble VNP46A3, media nacional con mascara poligonal exacta. Sustituyo a la serie de Li et al. el 2026-08-11: mismo fenomeno con 2 meses de rezago en vez de 2 anios. Cubre 2014-2026; no se empalma con la anterior."
2021,cpi_score,14.0,14.0,40.0,0-100,cpi.csv,publicado_por_proveedor_estado_no_desagregado,identidad,,,no_archivada; no inferir del periodo ni del mtime,False,CPI,D3_institucional,positive,core_anual,True,False,False,Indice de percepcion de corrupcion,CPI comparable solo desde 2012; registros anteriores conservados en raw y excluidos del indice.
2021,wgi_promedio_sc,24.347235166666668,24.347235166666668,4.625985581874915,percentil 0-100,wgi.csv,publicado_por_proveedor_estado_no_desagregado,identidad,,,no_archivada; no inferir del periodo ni del mtime,False,WGI,D3_institucional,positive,core_anual,True,False,False,Promedio WGI de gobernanza,
2021,freedom_house_score,14.0,14.0,3.8461538461538463,0-100,freedom_house.csv,publicado_por_proveedor_estado_no_desagregado,identidad,,,no_archivada; no inferir del periodo ni del mtime,False,FREEDOM_HOUSE,D3_institucional,positive,core_anual,True,False,False,Freedom House aggregate score,
2021,wjp_rule_of_law,0.2651,0.2651,5.460060667340765,0-1,wjp.csv,publicado_por_proveedor_estado_no_desagregado,identidad,,,no_archivada; no inferir del periodo ni del mtime,False,WJP,D3_institucional,positive,core_anual,True,False,False,World Justice Project Rule of Law,Ediciones dobles asignadas solo al año final (2012-2013 a 2013; 2017-2018 a 2018).
2021,pts_terror_politico,4.67,4.67,13.200000000000003,1-5,,publicado_por_proveedor_estado_no_desagregado,identidad,,,no_archivada; no inferir del periodo ni del mtime,False,PTS,D3_institucional,negative,core_anual,True,False,False,Political Terror Scale,
2021,exportaciones_pct_pib,15.3500529409223,15.3500529409223,32.52424373644093,% PIB,wdi.csv,publicado_por_proveedor_estado_no_desagregado,identidad,,,no_archivada; no inferir del periodo ni del mtime,False,WDI,D4_comercial,positive,core_anual,True,False,False,Exportaciones de bienes y servicios,
2021,desempleo_pct,,,,%,imf.csv,sin_dato,identidad,,,no_archivada; no inferir del periodo ni del mtime,False,IMF,D4_comercial,negative,auxiliar,False,False,False,Tasa de desempleo,
2021,migrantes_vzla_millones,1.1703,1.1703,32.371646623496765,millones,unhcr.csv,publicado_por_proveedor_estado_no_desagregado,identidad,,,no_archivada; no inferir del periodo ni del mtime,False,UNHCR,D4_comercial,negative,core_anual,True,False,False,Refugiados y solicitantes de asilo venezolanos,
2021,lsci_conectividad_maritima,31.38,31.38,4.926807952807514,indice (base promedio Q1 2023 = 100),unctad.csv,publicado_por_proveedor_estado_no_desagregado,identidad,,,no_archivada; no inferir del periodo ni del mtime,False,UNCTAD,D4_comercial,positive,core_anual,True,False,False,Liner Shipping Connectivity Index,No es una escala acotada 0-100. Promedio de trimestres publicados; años parciales se identifican.
2021,hdi,0.696,0.696,0.0,0-1,hdi.csv,publicado_por_proveedor_estado_no_desagregado,identidad,,,no_archivada; no inferir del periodo ni del mtime,False,HDI,D5_capital_humano,positive,core_anual,True,False,False,Indice de Desarrollo Humano,
2021,esperanza_vida_anos,71.536,71.536,22.198368398454157,anos,wdi.csv,publicado_por_proveedor_estado_no_desagregado,identidad,,,no_archivada; no inferir del periodo ni del mtime,False,WDI,D5_capital_humano,positive,core_anual,True,False,False,Esperanza de vida al nacer,
2021,mortalidad_infantil_x1000,21.2,21.2,0.0,muertes por 1.000 nacidos vivos,wdi.csv,publicado_por_proveedor_estado_no_desagregado,identidad,,,no_archivada; no inferir del periodo ni del mtime,False,WDI,D5_capital_humano,negative,core_anual,True,False,False,Mortalidad infantil,
2021,acceso_electricidad_pct,100.0,100.0,100.0,% poblacion,wdi.csv,publicado_por_proveedor_estado_no_desagregado,identidad,,,no_archivada; no inferir del periodo ni del mtime,False,WDI,D5_capital_humano,positive,core_anual,True,False,False,Acceso a electricidad,
2021,empleo_vulnerable_oit_pct,35.42,35.42,25.201072386058932,% empleo,ilostat.csv,estimacion_modelada_OIT_distribuida_WDI,identidad,,,no_archivada; no inferir del periodo ni del mtime,False,WDI,D5_capital_humano,negative,core_anual,True,False,False,Empleo vulnerable (estimacion modelada OIT),OIT ILOEST distribuido por WDI SL.EMP.VULN.ZS: cuenta propia y familiares auxiliares. No equivale a empleo informal ni a una observacion directa; no sustituye otras series.
2021,guardian_tono_titulares,-0.1037,-0.1037,65.81694586064579,VADER compound,guardian.csv,publicado_por_proveedor_estado_no_desagregado,identidad,,,no_archivada; no inferir del periodo ni del mtime,False,GUARDIAN,D6_percepcion,positive,core_anual,True,True,False,Tono de titulares internacionales,
2021,guardian_articulos_venezuela,236.0,236.0,84.94983277591973,articulos,guardian.csv,publicado_por_proveedor_estado_no_desagregado,identidad,,,no_archivada; no inferir del periodo ni del mtime,False,GUARDIAN,D6_percepcion,negative,core_anual,True,True,False,Volumen de cobertura internacional,
2021,ied_neta_usd,1213000000.0,1213000000.0,33.60983981693364,USD,wdi.csv,publicado_por_proveedor_estado_no_desagregado,identidad,,,no_archivada; no inferir del periodo ni del mtime,False,WDI,D4_comercial,positive,outcome_externo,False,False,True,Inversion extranjera directa neta,Outcome externo usado para validacion ICIV -> IED; no entra al score.
2021,brent_precio_usd,70.85533596837945,70.85533596837945,53.262510350190276,USD/barril,fred.csv,publicado_por_proveedor_estado_no_desagregado,identidad,,,no_archivada; no inferir del periodo ni del mtime,False,FRED,D1_macro,positive,pulse_mensual,False,True,False,Precio Brent del petroleo,
2021,usd_index_broad,113.10509156626506,113.10509156626506,28.689909095219463,indice,fred.csv,publicado_por_proveedor_estado_no_desagregado,identidad,,,no_archivada; no inferir del periodo ni del mtime,False,FRED,D1_macro,negative,pulse_mensual,False,True,False,Indice amplio del dolar,
2021,vix_volatility,19.656150793650795,19.656150793650795,60.35148633708841,indice,fred.csv,publicado_por_proveedor_estado_no_desagregado,identidad,,,no_archivada; no inferir del periodo ni del mtime,False,FRED,D1_macro,negative,pulse_mensual,False,True,False,VIX volatilidad financiera,
2021,ust_10y_yield_pct,1.4468525896414344,1.4468525896414344,89.15305988019313,%,fred.csv,publicado_por_proveedor_estado_no_desagregado,identidad,,,no_archivada; no inferir del periodo ni del mtime,False,FRED,D1_macro,negative,pulse_mensual,False,True,False,Treasury 10Y yield,
2022,inflacion_ipc_imf_pct,186.5,2.2706788361447066,68.43431014384159,% anual,imf.csv,WEO_estimaciones_y_proyecciones_estado_individual_no_verificado,log10_porcentaje_positivo; no se imputan valores no positivos,,,no_archivada; no inferir del periodo ni del mtime,False,IMF,D1_macro,negative,core_anual,True,False,False,Inflacion de precios al consumidor (FMI),"IMF WEO PCPIPCH: variacion porcentual anual del IPC, no deflactor del PIB. Incluye estimaciones y proyecciones del proveedor; el estado se declara por observacion. Se transforma a log10 antes de normalizar; los valores originales se conservan."
2022,pib_crecimiento_real_pct,8.07453416149069,8.07453416149069,78.9041022766701,%,wdi.csv,publicado_por_proveedor_estado_no_desagregado,identidad,,,no_archivada; no inferir del periodo ni del mtime,False,WDI,D1_macro,positive,core_anual,True,False,False,Crecimiento real del PIB,
2022,reservas_internacionales_usd,,,,USD,wdi.csv,sin_dato,identidad,,,no_archivada; no inferir del periodo ni del mtime,False,WDI,D1_macro,positive,auxiliar,False,False,False,Reservas internacionales,Faltantes recientes se muestran como faltantes; no se hace forward-fill.
2022,tipo_cambio_oficial_lcu_usd,,,,LCU/USD en denominacion del proveedor,wdi.csv,sin_dato,log10_BsF_equivalente;2018_2021:x1e5;2022_en_adelante:x1e11,,,no_archivada; no inferir del periodo ni del mtime,False,WDI,D1_macro,negative,auxiliar,False,False,False,Tipo de cambio oficial (unidad original WDI),
2022,wti_precio_usd,94.9028685258964,94.9028685258964,93.52864953402978,USD/barril,fred.csv,publicado_por_proveedor_estado_no_desagregado,identidad,,,no_archivada; no inferir del periodo ni del mtime,False,FRED,D1_macro,positive,core_anual,True,True,False,Precio WTI del petroleo,
2022,tasa_fed_funds_pct,1.6833333333333331,1.6833333333333331,73.95424394206039,%,fred.csv,publicado_por_proveedor_estado_no_desagregado,identidad,,,no_archivada; no inferir del periodo ni del mtime,False,FRED,D1_macro,negative,core_anual,True,True,False,Tasa efectiva de fondos federales de EE. UU.,
2022,petroleo_crudo_produccion_tbpd,723.6575342465753,723.6575342465753,8.307201617974341,mil barriles/dia,eia.csv,publicado_por_proveedor_estado_no_desagregado,identidad,,,no_archivada; no inferir del periodo ni del mtime,False,EIA,D2_energia,positive,core_anual,True,False,False,Produccion de crudo y condensado de arrendamiento (EIA producto 57),
2022,gas_natural_produccion_bcf,833.3942476,833.3942476,38.92684547858427,BCF,eia.csv,publicado_por_proveedor_estado_no_desagregado,identidad,,,no_archivada; no inferir del periodo ni del mtime,False,EIA,D2_energia,positive,auxiliar,False,False,False,Produccion de gas natural,
2022,electricidad_generacion_bkwh,82.3546,82.3546,16.45795046669165,bkWh,eia.csv,publicado_por_proveedor_estado_no_desagregado,identidad,,,no_archivada; no inferir del periodo ni del mtime,False,EIA,D2_energia,positive,auxiliar,False,False,False,Generacion electrica,
2022,luminosidad_nocturna_idx,,,,nW/cm2/sr,blackmarble_qa_monthly.csv,sin_dato,media_de_meses_publicados_minimo_3,,,no_archivada; no inferir del periodo ni del mtime,False,VIIRS,D2_energia,positive,core_anual,True,False,False,Luminosidad nocturna satelital,"NASA Black Marble VNP46A3, media nacional con mascara poligonal exacta. Sustituyo a la serie de Li et al. el 2026-08-11: mismo fenomeno con 2 meses de rezago en vez de 2 anios. Cubre 2014-2026; no se empalma con la anterior."
2022,cpi_score,14.0,14.0,40.0,0-100,cpi.csv,publicado_por_proveedor_estado_no_desagregado,identidad,,,no_archivada; no inferir del periodo ni del mtime,False,CPI,D3_institucional,positive,core_anual,True,False,False,Indice de percepcion de corrupcion,CPI comparable solo desde 2012; registros anteriores conservados en raw y excluidos del indice.
2022,wgi_promedio_sc,25.479927383333333,25.479927383333333,10.450455805850167,percentil 0-100,wgi.csv,publicado_por_proveedor_estado_no_desagregado,identidad,,,no_archivada; no inferir del periodo ni del mtime,False,WGI,D3_institucional,positive,core_anual,True,False,False,Promedio WGI de gobernanza,
2022,freedom_house_score,15.0,15.0,7.6923076923076925,0-100,freedom_house.csv,publicado_por_proveedor_estado_no_desagregado,identidad,,,no_archivada; no inferir del periodo ni del mtime,False,FREEDOM_HOUSE,D3_institucional,positive,core_anual,True,False,False,Freedom House aggregate score,
2022,wjp_rule_of_law,0.2614,0.2614,1.7189079878665672,0-1,wjp.csv,publicado_por_proveedor_estado_no_desagregado,identidad,,,no_archivada; no inferir del periodo ni del mtime,False,WJP,D3_institucional,positive,core_anual,True,False,False,World Justice Project Rule of Law,Ediciones dobles asignadas solo al año final (2012-2013 a 2013; 2017-2018 a 2018).
2022,pts_terror_politico,4.33,4.33,26.799999999999997,1-5,,publicado_por_proveedor_estado_no_desagregado,identidad,,,no_archivada; no inferir del periodo ni del mtime,False,PTS,D3_institucional,negative,core_anual,True,False,False,Political Terror Scale,
2022,exportaciones_pct_pib,16.3490943080464,16.3490943080464,34.641048483120784,% PIB,wdi.csv,publicado_por_proveedor_estado_no_desagregado,identidad,,,no_archivada; no inferir del periodo ni del mtime,False,WDI,D4_comercial,positive,core_anual,True,False,False,Exportaciones de bienes y servicios,
2022,desempleo_pct,,,,%,imf.csv,sin_dato,identidad,,,no_archivada; no inferir del periodo ni del mtime,False,IMF,D4_comercial,negative,auxiliar,False,False,False,Tasa de desempleo,
2022,migrantes_vzla_millones,1.3676,1.3676,20.96438482886217,millones,unhcr.csv,publicado_por_proveedor_estado_no_desagregado,identidad,,,no_archivada; no inferir del periodo ni del mtime,False,UNHCR,D4_comercial,negative,core_anual,True,False,False,Refugiados y solicitantes de asilo venezolanos,
2022,lsci_conectividad_maritima,26.87,26.87,0.0,indice (base promedio Q1 2023 = 100),unctad.csv,publicado_por_proveedor_estado_no_desagregado,identidad,,,no_archivada; no inferir del periodo ni del mtime,False,UNCTAD,D4_comercial,positive,core_anual,True,False,False,Liner Shipping Connectivity Index,No es una escala acotada 0-100. Promedio de trimestres publicados; años parciales se identifican.
2022,hdi,0.706,0.706,12.987012987012985,0-1,hdi.csv,publicado_por_proveedor_estado_no_desagregado,identidad,,,no_archivada; no inferir del periodo ni del mtime,False,HDI,D5_capital_humano,positive,core_anual,True,False,False,Indice de Desarrollo Humano,
2022,esperanza_vida_anos,72.566,72.566,66.42335766423363,anos,wdi.csv,publicado_por_proveedor_estado_no_desagregado,identidad,,,no_archivada; no inferir del periodo ni del mtime,False,WDI,D5_capital_humano,positive,core_anual,True,False,False,Esperanza de vida al nacer,
2022,mortalidad_infantil_x1000,21.2,21.2,0.0,muertes por 1.000 nacidos vivos,wdi.csv,publicado_por_proveedor_estado_no_desagregado,identidad,,,no_archivada; no inferir del periodo ni del mtime,False,WDI,D5_capital_humano,negative,core_anual,True,False,False,Mortalidad infantil,
2022,acceso_electricidad_pct,100.0,100.0,100.0,% poblacion,wdi.csv,publicado_por_proveedor_estado_no_desagregado,identidad,,,no_archivada; no inferir del periodo ni del mtime,False,WDI,D5_capital_humano,positive,core_anual,True,False,False,Acceso a electricidad,
2022,empleo_vulnerable_oit_pct,36.43,36.43,11.662198391420882,% empleo,ilostat.csv,estimacion_modelada_OIT_distribuida_WDI,identidad,,,no_archivada; no inferir del periodo ni del mtime,False,WDI,D5_capital_humano,negative,core_anual,True,False,False,Empleo vulnerable (estimacion modelada OIT),OIT ILOEST distribuido por WDI SL.EMP.VULN.ZS: cuenta propia y familiares auxiliares. No equivale a empleo informal ni a una observacion directa; no sustituye otras series.
2022,guardian_tono_titulares,-0.1266,-0.1266,60.257344015537754,VADER compound,guardian.csv,publicado_por_proveedor_estado_no_desagregado,identidad,,,no_archivada; no inferir del periodo ni del mtime,False,GUARDIAN,D6_percepcion,positive,core_anual,True,True,False,Tono de titulares internacionales,
2022,guardian_articulos_venezuela,248.0,248.0,83.61204013377926,articulos,guardian.csv,publicado_por_proveedor_estado_no_desagregado,identidad,,,no_archivada; no inferir del periodo ni del mtime,False,GUARDIAN,D6_percepcion,negative,core_anual,True,True,False,Volumen de cobertura internacional,
2022,ied_neta_usd,2349000000.0,2349000000.0,49.85697940503432,USD,wdi.csv,publicado_por_proveedor_estado_no_desagregado,identidad,,,no_archivada; no inferir del periodo ni del mtime,False,WDI,D4_comercial,positive,outcome_externo,False,False,True,Inversion extranjera directa neta,Outcome externo usado para validacion ICIV -> IED; no entra al score.
2022,brent_precio_usd,100.93130952380952,100.93130952380952,87.7869738394219,USD/barril,fred.csv,publicado_por_proveedor_estado_no_desagregado,identidad,,,no_archivada; no inferir del periodo ni del mtime,False,FRED,D1_macro,positive,pulse_mensual,False,True,False,Precio Brent del petroleo,
2022,usd_index_broad,120.6980116,120.6980116,6.433926421237815,indice,fred.csv,publicado_por_proveedor_estado_no_desagregado,identidad,,,no_archivada; no inferir del periodo ni del mtime,False,FRED,D1_macro,negative,pulse_mensual,False,True,False,Indice amplio del dolar,
2022,vix_volatility,25.6371484375,25.6371484375,32.667607057709695,indice,fred.csv,publicado_por_proveedor_estado_no_desagregado,identidad,,,no_archivada; no inferir del periodo ni del mtime,False,FRED,D1_macro,negative,pulse_mensual,False,True,False,VIX volatilidad financiera,
2022,ust_10y_yield_pct,2.9505622489959835,2.9505622489959835,59.904129346642385,%,fred.csv,publicado_por_proveedor_estado_no_desagregado,identidad,,,no_archivada; no inferir del periodo ni del mtime,False,FRED,D1_macro,negative,pulse_mensual,False,True,False,Treasury 10Y yield,
2023,inflacion_ipc_imf_pct,337.5,2.528273777167044,61.506913661203996,% anual,imf.csv,WEO_estimaciones_y_proyecciones_estado_individual_no_verificado,log10_porcentaje_positivo; no se imputan valores no positivos,,,no_archivada; no inferir del periodo ni del mtime,False,IMF,D1_macro,negative,core_anual,True,False,False,Inflacion de precios al consumidor (FMI),"IMF WEO PCPIPCH: variacion porcentual anual del IPC, no deflactor del PIB. Incluye estimaciones y proyecciones del proveedor; el estado se declara por observacion. Se transforma a log10 antes de normalizar; los valores originales se conservan."
2023,pib_crecimiento_real_pct,4.02298850574712,4.02298850574712,70.46897821807325,%,wdi.csv,publicado_por_proveedor_estado_no_desagregado,identidad,,,no_archivada; no inferir del periodo ni del mtime,False,WDI,D1_macro,positive,core_anual,True,False,False,Crecimiento real del PIB,
2023,reservas_internacionales_usd,,,,USD,wdi.csv,sin_dato,identidad,,,no_archivada; no inferir del periodo ni del mtime,False,WDI,D1_macro,positive,auxiliar,False,False,False,Reservas internacionales,Faltantes recientes se muestran como faltantes; no se hace forward-fill.
2023,tipo_cambio_oficial_lcu_usd,,,,LCU/USD en denominacion del proveedor,wdi.csv,sin_dato,log10_BsF_equivalente;2018_2021:x1e5;2022_en_adelante:x1e11,,,no_archivada; no inferir del periodo ni del mtime,False,WDI,D1_macro,negative,auxiliar,False,False,False,Tipo de cambio oficial (unidad original WDI),
2023,wti_precio_usd,77.57653225806452,77.57653225806452,70.01566715723112,USD/barril,fred.csv,publicado_por_proveedor_estado_no_desagregado,identidad,,,no_archivada; no inferir del periodo ni del mtime,False,FRED,D1_macro,positive,core_anual,True,True,False,Precio WTI del petroleo,
2023,tasa_fed_funds_pct,5.024166666666667,5.024166666666667,19.68322729118721,%,fred.csv,publicado_por_proveedor_estado_no_desagregado,identidad,,,no_archivada; no inferir del periodo ni del mtime,False,FRED,D1_macro,negative,core_anual,True,True,False,Tasa efectiva de fondos federales de EE. UU.,
2023,petroleo_crudo_produccion_tbpd,770.5068493150685,770.5068493150685,10.286841559217127,mil barriles/dia,eia.csv,publicado_por_proveedor_estado_no_desagregado,identidad,,,no_archivada; no inferir del periodo ni del mtime,False,EIA,D2_energia,positive,core_anual,True,False,False,Produccion de crudo y condensado de arrendamiento (EIA producto 57),
2023,gas_natural_produccion_bcf,847.2156673,847.2156673,41.87372694657919,BCF,eia.csv,publicado_por_proveedor_estado_no_desagregado,identidad,,,no_archivada; no inferir del periodo ni del mtime,False,EIA,D2_energia,positive,auxiliar,False,False,False,Produccion de gas natural,
2023,electricidad_generacion_bkwh,71.957405983,71.957405983,0.0,bkWh,eia.csv,publicado_por_proveedor_estado_no_desagregado,identidad,,,no_archivada; no inferir del periodo ni del mtime,False,EIA,D2_energia,positive,auxiliar,False,False,False,Generacion electrica,
2023,luminosidad_nocturna_idx,,,,nW/cm2/sr,blackmarble_qa_monthly.csv,sin_dato,media_de_meses_publicados_minimo_3,,,no_archivada; no inferir del periodo ni del mtime,False,VIIRS,D2_energia,positive,core_anual,True,False,False,Luminosidad nocturna satelital,"NASA Black Marble VNP46A3, media nacional con mascara poligonal exacta. Sustituyo a la serie de Li et al. el 2026-08-11: mismo fenomeno con 2 meses de rezago en vez de 2 anios. Cubre 2014-2026; no se empalma con la anterior."
2023,cpi_score,13.0,13.0,30.0,0-100,cpi.csv,publicado_por_proveedor_estado_no_desagregado,identidad,,,no_archivada; no inferir del periodo ni del mtime,False,CPI,D3_institucional,positive,core_anual,True,False,False,Indice de percepcion de corrupcion,CPI comparable solo desde 2012; registros anteriores conservados en raw y excluidos del indice.
2023,wgi_promedio_sc,26.180388866666664,26.180388866666664,14.052331931319436,percentil 0-100,wgi.csv,publicado_por_proveedor_estado_no_desagregado,identidad,,,no_archivada; no inferir del periodo ni del mtime,False,WGI,D3_institucional,positive,core_anual,True,False,False,Promedio WGI de gobernanza,
2023,freedom_house_score,15.0,15.0,7.6923076923076925,0-100,freedom_house.csv,publicado_por_proveedor_estado_no_desagregado,identidad,,,no_archivada; no inferir del periodo ni del mtime,False,FREEDOM_HOUSE,D3_institucional,positive,core_anual,True,False,False,Freedom House aggregate score,
2023,wjp_rule_of_law,0.2638,0.2638,4.145601617795746,0-1,wjp.csv,publicado_por_proveedor_estado_no_desagregado,identidad,,,no_archivada; no inferir del periodo ni del mtime,False,WJP,D3_institucional,positive,core_anual,True,False,False,World Justice Project Rule of Law,Ediciones dobles asignadas solo al año final (2012-2013 a 2013; 2017-2018 a 2018).
2023,pts_terror_politico,4.33,4.33,26.799999999999997,1-5,,publicado_por_proveedor_estado_no_desagregado,identidad,,,no_archivada; no inferir del periodo ni del mtime,False,PTS,D3_institucional,negative,core_anual,True,False,False,Political Terror Scale,
2023,exportaciones_pct_pib,18.0663666874328,18.0663666874328,38.279666906391526,% PIB,wdi.csv,publicado_por_proveedor_estado_no_desagregado,identidad,,,no_archivada; no inferir del periodo ni del mtime,False,WDI,D4_comercial,positive,core_anual,True,False,False,Exportaciones de bienes y servicios,
2023,desempleo_pct,,,,%,imf.csv,sin_dato,identidad,,,no_archivada; no inferir del periodo ni del mtime,False,IMF,D4_comercial,negative,auxiliar,False,False,False,Tasa de desempleo,
2023,migrantes_vzla_millones,1.5478,1.5478,10.545790934320069,millones,unhcr.csv,publicado_por_proveedor_estado_no_desagregado,identidad,,,no_archivada; no inferir del periodo ni del mtime,False,UNHCR,D4_comercial,negative,core_anual,True,False,False,Refugiados y solicitantes de asilo venezolanos,
2023,lsci_conectividad_maritima,31.39,31.39,4.937732138955648,indice (base promedio Q1 2023 = 100),unctad.csv,publicado_por_proveedor_estado_no_desagregado,identidad,,,no_archivada; no inferir del periodo ni del mtime,False,UNCTAD,D4_comercial,positive,core_anual,True,False,False,Liner Shipping Connectivity Index,No es una escala acotada 0-100. Promedio de trimestres publicados; años parciales se identifican.
2023,hdi,0.709,0.709,16.883116883116884,0-1,hdi.csv,publicado_por_proveedor_estado_no_desagregado,identidad,,,no_archivada; no inferir del periodo ni del mtime,False,HDI,D5_capital_humano,positive,core_anual,True,False,False,Indice de Desarrollo Humano,
2023,esperanza_vida_anos,72.514,72.514,64.19063975955322,anos,wdi.csv,publicado_por_proveedor_estado_no_desagregado,identidad,,,no_archivada; no inferir del periodo ni del mtime,False,WDI,D5_capital_humano,positive,core_anual,True,False,False,Esperanza de vida al nacer,
2023,mortalidad_infantil_x1000,21.2,21.2,0.0,muertes por 1.000 nacidos vivos,wdi.csv,publicado_por_proveedor_estado_no_desagregado,identidad,,,no_archivada; no inferir del periodo ni del mtime,False,WDI,D5_capital_humano,negative,core_anual,True,False,False,Mortalidad infantil,
2023,acceso_electricidad_pct,100.0,100.0,100.0,% poblacion,wdi.csv,publicado_por_proveedor_estado_no_desagregado,identidad,,,no_archivada; no inferir del periodo ni del mtime,False,WDI,D5_capital_humano,positive,core_anual,True,False,False,Acceso a electricidad,
2023,empleo_vulnerable_oit_pct,37.0,37.0,4.021447721179587,% empleo,ilostat.csv,estimacion_modelada_OIT_distribuida_WDI,identidad,,,no_archivada; no inferir del periodo ni del mtime,False,WDI,D5_capital_humano,negative,core_anual,True,False,False,Empleo vulnerable (estimacion modelada OIT),OIT ILOEST distribuido por WDI SL.EMP.VULN.ZS: cuenta propia y familiares auxiliares. No equivale a empleo informal ni a una observacion directa; no sustituye otras series.
2023,guardian_tono_titulares,-0.1275,-0.1275,60.03884437970382,VADER compound,guardian.csv,publicado_por_proveedor_estado_no_desagregado,identidad,,,no_archivada; no inferir del periodo ni del mtime,False,GUARDIAN,D6_percepcion,positive,core_anual,True,True,False,Tono de titulares internacionales,
2023,guardian_articulos_venezuela,255.0,255.0,82.83166109253067,articulos,guardian.csv,publicado_por_proveedor_estado_no_desagregado,identidad,,,no_archivada; no inferir del periodo ni del mtime,False,GUARDIAN,D6_percepcion,negative,core_anual,True,True,False,Volumen de cobertura internacional,
2023,ied_neta_usd,13000000.0,13000000.0,16.447368421052634,USD,wdi.csv,publicado_por_proveedor_estado_no_desagregado,identidad,,,no_archivada; no inferir del periodo ni del mtime,False,WDI,D4_comercial,positive,outcome_externo,False,False,True,Inversion extranjera directa neta,Outcome externo usado para validacion ICIV -> IED; no entra al score.
2023,brent_precio_usd,82.49386454183266,82.49386454183266,66.62247537549597,USD/barril,fred.csv,publicado_por_proveedor_estado_no_desagregado,identidad,,,no_archivada; no inferir del periodo ni del mtime,False,FRED,D1_macro,positive,pulse_mensual,False,True,False,Precio Brent del petroleo,
2023,usd_index_broad,120.266318875502,120.266318875502,7.6992822730346,indice,fred.csv,publicado_por_proveedor_estado_no_desagregado,identidad,,,no_archivada; no inferir del periodo ni del mtime,False,FRED,D1_macro,negative,pulse_mensual,False,True,False,Indice amplio del dolar,
2023,vix_volatility,16.849027237354086,16.849027237354086,73.34464806065749,indice,fred.csv,publicado_por_proveedor_estado_no_desagregado,identidad,,,no_archivada; no inferir del periodo ni del mtime,False,FRED,D1_macro,negative,pulse_mensual,False,True,False,VIX volatilidad financiera,
2023,ust_10y_yield_pct,3.959,3.959,40.28882293224633,%,fred.csv,publicado_por_proveedor_estado_no_desagregado,identidad,,,no_archivada; no inferir del periodo ni del mtime,False,FRED,D1_macro,negative,pulse_mensual,False,True,False,Treasury 10Y yield,
2024,inflacion_ipc_imf_pct,49.4,1.6937269489236468,83.95004371502115,% anual,imf.csv,WEO_estimaciones_y_proyecciones_estado_individual_no_verificado,log10_porcentaje_positivo; no se imputan valores no positivos,,,no_archivada; no inferir del periodo ni del mtime,False,IMF,D1_macro,negative,core_anual,True,False,False,Inflacion de precios al consumidor (FMI),"IMF WEO PCPIPCH: variacion porcentual anual del IPC, no deflactor del PIB. Incluye estimaciones y proyecciones del proveedor; el estado se declara por observacion. Se transforma a log10 antes de normalizar; los valores originales se conservan."
2024,pib_crecimiento_real_pct,5.52486187845305,5.52486187845305,73.59580666714147,%,wdi.csv,publicado_por_proveedor_estado_no_desagregado,identidad,,,no_archivada; no inferir del periodo ni del mtime,False,WDI,D1_macro,positive,core_anual,True,False,False,Crecimiento real del PIB,
2024,reservas_internacionales_usd,,,,USD,wdi.csv,sin_dato,identidad,,,no_archivada; no inferir del periodo ni del mtime,False,WDI,D1_macro,positive,auxiliar,False,False,False,Reservas internacionales,Faltantes recientes se muestran como faltantes; no se hace forward-fill.
2024,tipo_cambio_oficial_lcu_usd,,,,LCU/USD en denominacion del proveedor,wdi.csv,sin_dato,log10_BsF_equivalente;2018_2021:x1e5;2022_en_adelante:x1e11,,,no_archivada; no inferir del periodo ni del mtime,False,WDI,D1_macro,negative,auxiliar,False,False,False,Tipo de cambio oficial (unidad original WDI),
2024,wti_precio_usd,76.63224000000001,76.63224000000001,68.73420021123628,USD/barril,fred.csv,publicado_por_proveedor_estado_no_desagregado,identidad,,,no_archivada; no inferir del periodo ni del mtime,False,FRED,D1_macro,positive,core_anual,True,True,False,Precio WTI del petroleo,
2024,tasa_fed_funds_pct,5.1433333333333335,5.1433333333333335,17.747394070664672,%,fred.csv,publicado_por_proveedor_estado_no_desagregado,identidad,,,no_archivada; no inferir del periodo ni del mtime,False,FRED,D1_macro,negative,core_anual,True,True,False,Tasa efectiva de fondos federales de EE. UU.,
2024,petroleo_crudo_produccion_tbpd,863.4699453551913,863.4699453551913,14.215041100951325,mil barriles/dia,eia.csv,publicado_por_proveedor_estado_no_desagregado,identidad,,,no_archivada; no inferir del periodo ni del mtime,False,EIA,D2_energia,positive,core_anual,True,False,False,Produccion de crudo y condensado de arrendamiento (EIA producto 57),
2024,gas_natural_produccion_bcf,898.0486073,898.0486073,52.71187903957277,BCF,eia.csv,publicado_por_proveedor_estado_no_desagregado,identidad,,,no_archivada; no inferir del periodo ni del mtime,False,EIA,D2_energia,positive,auxiliar,False,False,False,Produccion de gas natural,
2024,electricidad_generacion_bkwh,80.129574082,80.129574082,12.935907280263237,bkWh,eia.csv,publicado_por_proveedor_estado_no_desagregado,identidad,,,no_archivada; no inferir del periodo ni del mtime,False,EIA,D2_energia,positive,auxiliar,False,False,False,Generacion electrica,
2024,luminosidad_nocturna_idx,,,,nW/cm2/sr,blackmarble_qa_monthly.csv,sin_dato,media_de_meses_publicados_minimo_3,,,no_archivada; no inferir del periodo ni del mtime,False,VIIRS,D2_energia,positive,core_anual,True,False,False,Luminosidad nocturna satelital,"NASA Black Marble VNP46A3, media nacional con mascara poligonal exacta. Sustituyo a la serie de Li et al. el 2026-08-11: mismo fenomeno con 2 meses de rezago en vez de 2 anios. Cubre 2014-2026; no se empalma con la anterior."
2024,cpi_score,10.0,10.0,0.0,0-100,cpi.csv,publicado_por_proveedor_estado_no_desagregado,identidad,,,no_archivada; no inferir del periodo ni del mtime,False,CPI,D3_institucional,positive,core_anual,True,False,False,Indice de percepcion de corrupcion,CPI comparable solo desde 2012; registros anteriores conservados en raw y excluidos del indice.
2024,wgi_promedio_sc,23.94001985,23.94001985,2.5320244406466843,percentil 0-100,wgi.csv,publicado_por_proveedor_estado_no_desagregado,identidad,,,no_archivada; no inferir del periodo ni del mtime,False,WGI,D3_institucional,positive,core_anual,True,False,False,Promedio WGI de gobernanza,
2024,freedom_house_score,13.0,13.0,0.0,0-100,freedom_house.csv,publicado_por_proveedor_estado_no_desagregado,identidad,,,no_archivada; no inferir del periodo ni del mtime,False,FREEDOM_HOUSE,D3_institucional,positive,core_anual,True,False,False,Freedom House aggregate score,
2024,wjp_rule_of_law,0.2607,0.2607,1.0111223458038432,0-1,wjp.csv,publicado_por_proveedor_estado_no_desagregado,identidad,,,no_archivada; no inferir del periodo ni del mtime,False,WJP,D3_institucional,positive,core_anual,True,False,False,World Justice Project Rule of Law,Ediciones dobles asignadas solo al año final (2012-2013 a 2013; 2017-2018 a 2018).
2024,pts_terror_politico,4.33,4.33,26.799999999999997,1-5,,publicado_por_proveedor_estado_no_desagregado,identidad,,,no_archivada; no inferir del periodo ni del mtime,False,PTS,D3_institucional,negative,core_anual,True,False,False,Political Terror Scale,
2024,exportaciones_pct_pib,16.7350337150912,16.7350337150912,35.458790766520906,% PIB,wdi.csv,publicado_por_proveedor_estado_no_desagregado,identidad,,,no_archivada; no inferir del periodo ni del mtime,False,WDI,D4_comercial,positive,core_anual,True,False,False,Exportaciones de bienes y servicios,
2024,desempleo_pct,,,,%,imf.csv,sin_dato,identidad,,,no_archivada; no inferir del periodo ni del mtime,False,IMF,D4_comercial,negative,auxiliar,False,False,False,Tasa de desempleo,
2024,migrantes_vzla_millones,1.7302,1.7302,0.0,millones,unhcr.csv,publicado_por_proveedor_estado_no_desagregado,identidad,,,no_archivada; no inferir del periodo ni del mtime,False,UNHCR,D4_comercial,negative,core_anual,True,False,False,Refugiados y solicitantes de asilo venezolanos,
2024,lsci_conectividad_maritima,37.22,37.22,11.306532663316581,indice (base promedio Q1 2023 = 100),unctad.csv,publicado_por_proveedor_estado_no_desagregado,identidad,,,no_archivada; no inferir del periodo ni del mtime,False,UNCTAD,D4_comercial,positive,core_anual,True,False,False,Liner Shipping Connectivity Index,No es una escala acotada 0-100. Promedio de trimestres publicados; años parciales se identifican.
2024,hdi,,,,0-1,hdi.csv,sin_dato,identidad,,,no_archivada; no inferir del periodo ni del mtime,False,HDI,D5_capital_humano,positive,core_anual,True,False,False,Indice de Desarrollo Humano,
2024,esperanza_vida_anos,72.673,72.673,71.01760412194079,anos,wdi.csv,publicado_por_proveedor_estado_no_desagregado,identidad,,,no_archivada; no inferir del periodo ni del mtime,False,WDI,D5_capital_humano,positive,core_anual,True,False,False,Esperanza de vida al nacer,
2024,mortalidad_infantil_x1000,21.2,21.2,0.0,muertes por 1.000 nacidos vivos,wdi.csv,publicado_por_proveedor_estado_no_desagregado,identidad,,,no_archivada; no inferir del periodo ni del mtime,False,WDI,D5_capital_humano,negative,core_anual,True,False,False,Mortalidad infantil,
2024,acceso_electricidad_pct,100.0,100.0,100.0,% poblacion,wdi.csv,publicado_por_proveedor_estado_no_desagregado,identidad,,,no_archivada; no inferir del periodo ni del mtime,False,WDI,D5_capital_humano,positive,core_anual,True,False,False,Acceso a electricidad,
2024,empleo_vulnerable_oit_pct,37.16,37.16,1.8766756032171663,% empleo,ilostat.csv,estimacion_modelada_OIT_distribuida_WDI,identidad,,,no_archivada; no inferir del periodo ni del mtime,False,WDI,D5_capital_humano,negative,core_anual,True,False,False,Empleo vulnerable (estimacion modelada OIT),OIT ILOEST distribuido por WDI SL.EMP.VULN.ZS: cuenta propia y familiares auxiliares. No equivale a empleo informal ni a una observacion directa; no sustituye otras series.
2024,guardian_tono_titulares,-0.1664,-0.1664,50.59480456421461,VADER compound,guardian.csv,publicado_por_proveedor_estado_no_desagregado,identidad,,,no_archivada; no inferir del periodo ni del mtime,False,GUARDIAN,D6_percepcion,positive,core_anual,True,True,False,Tono de titulares internacionales,
2024,guardian_articulos_venezuela,308.0,308.0,76.92307692307693,articulos,guardian.csv,publicado_por_proveedor_estado_no_desagregado,identidad,,,no_archivada; no inferir del periodo ni del mtime,False,GUARDIAN,D6_percepcion,negative,core_anual,True,True,False,Volumen de cobertura internacional,
2024,ied_neta_usd,1632583330.0,1632583330.0,39.61074556636156,USD,wdi.csv,publicado_por_proveedor_estado_no_desagregado,identidad,,,no_archivada; no inferir del periodo ni del mtime,False,WDI,D4_comercial,positive,outcome_externo,False,False,True,Inversion extranjera directa neta,Outcome externo usado para validacion ICIV -> IED; no entra al score.
2024,brent_precio_usd,80.52185039370079,80.52185039370079,64.35878371703808,USD/barril,fred.csv,publicado_por_proveedor_estado_no_desagregado,identidad,,,no_archivada; no inferir del periodo ni del mtime,False,FRED,D1_macro,positive,pulse_mensual,False,True,False,Precio Brent del petroleo,
2024,usd_index_broad,122.89302988047808,122.89302988047808,0.0,indice,fred.csv,publicado_por_proveedor_estado_no_desagregado,identidad,,,no_archivada; no inferir del periodo ni del mtime,False,FRED,D1_macro,negative,pulse_mensual,False,True,False,Indice amplio del dolar,
2024,vix_volatility,15.55065637065637,15.55065637065637,79.35433816151989,indice,fred.csv,publicado_por_proveedor_estado_no_desagregado,identidad,,,no_archivada; no inferir del periodo ni del mtime,False,FRED,D1_macro,negative,pulse_mensual,False,True,False,VIX volatilidad financiera,
2024,ust_10y_yield_pct,4.20796,4.20796,35.446256616114255,%,fred.csv,publicado_por_proveedor_estado_no_desagregado,identidad,,,no_archivada; no inferir del periodo ni del mtime,False,FRED,D1_macro,negative,pulse_mensual,False,True,False,Treasury 10Y yield,
2025,inflacion_ipc_imf_pct,252.0,2.401400540781544,64.91886425305023,% anual,imf.csv,WEO_estimaciones_y_proyecciones_estado_individual_no_verificado,log10_porcentaje_positivo; no se imputan valores no positivos,,,no_archivada; no inferir del periodo ni del mtime,False,IMF,D1_macro,negative,core_anual,True,False,False,Inflacion de precios al consumidor (FMI),"IMF WEO PCPIPCH: variacion porcentual anual del IPC, no deflactor del PIB. Incluye estimaciones y proyecciones del proveedor; el estado se declara por observacion. Se transforma a log10 antes de normalizar; los valores originales se conservan."
2025,pib_crecimiento_real_pct,1.57068062827224,1.57068062827224,65.36339063891053,%,wdi.csv,publicado_por_proveedor_estado_no_desagregado,identidad,,,no_archivada; no inferir del periodo ni del mtime,False,WDI,D1_macro,positive,core_anual,True,False,False,Crecimiento real del PIB,
2025,reservas_internacionales_usd,,,,USD,wdi.csv,sin_dato,identidad,,,no_archivada; no inferir del periodo ni del mtime,False,WDI,D1_macro,positive,auxiliar,False,False,False,Reservas internacionales,Faltantes recientes se muestran como faltantes; no se hace forward-fill.
2025,tipo_cambio_oficial_lcu_usd,,,,LCU/USD en denominacion del proveedor,wdi.csv,sin_dato,log10_BsF_equivalente;2018_2021:x1e5;2022_en_adelante:x1e11,,,no_archivada; no inferir del periodo ni del mtime,False,WDI,D1_macro,negative,auxiliar,False,False,False,Tipo de cambio oficial (unidad original WDI),
2025,wti_precio_usd,65.38810483870968,65.38810483870968,53.47516634493552,USD/barril,fred.csv,publicado_por_proveedor_estado_no_desagregado,identidad,,,no_archivada; no inferir del periodo ni del mtime,False,FRED,D1_macro,positive,core_anual,True,True,False,Precio WTI del petroleo,
2025,tasa_fed_funds_pct,4.2125,4.2125,32.868552863137936,%,fred.csv,publicado_por_proveedor_estado_no_desagregado,identidad,,,no_archivada; no inferir del periodo ni del mtime,False,FRED,D1_macro,negative,core_anual,True,True,False,Tasa efectiva de fondos federales de EE. UU.,
2025,petroleo_crudo_produccion_tbpd,972.6164383561644,972.6164383561644,18.827077726789064,mil barriles/dia,eia.csv,publicado_por_proveedor_estado_no_desagregado,identidad,,,no_archivada; no inferir del periodo ni del mtime,False,EIA,D2_energia,positive,core_anual,True,False,False,Produccion de crudo y condensado de arrendamiento (EIA producto 57),
2025,gas_natural_produccion_bcf,,,,BCF,eia.csv,sin_dato,identidad,,,no_archivada; no inferir del periodo ni del mtime,False,EIA,D2_energia,positive,auxiliar,False,False,False,Produccion de gas natural,
2025,electricidad_generacion_bkwh,,,,bkWh,eia.csv,sin_dato,identidad,,,no_archivada; no inferir del periodo ni del mtime,False,EIA,D2_energia,positive,auxiliar,False,False,False,Generacion electrica,
2025,luminosidad_nocturna_idx,,,,nW/cm2/sr,blackmarble_qa_monthly.csv,sin_dato,media_de_meses_publicados_minimo_3,,,no_archivada; no inferir del periodo ni del mtime,False,VIIRS,D2_energia,positive,core_anual,True,False,False,Luminosidad nocturna satelital,"NASA Black Marble VNP46A3, media nacional con mascara poligonal exacta. Sustituyo a la serie de Li et al. el 2026-08-11: mismo fenomeno con 2 meses de rezago en vez de 2 anios. Cubre 2014-2026; no se empalma con la anterior."
2025,cpi_score,10.0,10.0,0.0,0-100,cpi.csv,publicado_por_proveedor_estado_no_desagregado,identidad,,,no_archivada; no inferir del periodo ni del mtime,False,CPI,D3_institucional,positive,core_anual,True,False,False,Indice de percepcion de corrupcion,CPI comparable solo desde 2012; registros anteriores conservados en raw y excluidos del indice.
2025,wgi_promedio_sc,,,,percentil 0-100,wgi.csv,sin_dato,identidad,,,no_archivada; no inferir del periodo ni del mtime,False,WGI,D3_institucional,positive,core_anual,True,False,False,Promedio WGI de gobernanza,
2025,freedom_house_score,13.0,13.0,0.0,0-100,freedom_house.csv,publicado_por_proveedor_estado_no_desagregado,identidad,,,no_archivada; no inferir del periodo ni del mtime,False,FREEDOM_HOUSE,D3_institucional,positive,core_anual,True,False,False,Freedom House aggregate score,
2025,wjp_rule_of_law,0.2597,0.2597,0.0,0-1,wjp.csv,publicado_por_proveedor_estado_no_desagregado,identidad,,,no_archivada; no inferir del periodo ni del mtime,False,WJP,D3_institucional,positive,core_anual,True,False,False,World Justice Project Rule of Law,Ediciones dobles asignadas solo al año final (2012-2013 a 2013; 2017-2018 a 2018).
2025,pts_terror_politico,,,,1-5,,sin_dato,identidad,,,no_archivada; no inferir del periodo ni del mtime,False,PTS,D3_institucional,negative,core_anual,True,False,False,Political Terror Scale,
2025,exportaciones_pct_pib,14.9031673538596,14.9031673538596,31.5773664968725,% PIB,wdi.csv,publicado_por_proveedor_estado_no_desagregado,identidad,,,no_archivada; no inferir del periodo ni del mtime,False,WDI,D4_comercial,positive,core_anual,True,False,False,Exportaciones de bienes y servicios,
2025,desempleo_pct,,,,%,imf.csv,sin_dato,identidad,,,no_archivada; no inferir del periodo ni del mtime,False,IMF,D4_comercial,negative,auxiliar,False,False,False,Tasa de desempleo,
2025,migrantes_vzla_millones,1.5982,1.5982,7.631822386678995,millones,unhcr.csv,publicado_por_proveedor_estado_no_desagregado,identidad,,,no_archivada; no inferir del periodo ni del mtime,False,UNHCR,D4_comercial,negative,core_anual,True,False,False,Refugiados y solicitantes de asilo venezolanos,
2025,lsci_conectividad_maritima,36.51,36.51,10.530915446799211,indice (base promedio Q1 2023 = 100),unctad.csv,publicado_por_proveedor_estado_no_desagregado,identidad,,,no_archivada; no inferir del periodo ni del mtime,False,UNCTAD,D4_comercial,positive,core_anual,True,False,False,Liner Shipping Connectivity Index,No es una escala acotada 0-100. Promedio de trimestres publicados; años parciales se identifican.
2025,hdi,,,,0-1,hdi.csv,sin_dato,identidad,,,no_archivada; no inferir del periodo ni del mtime,False,HDI,D5_capital_humano,positive,core_anual,True,False,False,Indice de Desarrollo Humano,
2025,esperanza_vida_anos,,,,anos,wdi.csv,sin_dato,identidad,,,no_archivada; no inferir del periodo ni del mtime,False,WDI,D5_capital_humano,positive,core_anual,True,False,False,Esperanza de vida al nacer,
2025,mortalidad_infantil_x1000,,,,muertes por 1.000 nacidos vivos,wdi.csv,sin_dato,identidad,,,no_archivada; no inferir del periodo ni del mtime,False,WDI,D5_capital_humano,negative,core_anual,True,False,False,Mortalidad infantil,
2025,acceso_electricidad_pct,,,,% poblacion,wdi.csv,sin_dato,identidad,,,no_archivada; no inferir del periodo ni del mtime,False,WDI,D5_capital_humano,positive,core_anual,True,False,False,Acceso a electricidad,
2025,empleo_vulnerable_oit_pct,37.3,37.3,0.0,% empleo,ilostat.csv,estimacion_modelada_OIT_distribuida_WDI,identidad,,,no_archivada; no inferir del periodo ni del mtime,False,WDI,D5_capital_humano,negative,core_anual,True,False,False,Empleo vulnerable (estimacion modelada OIT),OIT ILOEST distribuido por WDI SL.EMP.VULN.ZS: cuenta propia y familiares auxiliares. No equivale a empleo informal ni a una observacion directa; no sustituye otras series.
2025,guardian_tono_titulares,-0.2293,-0.2293,35.32410779315368,VADER compound,guardian.csv,publicado_por_proveedor_estado_no_desagregado,identidad,,,no_archivada; no inferir del periodo ni del mtime,False,GUARDIAN,D6_percepcion,positive,core_anual,True,True,False,Tono de titulares internacionales,
2025,guardian_articulos_venezuela,690.0,690.0,34.33667781493868,articulos,guardian.csv,publicado_por_proveedor_estado_no_desagregado,identidad,,,no_archivada; no inferir del periodo ni del mtime,False,GUARDIAN,D6_percepcion,negative,core_anual,True,True,False,Volumen de cobertura internacional,
2025,ied_neta_usd,,,,USD,wdi.csv,sin_dato,identidad,,,no_archivada; no inferir del periodo ni del mtime,False,WDI,D4_comercial,positive,outcome_externo,False,False,True,Inversion extranjera directa neta,Outcome externo usado para validacion ICIV -> IED; no entra al score.
2025,brent_precio_usd,69.14264822134388,69.14264822134388,51.296501652848924,USD/barril,fred.csv,publicado_por_proveedor_estado_no_desagregado,identidad,,,no_archivada; no inferir del periodo ni del mtime,False,FRED,D1_macro,positive,pulse_mensual,False,True,False,Precio Brent del petroleo,
2025,usd_index_broad,122.7202868,122.7202868,0.5063357692546838,indice,fred.csv,publicado_por_proveedor_estado_no_desagregado,identidad,,,no_archivada; no inferir del periodo ni del mtime,False,FRED,D1_macro,negative,pulse_mensual,False,True,False,Indice amplio del dolar,
2025,vix_volatility,18.926666666666662,18.926666666666662,63.72800505690767,indice,fred.csv,publicado_por_proveedor_estado_no_desagregado,identidad,,,no_archivada; no inferir del periodo ni del mtime,False,FRED,D1_macro,negative,pulse_mensual,False,True,False,VIX volatilidad financiera,
2025,ust_10y_yield_pct,4.293212851405622,4.293212851405622,33.78798787185381,%,fred.csv,publicado_por_proveedor_estado_no_desagregado,identidad,,,no_archivada; no inferir del periodo ni del mtime,False,FRED,D1_macro,negative,pulse_mensual,False,True,False,Treasury 10Y yield,
2026,inflacion_ipc_imf_pct,387.4,2.588159616383092,59.89642802705841,% anual,imf.csv,WEO_estimaciones_y_proyecciones_estado_individual_no_verificado,log10_porcentaje_positivo; no se imputan valores no positivos,,,no_archivada; no inferir del periodo ni del mtime,False,IMF,D1_macro,negative,core_anual,True,False,False,Inflacion de precios al consumidor (FMI),"IMF WEO PCPIPCH: variacion porcentual anual del IPC, no deflactor del PIB. Incluye estimaciones y proyecciones del proveedor; el estado se declara por observacion. Se transforma a log10 antes de normalizar; los valores originales se conservan."
2026,pib_crecimiento_real_pct,,,,%,wdi.csv,sin_dato,identidad,,,no_archivada; no inferir del periodo ni del mtime,False,WDI,D1_macro,positive,core_anual,True,False,False,Crecimiento real del PIB,
2026,reservas_internacionales_usd,,,,USD,wdi.csv,sin_dato,identidad,,,no_archivada; no inferir del periodo ni del mtime,False,WDI,D1_macro,positive,auxiliar,False,False,False,Reservas internacionales,Faltantes recientes se muestran como faltantes; no se hace forward-fill.
2026,tipo_cambio_oficial_lcu_usd,,,,LCU/USD en denominacion del proveedor,wdi.csv,sin_dato,log10_BsF_equivalente;2018_2021:x1e5;2022_en_adelante:x1e11,,,no_archivada; no inferir del periodo ni del mtime,False,WDI,D1_macro,negative,auxiliar,False,False,False,Tipo de cambio oficial (unidad original WDI),
2026,wti_precio_usd,84.06598837209303,84.06598837209303,78.82228760401613,USD/barril,fred.csv,publicado_por_proveedor_estado_no_desagregado,identidad,,,no_archivada; no inferir del periodo ni del mtime,False,FRED,D1_macro,positive,core_anual,True,True,False,Precio WTI del petroleo,
2026,tasa_fed_funds_pct,3.635,3.635,42.249898470285636,%,fred.csv,publicado_por_proveedor_estado_no_desagregado,identidad,,,no_archivada; no inferir del periodo ni del mtime,False,FRED,D1_macro,negative,core_anual,True,True,False,Tasa efectiva de fondos federales de EE. UU.,
2026,petroleo_crudo_produccion_tbpd,1026.0,1026.0,21.08282534404729,mil barriles/dia,eia_monthly.csv,agregado_mensual_parcial,identidad,5.0,,no_archivada; no inferir del periodo ni del mtime,False,EIA,D2_energia,positive,core_anual,True,False,False,Produccion de crudo y condensado de arrendamiento (EIA producto 57),
2026,gas_natural_produccion_bcf,,,,BCF,eia.csv,sin_dato,identidad,,,no_archivada; no inferir del periodo ni del mtime,False,EIA,D2_energia,positive,auxiliar,False,False,False,Produccion de gas natural,
2026,electricidad_generacion_bkwh,,,,bkWh,eia.csv,sin_dato,identidad,,,no_archivada; no inferir del periodo ni del mtime,False,EIA,D2_energia,positive,auxiliar,False,False,False,Generacion electrica,
2026,luminosidad_nocturna_idx,,,,nW/cm2/sr,blackmarble_qa_monthly.csv,sin_dato,media_de_meses_publicados_minimo_3,,,no_archivada; no inferir del periodo ni del mtime,False,VIIRS,D2_energia,positive,core_anual,True,False,False,Luminosidad nocturna satelital,"NASA Black Marble VNP46A3, media nacional con mascara poligonal exacta. Sustituyo a la serie de Li et al. el 2026-08-11: mismo fenomeno con 2 meses de rezago en vez de 2 anios. Cubre 2014-2026; no se empalma con la anterior."
2026,cpi_score,,,,0-100,cpi.csv,sin_dato,identidad,,,no_archivada; no inferir del periodo ni del mtime,False,CPI,D3_institucional,positive,core_anual,True,False,False,Indice de percepcion de corrupcion,CPI comparable solo desde 2012; registros anteriores conservados en raw y excluidos del indice.
2026,wgi_promedio_sc,,,,percentil 0-100,wgi.csv,sin_dato,identidad,,,no_archivada; no inferir del periodo ni del mtime,False,WGI,D3_institucional,positive,core_anual,True,False,False,Promedio WGI de gobernanza,
2026,freedom_house_score,,,,0-100,freedom_house.csv,sin_dato,identidad,,,no_archivada; no inferir del periodo ni del mtime,False,FREEDOM_HOUSE,D3_institucional,positive,core_anual,True,False,False,Freedom House aggregate score,
2026,wjp_rule_of_law,,,,0-1,wjp.csv,sin_dato,identidad,,,no_archivada; no inferir del periodo ni del mtime,False,WJP,D3_institucional,positive,core_anual,True,False,False,World Justice Project Rule of Law,Ediciones dobles asignadas solo al año final (2012-2013 a 2013; 2017-2018 a 2018).
2026,pts_terror_politico,,,,1-5,,sin_dato,identidad,,,no_archivada; no inferir del periodo ni del mtime,False,PTS,D3_institucional,negative,core_anual,True,False,False,Political Terror Scale,
2026,exportaciones_pct_pib,,,,% PIB,wdi.csv,sin_dato,identidad,,,no_archivada; no inferir del periodo ni del mtime,False,WDI,D4_comercial,positive,core_anual,True,False,False,Exportaciones de bienes y servicios,
2026,desempleo_pct,,,,%,imf.csv,sin_dato,identidad,,,no_archivada; no inferir del periodo ni del mtime,False,IMF,D4_comercial,negative,auxiliar,False,False,False,Tasa de desempleo,
2026,migrantes_vzla_millones,,,,millones,unhcr.csv,sin_dato,identidad,,,no_archivada; no inferir del periodo ni del mtime,False,UNHCR,D4_comercial,negative,core_anual,True,False,False,Refugiados y solicitantes de asilo venezolanos,
2026,lsci_conectividad_maritima,38.6,38.6,12.814070351758797,indice (base promedio Q1 2023 = 100),unctad.csv,publicado_por_proveedor_estado_no_desagregado,identidad,,,no_archivada; no inferir del periodo ni del mtime,False,UNCTAD,D4_comercial,positive,core_anual,True,False,False,Liner Shipping Connectivity Index,No es una escala acotada 0-100. Promedio de trimestres publicados; años parciales se identifican.
2026,hdi,,,,0-1,hdi.csv,sin_dato,identidad,,,no_archivada; no inferir del periodo ni del mtime,False,HDI,D5_capital_humano,positive,core_anual,True,False,False,Indice de Desarrollo Humano,
2026,esperanza_vida_anos,,,,anos,wdi.csv,sin_dato,identidad,,,no_archivada; no inferir del periodo ni del mtime,False,WDI,D5_capital_humano,positive,core_anual,True,False,False,Esperanza de vida al nacer,
2026,mortalidad_infantil_x1000,,,,muertes por 1.000 nacidos vivos,wdi.csv,sin_dato,identidad,,,no_archivada; no inferir del periodo ni del mtime,False,WDI,D5_capital_humano,negative,core_anual,True,False,False,Mortalidad infantil,
2026,acceso_electricidad_pct,,,,% poblacion,wdi.csv,sin_dato,identidad,,,no_archivada; no inferir del periodo ni del mtime,False,WDI,D5_capital_humano,positive,core_anual,True,False,False,Acceso a electricidad,
2026,empleo_vulnerable_oit_pct,,,,% empleo,ilostat.csv,sin_dato,identidad,,,no_archivada; no inferir del periodo ni del mtime,False,WDI,D5_capital_humano,negative,core_anual,True,False,False,Empleo vulnerable (estimacion modelada OIT),OIT ILOEST distribuido por WDI SL.EMP.VULN.ZS: cuenta propia y familiares auxiliares. No equivale a empleo informal ni a una observacion directa; no sustituye otras series.
2026,guardian_tono_titulares,-0.145,-0.145,55.790240349599415,VADER compound,guardian.csv,publicado_por_proveedor_estado_no_desagregado,identidad,,,no_archivada; no inferir del periodo ni del mtime,False,GUARDIAN,D6_percepcion,positive,core_anual,True,True,False,Tono de titulares internacionales,
2026,guardian_articulos_venezuela,998.0,998.0,0.0,articulos,guardian.csv,publicado_por_proveedor_estado_no_desagregado,identidad,,,no_archivada; no inferir del periodo ni del mtime,False,GUARDIAN,D6_percepcion,negative,core_anual,True,True,False,Volumen de cobertura internacional,
2026,ied_neta_usd,,,,USD,wdi.csv,sin_dato,identidad,,,no_archivada; no inferir del periodo ni del mtime,False,WDI,D4_comercial,positive,outcome_externo,False,False,True,Inversion extranjera directa neta,Outcome externo usado para validacion ICIV -> IED; no entra al score.
2026,brent_precio_usd,90.86189655172412,90.86189655172412,76.22820983558826,USD/barril,fred.csv,publicado_por_proveedor_estado_no_desagregado,identidad,,,no_archivada; no inferir del periodo ni del mtime,False,FRED,D1_macro,positive,pulse_mensual,False,True,False,Precio Brent del petroleo,
2026,usd_index_broad,119.30748479532164,119.30748479532164,10.509768170542474,indice,fred.csv,publicado_por_proveedor_estado_no_desagregado,identidad,,,no_archivada; no inferir del periodo ni del mtime,False,FRED,D1_macro,negative,pulse_mensual,False,True,False,Indice amplio del dolar,
2026,vix_volatility,18.422513966480448,18.422513966480448,66.06154593443686,indice,fred.csv,publicado_por_proveedor_estado_no_desagregado,identidad,,,no_archivada; no inferir del periodo ni del mtime,False,FRED,D1_macro,negative,pulse_mensual,False,True,False,VIX volatilidad financiera,
2026,ust_10y_yield_pct,4.413333333333333,4.413333333333333,31.451502494039357,%,fred.csv,publicado_por_proveedor_estado_no_desagregado,identidad,,,no_archivada; no inferir del periodo ni del mtime,False,FRED,D1_macro,negative,pulse_mensual,False,True,False,Treasury 10Y yield,
