año,mes,productId,productName,variable,valor,unidad,fuente
2000,1,53,Total petroleum and other liquids,petroleo_liquidos_totales_tbpd,3116.0,TBPD,"U.S. Energy Information Administration (EIA), International Energy Statistics, monthly series. https://www.eia.gov/international/data/"
2000,2,53,Total petroleum and other liquids,petroleo_liquidos_totales_tbpd,3126.0,TBPD,"U.S. Energy Information Administration (EIA), International Energy Statistics, monthly series. https://www.eia.gov/international/data/"
2000,3,53,Total petroleum and other liquids,petroleo_liquidos_totales_tbpd,3126.0,TBPD,"U.S. Energy Information Administration (EIA), International Energy Statistics, monthly series. https://www.eia.gov/international/data/"
2000,4,53,Total petroleum and other liquids,petroleo_liquidos_totales_tbpd,3176.0,TBPD,"U.S. Energy Information Administration (EIA), International Energy Statistics, monthly series. https://www.eia.gov/international/data/"
2000,5,53,Total petroleum and other liquids,petroleo_liquidos_totales_tbpd,3201.0,TBPD,"U.S. Energy Information Administration (EIA), International Energy Statistics, monthly series. https://www.eia.gov/international/data/"
2000,6,53,Total petroleum and other liquids,petroleo_liquidos_totales_tbpd,3201.0,TBPD,"U.S. Energy Information Administration (EIA), International Energy Statistics, monthly series. https://www.eia.gov/international/data/"
2000,7,53,Total petroleum and other liquids,petroleo_liquidos_totales_tbpd,3226.0,TBPD,"U.S. Energy Information Administration (EIA), International Energy Statistics, monthly series. https://www.eia.gov/international/data/"
2000,8,53,Total petroleum and other liquids,petroleo_liquidos_totales_tbpd,3246.0,TBPD,"U.S. Energy Information Administration (EIA), International Energy Statistics, monthly series. https://www.eia.gov/international/data/"
2000,9,53,Total petroleum and other liquids,petroleo_liquidos_totales_tbpd,3256.0,TBPD,"U.S. Energy Information Administration (EIA), International Energy Statistics, monthly series. https://www.eia.gov/international/data/"
2000,10,53,Total petroleum and other liquids,petroleo_liquidos_totales_tbpd,3276.0,TBPD,"U.S. Energy Information Administration (EIA), International Energy Statistics, monthly series. https://www.eia.gov/international/data/"
2000,11,53,Total petroleum and other liquids,petroleo_liquidos_totales_tbpd,3326.0,TBPD,"U.S. Energy Information Administration (EIA), International Energy Statistics, monthly series. https://www.eia.gov/international/data/"
2000,12,53,Total petroleum and other liquids,petroleo_liquidos_totales_tbpd,3356.0,TBPD,"U.S. Energy Information Administration (EIA), International Energy Statistics, monthly series. https://www.eia.gov/international/data/"
2001,1,53,Total petroleum and other liquids,petroleo_liquidos_totales_tbpd,3412.0,TBPD,"U.S. Energy Information Administration (EIA), International Energy Statistics, monthly series. https://www.eia.gov/international/data/"
2001,2,53,Total petroleum and other liquids,petroleo_liquidos_totales_tbpd,3242.0,TBPD,"U.S. Energy Information Administration (EIA), International Energy Statistics, monthly series. https://www.eia.gov/international/data/"
2001,3,53,Total petroleum and other liquids,petroleo_liquidos_totales_tbpd,3242.0,TBPD,"U.S. Energy Information Administration (EIA), International Energy Statistics, monthly series. https://www.eia.gov/international/data/"
2001,4,53,Total petroleum and other liquids,petroleo_liquidos_totales_tbpd,3142.0,TBPD,"U.S. Energy Information Administration (EIA), International Energy Statistics, monthly series. https://www.eia.gov/international/data/"
2001,5,53,Total petroleum and other liquids,petroleo_liquidos_totales_tbpd,3115.0,TBPD,"U.S. Energy Information Administration (EIA), International Energy Statistics, monthly series. https://www.eia.gov/international/data/"
2001,6,53,Total petroleum and other liquids,petroleo_liquidos_totales_tbpd,3145.0,TBPD,"U.S. Energy Information Administration (EIA), International Energy Statistics, monthly series. https://www.eia.gov/international/data/"
2001,7,53,Total petroleum and other liquids,petroleo_liquidos_totales_tbpd,3155.0,TBPD,"U.S. Energy Information Administration (EIA), International Energy Statistics, monthly series. https://www.eia.gov/international/data/"
2001,8,53,Total petroleum and other liquids,petroleo_liquidos_totales_tbpd,3153.0,TBPD,"U.S. Energy Information Administration (EIA), International Energy Statistics, monthly series. https://www.eia.gov/international/data/"
2001,9,53,Total petroleum and other liquids,petroleo_liquidos_totales_tbpd,3029.0,TBPD,"U.S. Energy Information Administration (EIA), International Energy Statistics, monthly series. https://www.eia.gov/international/data/"
2001,10,53,Total petroleum and other liquids,petroleo_liquidos_totales_tbpd,3019.0,TBPD,"U.S. Energy Information Administration (EIA), International Energy Statistics, monthly series. https://www.eia.gov/international/data/"
2001,11,53,Total petroleum and other liquids,petroleo_liquidos_totales_tbpd,3029.0,TBPD,"U.S. Energy Information Administration (EIA), International Energy Statistics, monthly series. https://www.eia.gov/international/data/"
2001,12,53,Total petroleum and other liquids,petroleo_liquidos_totales_tbpd,3019.0,TBPD,"U.S. Energy Information Administration (EIA), International Energy Statistics, monthly series. https://www.eia.gov/international/data/"
2002,1,53,Total petroleum and other liquids,petroleo_liquidos_totales_tbpd,2897.0,TBPD,"U.S. Energy Information Administration (EIA), International Energy Statistics, monthly series. https://www.eia.gov/international/data/"
2002,2,53,Total petroleum and other liquids,petroleo_liquidos_totales_tbpd,2836.0,TBPD,"U.S. Energy Information Administration (EIA), International Energy Statistics, monthly series. https://www.eia.gov/international/data/"
2002,3,53,Total petroleum and other liquids,petroleo_liquidos_totales_tbpd,2748.0,TBPD,"U.S. Energy Information Administration (EIA), International Energy Statistics, monthly series. https://www.eia.gov/international/data/"
2002,4,53,Total petroleum and other liquids,petroleo_liquidos_totales_tbpd,2475.0,TBPD,"U.S. Energy Information Administration (EIA), International Energy Statistics, monthly series. https://www.eia.gov/international/data/"
2002,5,53,Total petroleum and other liquids,petroleo_liquidos_totales_tbpd,2542.0,TBPD,"U.S. Energy Information Administration (EIA), International Energy Statistics, monthly series. https://www.eia.gov/international/data/"
2002,6,53,Total petroleum and other liquids,petroleo_liquidos_totales_tbpd,2545.0,TBPD,"U.S. Energy Information Administration (EIA), International Energy Statistics, monthly series. https://www.eia.gov/international/data/"
2002,7,53,Total petroleum and other liquids,petroleo_liquidos_totales_tbpd,2998.0,TBPD,"U.S. Energy Information Administration (EIA), International Energy Statistics, monthly series. https://www.eia.gov/international/data/"
2002,8,53,Total petroleum and other liquids,petroleo_liquidos_totales_tbpd,3130.0,TBPD,"U.S. Energy Information Administration (EIA), International Energy Statistics, monthly series. https://www.eia.gov/international/data/"
2002,9,53,Total petroleum and other liquids,petroleo_liquidos_totales_tbpd,2856.0,TBPD,"U.S. Energy Information Administration (EIA), International Energy Statistics, monthly series. https://www.eia.gov/international/data/"
2002,10,53,Total petroleum and other liquids,petroleo_liquidos_totales_tbpd,3041.0,TBPD,"U.S. Energy Information Administration (EIA), International Energy Statistics, monthly series. https://www.eia.gov/international/data/"
2002,11,53,Total petroleum and other liquids,petroleo_liquidos_totales_tbpd,3085.0,TBPD,"U.S. Energy Information Administration (EIA), International Energy Statistics, monthly series. https://www.eia.gov/international/data/"
2002,12,53,Total petroleum and other liquids,petroleo_liquidos_totales_tbpd,1874.0,TBPD,"U.S. Energy Information Administration (EIA), International Energy Statistics, monthly series. https://www.eia.gov/international/data/"
2003,1,53,Total petroleum and other liquids,petroleo_liquidos_totales_tbpd,1506.0,TBPD,"U.S. Energy Information Administration (EIA), International Energy Statistics, monthly series. https://www.eia.gov/international/data/"
2003,2,53,Total petroleum and other liquids,petroleo_liquidos_totales_tbpd,1753.0,TBPD,"U.S. Energy Information Administration (EIA), International Energy Statistics, monthly series. https://www.eia.gov/international/data/"
2003,3,53,Total petroleum and other liquids,petroleo_liquidos_totales_tbpd,2443.0,TBPD,"U.S. Energy Information Administration (EIA), International Energy Statistics, monthly series. https://www.eia.gov/international/data/"
2003,4,53,Total petroleum and other liquids,petroleo_liquidos_totales_tbpd,2785.0,TBPD,"U.S. Energy Information Administration (EIA), International Energy Statistics, monthly series. https://www.eia.gov/international/data/"
2003,5,53,Total petroleum and other liquids,petroleo_liquidos_totales_tbpd,2887.0,TBPD,"U.S. Energy Information Administration (EIA), International Energy Statistics, monthly series. https://www.eia.gov/international/data/"
2003,6,53,Total petroleum and other liquids,petroleo_liquidos_totales_tbpd,2805.0,TBPD,"U.S. Energy Information Administration (EIA), International Energy Statistics, monthly series. https://www.eia.gov/international/data/"
2003,7,53,Total petroleum and other liquids,petroleo_liquidos_totales_tbpd,2526.0,TBPD,"U.S. Energy Information Administration (EIA), International Energy Statistics, monthly series. https://www.eia.gov/international/data/"
2003,8,53,Total petroleum and other liquids,petroleo_liquidos_totales_tbpd,2678.0,TBPD,"U.S. Energy Information Administration (EIA), International Energy Statistics, monthly series. https://www.eia.gov/international/data/"
2003,9,53,Total petroleum and other liquids,petroleo_liquidos_totales_tbpd,2544.0,TBPD,"U.S. Energy Information Administration (EIA), International Energy Statistics, monthly series. https://www.eia.gov/international/data/"
2003,10,53,Total petroleum and other liquids,petroleo_liquidos_totales_tbpd,2743.0,TBPD,"U.S. Energy Information Administration (EIA), International Energy Statistics, monthly series. https://www.eia.gov/international/data/"
2003,11,53,Total petroleum and other liquids,petroleo_liquidos_totales_tbpd,2591.0,TBPD,"U.S. Energy Information Administration (EIA), International Energy Statistics, monthly series. https://www.eia.gov/international/data/"
2003,12,53,Total petroleum and other liquids,petroleo_liquidos_totales_tbpd,2758.0,TBPD,"U.S. Energy Information Administration (EIA), International Energy Statistics, monthly series. https://www.eia.gov/international/data/"
2004,1,53,Total petroleum and other liquids,petroleo_liquidos_totales_tbpd,2652.0,TBPD,"U.S. Energy Information Administration (EIA), International Energy Statistics, monthly series. https://www.eia.gov/international/data/"
2004,2,53,Total petroleum and other liquids,petroleo_liquidos_totales_tbpd,2789.0,TBPD,"U.S. Energy Information Administration (EIA), International Energy Statistics, monthly series. https://www.eia.gov/international/data/"
2004,3,53,Total petroleum and other liquids,petroleo_liquidos_totales_tbpd,2928.0,TBPD,"U.S. Energy Information Administration (EIA), International Energy Statistics, monthly series. https://www.eia.gov/international/data/"
2004,4,53,Total petroleum and other liquids,petroleo_liquidos_totales_tbpd,2808.0,TBPD,"U.S. Energy Information Administration (EIA), International Energy Statistics, monthly series. https://www.eia.gov/international/data/"
2004,5,53,Total petroleum and other liquids,petroleo_liquidos_totales_tbpd,2865.0,TBPD,"U.S. Energy Information Administration (EIA), International Energy Statistics, monthly series. https://www.eia.gov/international/data/"
2004,6,53,Total petroleum and other liquids,petroleo_liquidos_totales_tbpd,3105.0,TBPD,"U.S. Energy Information Administration (EIA), International Energy Statistics, monthly series. https://www.eia.gov/international/data/"
2004,7,53,Total petroleum and other liquids,petroleo_liquidos_totales_tbpd,2927.0,TBPD,"U.S. Energy Information Administration (EIA), International Energy Statistics, monthly series. https://www.eia.gov/international/data/"
2004,8,53,Total petroleum and other liquids,petroleo_liquidos_totales_tbpd,2802.0,TBPD,"U.S. Energy Information Administration (EIA), International Energy Statistics, monthly series. https://www.eia.gov/international/data/"
2004,9,53,Total petroleum and other liquids,petroleo_liquidos_totales_tbpd,2768.0,TBPD,"U.S. Energy Information Administration (EIA), International Energy Statistics, monthly series. https://www.eia.gov/international/data/"
2004,10,53,Total petroleum and other liquids,petroleo_liquidos_totales_tbpd,2826.0,TBPD,"U.S. Energy Information Administration (EIA), International Energy Statistics, monthly series. https://www.eia.gov/international/data/"
2004,11,53,Total petroleum and other liquids,petroleo_liquidos_totales_tbpd,2705.0,TBPD,"U.S. Energy Information Administration (EIA), International Energy Statistics, monthly series. https://www.eia.gov/international/data/"
2004,12,53,Total petroleum and other liquids,petroleo_liquidos_totales_tbpd,2869.0,TBPD,"U.S. Energy Information Administration (EIA), International Energy Statistics, monthly series. https://www.eia.gov/international/data/"
2005,1,53,Total petroleum and other liquids,petroleo_liquidos_totales_tbpd,3099.0,TBPD,"U.S. Energy Information Administration (EIA), International Energy Statistics, monthly series. https://www.eia.gov/international/data/"
2005,2,53,Total petroleum and other liquids,petroleo_liquidos_totales_tbpd,3264.0,TBPD,"U.S. Energy Information Administration (EIA), International Energy Statistics, monthly series. https://www.eia.gov/international/data/"
2005,3,53,Total petroleum and other liquids,petroleo_liquidos_totales_tbpd,3103.0,TBPD,"U.S. Energy Information Administration (EIA), International Energy Statistics, monthly series. https://www.eia.gov/international/data/"
2005,4,53,Total petroleum and other liquids,petroleo_liquidos_totales_tbpd,3267.0,TBPD,"U.S. Energy Information Administration (EIA), International Energy Statistics, monthly series. https://www.eia.gov/international/data/"
2005,5,53,Total petroleum and other liquids,petroleo_liquidos_totales_tbpd,3214.0,TBPD,"U.S. Energy Information Administration (EIA), International Energy Statistics, monthly series. https://www.eia.gov/international/data/"
2005,6,53,Total petroleum and other liquids,petroleo_liquidos_totales_tbpd,3164.0,TBPD,"U.S. Energy Information Administration (EIA), International Energy Statistics, monthly series. https://www.eia.gov/international/data/"
2005,7,53,Total petroleum and other liquids,petroleo_liquidos_totales_tbpd,3170.0,TBPD,"U.S. Energy Information Administration (EIA), International Energy Statistics, monthly series. https://www.eia.gov/international/data/"
2005,8,53,Total petroleum and other liquids,petroleo_liquidos_totales_tbpd,3220.0,TBPD,"U.S. Energy Information Administration (EIA), International Energy Statistics, monthly series. https://www.eia.gov/international/data/"
2005,9,53,Total petroleum and other liquids,petroleo_liquidos_totales_tbpd,2756.0,TBPD,"U.S. Energy Information Administration (EIA), International Energy Statistics, monthly series. https://www.eia.gov/international/data/"
2005,10,53,Total petroleum and other liquids,petroleo_liquidos_totales_tbpd,2916.0,TBPD,"U.S. Energy Information Administration (EIA), International Energy Statistics, monthly series. https://www.eia.gov/international/data/"
2005,11,53,Total petroleum and other liquids,petroleo_liquidos_totales_tbpd,3000.0,TBPD,"U.S. Energy Information Administration (EIA), International Energy Statistics, monthly series. https://www.eia.gov/international/data/"
2005,12,53,Total petroleum and other liquids,petroleo_liquidos_totales_tbpd,3195.0,TBPD,"U.S. Energy Information Administration (EIA), International Energy Statistics, monthly series. https://www.eia.gov/international/data/"
2006,1,53,Total petroleum and other liquids,petroleo_liquidos_totales_tbpd,3265.0,TBPD,"U.S. Energy Information Administration (EIA), International Energy Statistics, monthly series. https://www.eia.gov/international/data/"
2006,2,53,Total petroleum and other liquids,petroleo_liquidos_totales_tbpd,3052.0,TBPD,"U.S. Energy Information Administration (EIA), International Energy Statistics, monthly series. https://www.eia.gov/international/data/"
2006,3,53,Total petroleum and other liquids,petroleo_liquidos_totales_tbpd,3186.0,TBPD,"U.S. Energy Information Administration (EIA), International Energy Statistics, monthly series. https://www.eia.gov/international/data/"
2006,4,53,Total petroleum and other liquids,petroleo_liquidos_totales_tbpd,2983.0,TBPD,"U.S. Energy Information Administration (EIA), International Energy Statistics, monthly series. https://www.eia.gov/international/data/"
2006,5,53,Total petroleum and other liquids,petroleo_liquidos_totales_tbpd,3115.0,TBPD,"U.S. Energy Information Administration (EIA), International Energy Statistics, monthly series. https://www.eia.gov/international/data/"
2006,6,53,Total petroleum and other liquids,petroleo_liquidos_totales_tbpd,2831.0,TBPD,"U.S. Energy Information Administration (EIA), International Energy Statistics, monthly series. https://www.eia.gov/international/data/"
2006,7,53,Total petroleum and other liquids,petroleo_liquidos_totales_tbpd,3064.0,TBPD,"U.S. Energy Information Administration (EIA), International Energy Statistics, monthly series. https://www.eia.gov/international/data/"
2006,8,53,Total petroleum and other liquids,petroleo_liquidos_totales_tbpd,2996.0,TBPD,"U.S. Energy Information Administration (EIA), International Energy Statistics, monthly series. https://www.eia.gov/international/data/"
2006,9,53,Total petroleum and other liquids,petroleo_liquidos_totales_tbpd,2991.0,TBPD,"U.S. Energy Information Administration (EIA), International Energy Statistics, monthly series. https://www.eia.gov/international/data/"
2006,10,53,Total petroleum and other liquids,petroleo_liquidos_totales_tbpd,2992.0,TBPD,"U.S. Energy Information Administration (EIA), International Energy Statistics, monthly series. https://www.eia.gov/international/data/"
2006,11,53,Total petroleum and other liquids,petroleo_liquidos_totales_tbpd,3044.0,TBPD,"U.S. Energy Information Administration (EIA), International Energy Statistics, monthly series. https://www.eia.gov/international/data/"
2006,12,53,Total petroleum and other liquids,petroleo_liquidos_totales_tbpd,2921.0,TBPD,"U.S. Energy Information Administration (EIA), International Energy Statistics, monthly series. https://www.eia.gov/international/data/"
2007,1,53,Total petroleum and other liquids,petroleo_liquidos_totales_tbpd,2881.0,TBPD,"U.S. Energy Information Administration (EIA), International Energy Statistics, monthly series. https://www.eia.gov/international/data/"
2007,2,53,Total petroleum and other liquids,petroleo_liquidos_totales_tbpd,3076.0,TBPD,"U.S. Energy Information Administration (EIA), International Energy Statistics, monthly series. https://www.eia.gov/international/data/"
2007,3,53,Total petroleum and other liquids,petroleo_liquidos_totales_tbpd,2984.0,TBPD,"U.S. Energy Information Administration (EIA), International Energy Statistics, monthly series. https://www.eia.gov/international/data/"
2007,4,53,Total petroleum and other liquids,petroleo_liquidos_totales_tbpd,2912.0,TBPD,"U.S. Energy Information Administration (EIA), International Energy Statistics, monthly series. https://www.eia.gov/international/data/"
2007,5,53,Total petroleum and other liquids,petroleo_liquidos_totales_tbpd,3054.0,TBPD,"U.S. Energy Information Administration (EIA), International Energy Statistics, monthly series. https://www.eia.gov/international/data/"
2007,6,53,Total petroleum and other liquids,petroleo_liquidos_totales_tbpd,3043.0,TBPD,"U.S. Energy Information Administration (EIA), International Energy Statistics, monthly series. https://www.eia.gov/international/data/"
2007,7,53,Total petroleum and other liquids,petroleo_liquidos_totales_tbpd,3095.0,TBPD,"U.S. Energy Information Administration (EIA), International Energy Statistics, monthly series. https://www.eia.gov/international/data/"
2007,8,53,Total petroleum and other liquids,petroleo_liquidos_totales_tbpd,3098.0,TBPD,"U.S. Energy Information Administration (EIA), International Energy Statistics, monthly series. https://www.eia.gov/international/data/"
2007,9,53,Total petroleum and other liquids,petroleo_liquidos_totales_tbpd,3001.0,TBPD,"U.S. Energy Information Administration (EIA), International Energy Statistics, monthly series. https://www.eia.gov/international/data/"
2007,10,53,Total petroleum and other liquids,petroleo_liquidos_totales_tbpd,3058.0,TBPD,"U.S. Energy Information Administration (EIA), International Energy Statistics, monthly series. https://www.eia.gov/international/data/"
2007,11,53,Total petroleum and other liquids,petroleo_liquidos_totales_tbpd,2927.0,TBPD,"U.S. Energy Information Administration (EIA), International Energy Statistics, monthly series. https://www.eia.gov/international/data/"
2007,12,53,Total petroleum and other liquids,petroleo_liquidos_totales_tbpd,3043.0,TBPD,"U.S. Energy Information Administration (EIA), International Energy Statistics, monthly series. https://www.eia.gov/international/data/"
2008,1,53,Total petroleum and other liquids,petroleo_liquidos_totales_tbpd,2701.0,TBPD,"U.S. Energy Information Administration (EIA), International Energy Statistics, monthly series. https://www.eia.gov/international/data/"
2008,2,53,Total petroleum and other liquids,petroleo_liquidos_totales_tbpd,2701.0,TBPD,"U.S. Energy Information Administration (EIA), International Energy Statistics, monthly series. https://www.eia.gov/international/data/"
2008,3,53,Total petroleum and other liquids,petroleo_liquidos_totales_tbpd,2701.0,TBPD,"U.S. Energy Information Administration (EIA), International Energy Statistics, monthly series. https://www.eia.gov/international/data/"
2008,4,53,Total petroleum and other liquids,petroleo_liquidos_totales_tbpd,2701.0,TBPD,"U.S. Energy Information Administration (EIA), International Energy Statistics, monthly series. https://www.eia.gov/international/data/"
2008,5,53,Total petroleum and other liquids,petroleo_liquidos_totales_tbpd,2701.0,TBPD,"U.S. Energy Information Administration (EIA), International Energy Statistics, monthly series. https://www.eia.gov/international/data/"
2008,6,53,Total petroleum and other liquids,petroleo_liquidos_totales_tbpd,2701.0,TBPD,"U.S. Energy Information Administration (EIA), International Energy Statistics, monthly series. https://www.eia.gov/international/data/"
2008,7,53,Total petroleum and other liquids,petroleo_liquidos_totales_tbpd,2701.0,TBPD,"U.S. Energy Information Administration (EIA), International Energy Statistics, monthly series. https://www.eia.gov/international/data/"
2008,8,53,Total petroleum and other liquids,petroleo_liquidos_totales_tbpd,2701.0,TBPD,"U.S. Energy Information Administration (EIA), International Energy Statistics, monthly series. https://www.eia.gov/international/data/"
2008,9,53,Total petroleum and other liquids,petroleo_liquidos_totales_tbpd,2701.0,TBPD,"U.S. Energy Information Administration (EIA), International Energy Statistics, monthly series. https://www.eia.gov/international/data/"
2008,10,53,Total petroleum and other liquids,petroleo_liquidos_totales_tbpd,2701.0,TBPD,"U.S. Energy Information Administration (EIA), International Energy Statistics, monthly series. https://www.eia.gov/international/data/"
2008,11,53,Total petroleum and other liquids,petroleo_liquidos_totales_tbpd,2701.0,TBPD,"U.S. Energy Information Administration (EIA), International Energy Statistics, monthly series. https://www.eia.gov/international/data/"
2008,12,53,Total petroleum and other liquids,petroleo_liquidos_totales_tbpd,2701.0,TBPD,"U.S. Energy Information Administration (EIA), International Energy Statistics, monthly series. https://www.eia.gov/international/data/"
2009,1,53,Total petroleum and other liquids,petroleo_liquidos_totales_tbpd,2708.0,TBPD,"U.S. Energy Information Administration (EIA), International Energy Statistics, monthly series. https://www.eia.gov/international/data/"
2009,2,53,Total petroleum and other liquids,petroleo_liquidos_totales_tbpd,2708.0,TBPD,"U.S. Energy Information Administration (EIA), International Energy Statistics, monthly series. https://www.eia.gov/international/data/"
2009,3,53,Total petroleum and other liquids,petroleo_liquidos_totales_tbpd,2708.0,TBPD,"U.S. Energy Information Administration (EIA), International Energy Statistics, monthly series. https://www.eia.gov/international/data/"
2009,4,53,Total petroleum and other liquids,petroleo_liquidos_totales_tbpd,2708.0,TBPD,"U.S. Energy Information Administration (EIA), International Energy Statistics, monthly series. https://www.eia.gov/international/data/"
2009,5,53,Total petroleum and other liquids,petroleo_liquidos_totales_tbpd,2708.0,TBPD,"U.S. Energy Information Administration (EIA), International Energy Statistics, monthly series. https://www.eia.gov/international/data/"
2009,6,53,Total petroleum and other liquids,petroleo_liquidos_totales_tbpd,2708.0,TBPD,"U.S. Energy Information Administration (EIA), International Energy Statistics, monthly series. https://www.eia.gov/international/data/"
2009,7,53,Total petroleum and other liquids,petroleo_liquidos_totales_tbpd,2708.0,TBPD,"U.S. Energy Information Administration (EIA), International Energy Statistics, monthly series. https://www.eia.gov/international/data/"
2009,8,53,Total petroleum and other liquids,petroleo_liquidos_totales_tbpd,2708.0,TBPD,"U.S. Energy Information Administration (EIA), International Energy Statistics, monthly series. https://www.eia.gov/international/data/"
2009,9,53,Total petroleum and other liquids,petroleo_liquidos_totales_tbpd,2708.0,TBPD,"U.S. Energy Information Administration (EIA), International Energy Statistics, monthly series. https://www.eia.gov/international/data/"
2009,10,53,Total petroleum and other liquids,petroleo_liquidos_totales_tbpd,2708.0,TBPD,"U.S. Energy Information Administration (EIA), International Energy Statistics, monthly series. https://www.eia.gov/international/data/"
2009,11,53,Total petroleum and other liquids,petroleo_liquidos_totales_tbpd,2708.0,TBPD,"U.S. Energy Information Administration (EIA), International Energy Statistics, monthly series. https://www.eia.gov/international/data/"
2009,12,53,Total petroleum and other liquids,petroleo_liquidos_totales_tbpd,2708.0,TBPD,"U.S. Energy Information Administration (EIA), International Energy Statistics, monthly series. https://www.eia.gov/international/data/"
2010,1,53,Total petroleum and other liquids,petroleo_liquidos_totales_tbpd,2598.0,TBPD,"U.S. Energy Information Administration (EIA), International Energy Statistics, monthly series. https://www.eia.gov/international/data/"
2010,2,53,Total petroleum and other liquids,petroleo_liquidos_totales_tbpd,2598.0,TBPD,"U.S. Energy Information Administration (EIA), International Energy Statistics, monthly series. https://www.eia.gov/international/data/"
2010,3,53,Total petroleum and other liquids,petroleo_liquidos_totales_tbpd,2598.0,TBPD,"U.S. Energy Information Administration (EIA), International Energy Statistics, monthly series. https://www.eia.gov/international/data/"
2010,4,53,Total petroleum and other liquids,petroleo_liquidos_totales_tbpd,2598.0,TBPD,"U.S. Energy Information Administration (EIA), International Energy Statistics, monthly series. https://www.eia.gov/international/data/"
2010,5,53,Total petroleum and other liquids,petroleo_liquidos_totales_tbpd,2598.0,TBPD,"U.S. Energy Information Administration (EIA), International Energy Statistics, monthly series. https://www.eia.gov/international/data/"
2010,6,53,Total petroleum and other liquids,petroleo_liquidos_totales_tbpd,2598.0,TBPD,"U.S. Energy Information Administration (EIA), International Energy Statistics, monthly series. https://www.eia.gov/international/data/"
2010,7,53,Total petroleum and other liquids,petroleo_liquidos_totales_tbpd,2598.0,TBPD,"U.S. Energy Information Administration (EIA), International Energy Statistics, monthly series. https://www.eia.gov/international/data/"
2010,8,53,Total petroleum and other liquids,petroleo_liquidos_totales_tbpd,2598.0,TBPD,"U.S. Energy Information Administration (EIA), International Energy Statistics, monthly series. https://www.eia.gov/international/data/"
2010,9,53,Total petroleum and other liquids,petroleo_liquidos_totales_tbpd,2598.0,TBPD,"U.S. Energy Information Administration (EIA), International Energy Statistics, monthly series. https://www.eia.gov/international/data/"
2010,10,53,Total petroleum and other liquids,petroleo_liquidos_totales_tbpd,2598.0,TBPD,"U.S. Energy Information Administration (EIA), International Energy Statistics, monthly series. https://www.eia.gov/international/data/"
2010,11,53,Total petroleum and other liquids,petroleo_liquidos_totales_tbpd,2598.0,TBPD,"U.S. Energy Information Administration (EIA), International Energy Statistics, monthly series. https://www.eia.gov/international/data/"
2010,12,53,Total petroleum and other liquids,petroleo_liquidos_totales_tbpd,2598.0,TBPD,"U.S. Energy Information Administration (EIA), International Energy Statistics, monthly series. https://www.eia.gov/international/data/"
2011,1,53,Total petroleum and other liquids,petroleo_liquidos_totales_tbpd,2682.0,TBPD,"U.S. Energy Information Administration (EIA), International Energy Statistics, monthly series. https://www.eia.gov/international/data/"
2011,2,53,Total petroleum and other liquids,petroleo_liquidos_totales_tbpd,2682.0,TBPD,"U.S. Energy Information Administration (EIA), International Energy Statistics, monthly series. https://www.eia.gov/international/data/"
2011,3,53,Total petroleum and other liquids,petroleo_liquidos_totales_tbpd,2682.0,TBPD,"U.S. Energy Information Administration (EIA), International Energy Statistics, monthly series. https://www.eia.gov/international/data/"
2011,4,53,Total petroleum and other liquids,petroleo_liquidos_totales_tbpd,2682.0,TBPD,"U.S. Energy Information Administration (EIA), International Energy Statistics, monthly series. https://www.eia.gov/international/data/"
2011,5,53,Total petroleum and other liquids,petroleo_liquidos_totales_tbpd,2682.0,TBPD,"U.S. Energy Information Administration (EIA), International Energy Statistics, monthly series. https://www.eia.gov/international/data/"
2011,6,53,Total petroleum and other liquids,petroleo_liquidos_totales_tbpd,2682.0,TBPD,"U.S. Energy Information Administration (EIA), International Energy Statistics, monthly series. https://www.eia.gov/international/data/"
2011,7,53,Total petroleum and other liquids,petroleo_liquidos_totales_tbpd,2682.0,TBPD,"U.S. Energy Information Administration (EIA), International Energy Statistics, monthly series. https://www.eia.gov/international/data/"
2011,8,53,Total petroleum and other liquids,petroleo_liquidos_totales_tbpd,2682.0,TBPD,"U.S. Energy Information Administration (EIA), International Energy Statistics, monthly series. https://www.eia.gov/international/data/"
2011,9,53,Total petroleum and other liquids,petroleo_liquidos_totales_tbpd,2682.0,TBPD,"U.S. Energy Information Administration (EIA), International Energy Statistics, monthly series. https://www.eia.gov/international/data/"
2011,10,53,Total petroleum and other liquids,petroleo_liquidos_totales_tbpd,2682.0,TBPD,"U.S. Energy Information Administration (EIA), International Energy Statistics, monthly series. https://www.eia.gov/international/data/"
2011,11,53,Total petroleum and other liquids,petroleo_liquidos_totales_tbpd,2682.0,TBPD,"U.S. Energy Information Administration (EIA), International Energy Statistics, monthly series. https://www.eia.gov/international/data/"
2011,12,53,Total petroleum and other liquids,petroleo_liquidos_totales_tbpd,2682.0,TBPD,"U.S. Energy Information Administration (EIA), International Energy Statistics, monthly series. https://www.eia.gov/international/data/"
2012,1,53,Total petroleum and other liquids,petroleo_liquidos_totales_tbpd,2684.0,TBPD,"U.S. Energy Information Administration (EIA), International Energy Statistics, monthly series. https://www.eia.gov/international/data/"
2012,2,53,Total petroleum and other liquids,petroleo_liquidos_totales_tbpd,2684.0,TBPD,"U.S. Energy Information Administration (EIA), International Energy Statistics, monthly series. https://www.eia.gov/international/data/"
2012,3,53,Total petroleum and other liquids,petroleo_liquidos_totales_tbpd,2684.0,TBPD,"U.S. Energy Information Administration (EIA), International Energy Statistics, monthly series. https://www.eia.gov/international/data/"
2012,4,53,Total petroleum and other liquids,petroleo_liquidos_totales_tbpd,2684.0,TBPD,"U.S. Energy Information Administration (EIA), International Energy Statistics, monthly series. https://www.eia.gov/international/data/"
2012,5,53,Total petroleum and other liquids,petroleo_liquidos_totales_tbpd,2684.0,TBPD,"U.S. Energy Information Administration (EIA), International Energy Statistics, monthly series. https://www.eia.gov/international/data/"
2012,6,53,Total petroleum and other liquids,petroleo_liquidos_totales_tbpd,2684.0,TBPD,"U.S. Energy Information Administration (EIA), International Energy Statistics, monthly series. https://www.eia.gov/international/data/"
2012,7,53,Total petroleum and other liquids,petroleo_liquidos_totales_tbpd,2684.0,TBPD,"U.S. Energy Information Administration (EIA), International Energy Statistics, monthly series. https://www.eia.gov/international/data/"
2012,8,53,Total petroleum and other liquids,petroleo_liquidos_totales_tbpd,2684.0,TBPD,"U.S. Energy Information Administration (EIA), International Energy Statistics, monthly series. https://www.eia.gov/international/data/"
2012,9,53,Total petroleum and other liquids,petroleo_liquidos_totales_tbpd,2684.0,TBPD,"U.S. Energy Information Administration (EIA), International Energy Statistics, monthly series. https://www.eia.gov/international/data/"
2012,10,53,Total petroleum and other liquids,petroleo_liquidos_totales_tbpd,2684.0,TBPD,"U.S. Energy Information Administration (EIA), International Energy Statistics, monthly series. https://www.eia.gov/international/data/"
2012,11,53,Total petroleum and other liquids,petroleo_liquidos_totales_tbpd,2684.0,TBPD,"U.S. Energy Information Administration (EIA), International Energy Statistics, monthly series. https://www.eia.gov/international/data/"
2012,12,53,Total petroleum and other liquids,petroleo_liquidos_totales_tbpd,2684.0,TBPD,"U.S. Energy Information Administration (EIA), International Energy Statistics, monthly series. https://www.eia.gov/international/data/"
2013,1,53,Total petroleum and other liquids,petroleo_liquidos_totales_tbpd,2683.0,TBPD,"U.S. Energy Information Administration (EIA), International Energy Statistics, monthly series. https://www.eia.gov/international/data/"
2013,2,53,Total petroleum and other liquids,petroleo_liquidos_totales_tbpd,2683.0,TBPD,"U.S. Energy Information Administration (EIA), International Energy Statistics, monthly series. https://www.eia.gov/international/data/"
2013,3,53,Total petroleum and other liquids,petroleo_liquidos_totales_tbpd,2683.0,TBPD,"U.S. Energy Information Administration (EIA), International Energy Statistics, monthly series. https://www.eia.gov/international/data/"
2013,4,53,Total petroleum and other liquids,petroleo_liquidos_totales_tbpd,2683.0,TBPD,"U.S. Energy Information Administration (EIA), International Energy Statistics, monthly series. https://www.eia.gov/international/data/"
2013,5,53,Total petroleum and other liquids,petroleo_liquidos_totales_tbpd,2683.0,TBPD,"U.S. Energy Information Administration (EIA), International Energy Statistics, monthly series. https://www.eia.gov/international/data/"
2013,6,53,Total petroleum and other liquids,petroleo_liquidos_totales_tbpd,2683.0,TBPD,"U.S. Energy Information Administration (EIA), International Energy Statistics, monthly series. https://www.eia.gov/international/data/"
2013,7,53,Total petroleum and other liquids,petroleo_liquidos_totales_tbpd,2683.0,TBPD,"U.S. Energy Information Administration (EIA), International Energy Statistics, monthly series. https://www.eia.gov/international/data/"
2013,8,53,Total petroleum and other liquids,petroleo_liquidos_totales_tbpd,2683.0,TBPD,"U.S. Energy Information Administration (EIA), International Energy Statistics, monthly series. https://www.eia.gov/international/data/"
2013,9,53,Total petroleum and other liquids,petroleo_liquidos_totales_tbpd,2683.0,TBPD,"U.S. Energy Information Administration (EIA), International Energy Statistics, monthly series. https://www.eia.gov/international/data/"
2013,10,53,Total petroleum and other liquids,petroleo_liquidos_totales_tbpd,2683.0,TBPD,"U.S. Energy Information Administration (EIA), International Energy Statistics, monthly series. https://www.eia.gov/international/data/"
2013,11,53,Total petroleum and other liquids,petroleo_liquidos_totales_tbpd,2683.0,TBPD,"U.S. Energy Information Administration (EIA), International Energy Statistics, monthly series. https://www.eia.gov/international/data/"
2013,12,53,Total petroleum and other liquids,petroleo_liquidos_totales_tbpd,2683.0,TBPD,"U.S. Energy Information Administration (EIA), International Energy Statistics, monthly series. https://www.eia.gov/international/data/"
2014,1,53,Total petroleum and other liquids,petroleo_liquidos_totales_tbpd,2684.0,TBPD,"U.S. Energy Information Administration (EIA), International Energy Statistics, monthly series. https://www.eia.gov/international/data/"
2014,2,53,Total petroleum and other liquids,petroleo_liquidos_totales_tbpd,2684.0,TBPD,"U.S. Energy Information Administration (EIA), International Energy Statistics, monthly series. https://www.eia.gov/international/data/"
2014,3,53,Total petroleum and other liquids,petroleo_liquidos_totales_tbpd,2684.0,TBPD,"U.S. Energy Information Administration (EIA), International Energy Statistics, monthly series. https://www.eia.gov/international/data/"
2014,4,53,Total petroleum and other liquids,petroleo_liquidos_totales_tbpd,2684.0,TBPD,"U.S. Energy Information Administration (EIA), International Energy Statistics, monthly series. https://www.eia.gov/international/data/"
2014,5,53,Total petroleum and other liquids,petroleo_liquidos_totales_tbpd,2684.0,TBPD,"U.S. Energy Information Administration (EIA), International Energy Statistics, monthly series. https://www.eia.gov/international/data/"
2014,6,53,Total petroleum and other liquids,petroleo_liquidos_totales_tbpd,2684.0,TBPD,"U.S. Energy Information Administration (EIA), International Energy Statistics, monthly series. https://www.eia.gov/international/data/"
2014,7,53,Total petroleum and other liquids,petroleo_liquidos_totales_tbpd,2684.0,TBPD,"U.S. Energy Information Administration (EIA), International Energy Statistics, monthly series. https://www.eia.gov/international/data/"
2014,8,53,Total petroleum and other liquids,petroleo_liquidos_totales_tbpd,2684.0,TBPD,"U.S. Energy Information Administration (EIA), International Energy Statistics, monthly series. https://www.eia.gov/international/data/"
2014,9,53,Total petroleum and other liquids,petroleo_liquidos_totales_tbpd,2684.0,TBPD,"U.S. Energy Information Administration (EIA), International Energy Statistics, monthly series. https://www.eia.gov/international/data/"
2014,10,53,Total petroleum and other liquids,petroleo_liquidos_totales_tbpd,2684.0,TBPD,"U.S. Energy Information Administration (EIA), International Energy Statistics, monthly series. https://www.eia.gov/international/data/"
2014,11,53,Total petroleum and other liquids,petroleo_liquidos_totales_tbpd,2684.0,TBPD,"U.S. Energy Information Administration (EIA), International Energy Statistics, monthly series. https://www.eia.gov/international/data/"
2014,12,53,Total petroleum and other liquids,petroleo_liquidos_totales_tbpd,2684.0,TBPD,"U.S. Energy Information Administration (EIA), International Energy Statistics, monthly series. https://www.eia.gov/international/data/"
2015,1,53,Total petroleum and other liquids,petroleo_liquidos_totales_tbpd,2589.0,TBPD,"U.S. Energy Information Administration (EIA), International Energy Statistics, monthly series. https://www.eia.gov/international/data/"
2015,2,53,Total petroleum and other liquids,petroleo_liquidos_totales_tbpd,2587.0,TBPD,"U.S. Energy Information Administration (EIA), International Energy Statistics, monthly series. https://www.eia.gov/international/data/"
2015,3,53,Total petroleum and other liquids,petroleo_liquidos_totales_tbpd,2585.0,TBPD,"U.S. Energy Information Administration (EIA), International Energy Statistics, monthly series. https://www.eia.gov/international/data/"
2015,4,53,Total petroleum and other liquids,petroleo_liquidos_totales_tbpd,2583.0,TBPD,"U.S. Energy Information Administration (EIA), International Energy Statistics, monthly series. https://www.eia.gov/international/data/"
2015,5,53,Total petroleum and other liquids,petroleo_liquidos_totales_tbpd,2581.0,TBPD,"U.S. Energy Information Administration (EIA), International Energy Statistics, monthly series. https://www.eia.gov/international/data/"
2015,6,53,Total petroleum and other liquids,petroleo_liquidos_totales_tbpd,2579.0,TBPD,"U.S. Energy Information Administration (EIA), International Energy Statistics, monthly series. https://www.eia.gov/international/data/"
2015,7,53,Total petroleum and other liquids,petroleo_liquidos_totales_tbpd,2577.0,TBPD,"U.S. Energy Information Administration (EIA), International Energy Statistics, monthly series. https://www.eia.gov/international/data/"
2015,8,53,Total petroleum and other liquids,petroleo_liquidos_totales_tbpd,2575.0,TBPD,"U.S. Energy Information Administration (EIA), International Energy Statistics, monthly series. https://www.eia.gov/international/data/"
2015,9,53,Total petroleum and other liquids,petroleo_liquidos_totales_tbpd,2573.0,TBPD,"U.S. Energy Information Administration (EIA), International Energy Statistics, monthly series. https://www.eia.gov/international/data/"
2015,10,53,Total petroleum and other liquids,petroleo_liquidos_totales_tbpd,2571.0,TBPD,"U.S. Energy Information Administration (EIA), International Energy Statistics, monthly series. https://www.eia.gov/international/data/"
2015,11,53,Total petroleum and other liquids,petroleo_liquidos_totales_tbpd,2569.0,TBPD,"U.S. Energy Information Administration (EIA), International Energy Statistics, monthly series. https://www.eia.gov/international/data/"
2015,12,53,Total petroleum and other liquids,petroleo_liquidos_totales_tbpd,2567.0,TBPD,"U.S. Energy Information Administration (EIA), International Energy Statistics, monthly series. https://www.eia.gov/international/data/"
2016,1,53,Total petroleum and other liquids,petroleo_liquidos_totales_tbpd,2464.0,TBPD,"U.S. Energy Information Administration (EIA), International Energy Statistics, monthly series. https://www.eia.gov/international/data/"
2016,2,53,Total petroleum and other liquids,petroleo_liquidos_totales_tbpd,2462.0,TBPD,"U.S. Energy Information Administration (EIA), International Energy Statistics, monthly series. https://www.eia.gov/international/data/"
2016,3,53,Total petroleum and other liquids,petroleo_liquidos_totales_tbpd,2460.0,TBPD,"U.S. Energy Information Administration (EIA), International Energy Statistics, monthly series. https://www.eia.gov/international/data/"
2016,4,53,Total petroleum and other liquids,petroleo_liquidos_totales_tbpd,2458.0,TBPD,"U.S. Energy Information Administration (EIA), International Energy Statistics, monthly series. https://www.eia.gov/international/data/"
2016,5,53,Total petroleum and other liquids,petroleo_liquidos_totales_tbpd,2356.0,TBPD,"U.S. Energy Information Administration (EIA), International Energy Statistics, monthly series. https://www.eia.gov/international/data/"
2016,6,53,Total petroleum and other liquids,petroleo_liquidos_totales_tbpd,2334.0,TBPD,"U.S. Energy Information Administration (EIA), International Energy Statistics, monthly series. https://www.eia.gov/international/data/"
2016,7,53,Total petroleum and other liquids,petroleo_liquidos_totales_tbpd,2272.0,TBPD,"U.S. Energy Information Administration (EIA), International Energy Statistics, monthly series. https://www.eia.gov/international/data/"
2016,8,53,Total petroleum and other liquids,petroleo_liquidos_totales_tbpd,2260.0,TBPD,"U.S. Energy Information Administration (EIA), International Energy Statistics, monthly series. https://www.eia.gov/international/data/"
2016,9,53,Total petroleum and other liquids,petroleo_liquidos_totales_tbpd,2248.0,TBPD,"U.S. Energy Information Administration (EIA), International Energy Statistics, monthly series. https://www.eia.gov/international/data/"
2016,10,53,Total petroleum and other liquids,petroleo_liquidos_totales_tbpd,2236.0,TBPD,"U.S. Energy Information Administration (EIA), International Energy Statistics, monthly series. https://www.eia.gov/international/data/"
2016,11,53,Total petroleum and other liquids,petroleo_liquidos_totales_tbpd,2224.0,TBPD,"U.S. Energy Information Administration (EIA), International Energy Statistics, monthly series. https://www.eia.gov/international/data/"
2016,12,53,Total petroleum and other liquids,petroleo_liquidos_totales_tbpd,2192.0,TBPD,"U.S. Energy Information Administration (EIA), International Energy Statistics, monthly series. https://www.eia.gov/international/data/"
2017,1,53,Total petroleum and other liquids,petroleo_liquidos_totales_tbpd,2151.0,TBPD,"U.S. Energy Information Administration (EIA), International Energy Statistics, monthly series. https://www.eia.gov/international/data/"
2017,2,53,Total petroleum and other liquids,petroleo_liquidos_totales_tbpd,2139.0,TBPD,"U.S. Energy Information Administration (EIA), International Energy Statistics, monthly series. https://www.eia.gov/international/data/"
2017,3,53,Total petroleum and other liquids,petroleo_liquidos_totales_tbpd,2137.0,TBPD,"U.S. Energy Information Administration (EIA), International Energy Statistics, monthly series. https://www.eia.gov/international/data/"
2017,4,53,Total petroleum and other liquids,petroleo_liquidos_totales_tbpd,2125.0,TBPD,"U.S. Energy Information Administration (EIA), International Energy Statistics, monthly series. https://www.eia.gov/international/data/"
2017,5,53,Total petroleum and other liquids,petroleo_liquidos_totales_tbpd,2123.0,TBPD,"U.S. Energy Information Administration (EIA), International Energy Statistics, monthly series. https://www.eia.gov/international/data/"
2017,6,53,Total petroleum and other liquids,petroleo_liquidos_totales_tbpd,2101.0,TBPD,"U.S. Energy Information Administration (EIA), International Energy Statistics, monthly series. https://www.eia.gov/international/data/"
2017,7,53,Total petroleum and other liquids,petroleo_liquidos_totales_tbpd,2099.0,TBPD,"U.S. Energy Information Administration (EIA), International Energy Statistics, monthly series. https://www.eia.gov/international/data/"
2017,8,53,Total petroleum and other liquids,petroleo_liquidos_totales_tbpd,2092.0,TBPD,"U.S. Energy Information Administration (EIA), International Energy Statistics, monthly series. https://www.eia.gov/international/data/"
2017,9,53,Total petroleum and other liquids,petroleo_liquidos_totales_tbpd,2075.0,TBPD,"U.S. Energy Information Administration (EIA), International Energy Statistics, monthly series. https://www.eia.gov/international/data/"
2017,10,53,Total petroleum and other liquids,petroleo_liquidos_totales_tbpd,2023.0,TBPD,"U.S. Energy Information Administration (EIA), International Energy Statistics, monthly series. https://www.eia.gov/international/data/"
2017,11,53,Total petroleum and other liquids,petroleo_liquidos_totales_tbpd,1981.0,TBPD,"U.S. Energy Information Administration (EIA), International Energy Statistics, monthly series. https://www.eia.gov/international/data/"
2017,12,53,Total petroleum and other liquids,petroleo_liquidos_totales_tbpd,1759.0,TBPD,"U.S. Energy Information Administration (EIA), International Energy Statistics, monthly series. https://www.eia.gov/international/data/"
2018,1,53,Total petroleum and other liquids,petroleo_liquidos_totales_tbpd,1749.0,TBPD,"U.S. Energy Information Administration (EIA), International Energy Statistics, monthly series. https://www.eia.gov/international/data/"
2018,2,53,Total petroleum and other liquids,petroleo_liquidos_totales_tbpd,1709.0,TBPD,"U.S. Energy Information Administration (EIA), International Energy Statistics, monthly series. https://www.eia.gov/international/data/"
2018,3,53,Total petroleum and other liquids,petroleo_liquidos_totales_tbpd,1669.0,TBPD,"U.S. Energy Information Administration (EIA), International Energy Statistics, monthly series. https://www.eia.gov/international/data/"
2018,4,53,Total petroleum and other liquids,petroleo_liquidos_totales_tbpd,1639.0,TBPD,"U.S. Energy Information Administration (EIA), International Energy Statistics, monthly series. https://www.eia.gov/international/data/"
2018,5,53,Total petroleum and other liquids,petroleo_liquidos_totales_tbpd,1609.0,TBPD,"U.S. Energy Information Administration (EIA), International Energy Statistics, monthly series. https://www.eia.gov/international/data/"
2018,6,53,Total petroleum and other liquids,petroleo_liquidos_totales_tbpd,1549.0,TBPD,"U.S. Energy Information Administration (EIA), International Energy Statistics, monthly series. https://www.eia.gov/international/data/"
2018,7,53,Total petroleum and other liquids,petroleo_liquidos_totales_tbpd,1514.0,TBPD,"U.S. Energy Information Administration (EIA), International Energy Statistics, monthly series. https://www.eia.gov/international/data/"
2018,8,53,Total petroleum and other liquids,petroleo_liquidos_totales_tbpd,1469.0,TBPD,"U.S. Energy Information Administration (EIA), International Energy Statistics, monthly series. https://www.eia.gov/international/data/"
2018,9,53,Total petroleum and other liquids,petroleo_liquidos_totales_tbpd,1435.0,TBPD,"U.S. Energy Information Administration (EIA), International Energy Statistics, monthly series. https://www.eia.gov/international/data/"
2018,10,53,Total petroleum and other liquids,petroleo_liquidos_totales_tbpd,1405.0,TBPD,"U.S. Energy Information Administration (EIA), International Energy Statistics, monthly series. https://www.eia.gov/international/data/"
2018,11,53,Total petroleum and other liquids,petroleo_liquidos_totales_tbpd,1385.0,TBPD,"U.S. Energy Information Administration (EIA), International Energy Statistics, monthly series. https://www.eia.gov/international/data/"
2018,12,53,Total petroleum and other liquids,petroleo_liquidos_totales_tbpd,1355.0,TBPD,"U.S. Energy Information Administration (EIA), International Energy Statistics, monthly series. https://www.eia.gov/international/data/"
2019,1,53,Total petroleum and other liquids,petroleo_liquidos_totales_tbpd,1325.0,TBPD,"U.S. Energy Information Administration (EIA), International Energy Statistics, monthly series. https://www.eia.gov/international/data/"
2019,2,53,Total petroleum and other liquids,petroleo_liquidos_totales_tbpd,1195.0,TBPD,"U.S. Energy Information Administration (EIA), International Energy Statistics, monthly series. https://www.eia.gov/international/data/"
2019,3,53,Total petroleum and other liquids,petroleo_liquidos_totales_tbpd,959.0,TBPD,"U.S. Energy Information Administration (EIA), International Energy Statistics, monthly series. https://www.eia.gov/international/data/"
2019,4,53,Total petroleum and other liquids,petroleo_liquidos_totales_tbpd,939.0,TBPD,"U.S. Energy Information Administration (EIA), International Energy Statistics, monthly series. https://www.eia.gov/international/data/"
2019,5,53,Total petroleum and other liquids,petroleo_liquidos_totales_tbpd,859.0,TBPD,"U.S. Energy Information Administration (EIA), International Energy Statistics, monthly series. https://www.eia.gov/international/data/"
2019,6,53,Total petroleum and other liquids,petroleo_liquidos_totales_tbpd,909.0,TBPD,"U.S. Energy Information Administration (EIA), International Energy Statistics, monthly series. https://www.eia.gov/international/data/"
2019,7,53,Total petroleum and other liquids,petroleo_liquidos_totales_tbpd,909.0,TBPD,"U.S. Energy Information Administration (EIA), International Energy Statistics, monthly series. https://www.eia.gov/international/data/"
2019,8,53,Total petroleum and other liquids,petroleo_liquidos_totales_tbpd,859.0,TBPD,"U.S. Energy Information Administration (EIA), International Energy Statistics, monthly series. https://www.eia.gov/international/data/"
2019,9,53,Total petroleum and other liquids,petroleo_liquidos_totales_tbpd,759.0,TBPD,"U.S. Energy Information Administration (EIA), International Energy Statistics, monthly series. https://www.eia.gov/international/data/"
2019,10,53,Total petroleum and other liquids,petroleo_liquidos_totales_tbpd,729.0,TBPD,"U.S. Energy Information Administration (EIA), International Energy Statistics, monthly series. https://www.eia.gov/international/data/"
2019,11,53,Total petroleum and other liquids,petroleo_liquidos_totales_tbpd,779.0,TBPD,"U.S. Energy Information Administration (EIA), International Energy Statistics, monthly series. https://www.eia.gov/international/data/"
2019,12,53,Total petroleum and other liquids,petroleo_liquidos_totales_tbpd,929.0,TBPD,"U.S. Energy Information Administration (EIA), International Energy Statistics, monthly series. https://www.eia.gov/international/data/"
2020,1,53,Total petroleum and other liquids,petroleo_liquidos_totales_tbpd,928.0,TBPD,"U.S. Energy Information Administration (EIA), International Energy Statistics, monthly series. https://www.eia.gov/international/data/"
2020,2,53,Total petroleum and other liquids,petroleo_liquidos_totales_tbpd,878.0,TBPD,"U.S. Energy Information Administration (EIA), International Energy Statistics, monthly series. https://www.eia.gov/international/data/"
2020,3,53,Total petroleum and other liquids,petroleo_liquidos_totales_tbpd,693.0,TBPD,"U.S. Energy Information Administration (EIA), International Energy Statistics, monthly series. https://www.eia.gov/international/data/"
2020,4,53,Total petroleum and other liquids,petroleo_liquidos_totales_tbpd,643.0,TBPD,"U.S. Energy Information Administration (EIA), International Energy Statistics, monthly series. https://www.eia.gov/international/data/"
2020,5,53,Total petroleum and other liquids,petroleo_liquidos_totales_tbpd,568.0,TBPD,"U.S. Energy Information Administration (EIA), International Energy Statistics, monthly series. https://www.eia.gov/international/data/"
2020,6,53,Total petroleum and other liquids,petroleo_liquidos_totales_tbpd,423.0,TBPD,"U.S. Energy Information Administration (EIA), International Energy Statistics, monthly series. https://www.eia.gov/international/data/"
2020,7,53,Total petroleum and other liquids,petroleo_liquidos_totales_tbpd,403.0,TBPD,"U.S. Energy Information Administration (EIA), International Energy Statistics, monthly series. https://www.eia.gov/international/data/"
2020,8,53,Total petroleum and other liquids,petroleo_liquidos_totales_tbpd,403.0,TBPD,"U.S. Energy Information Administration (EIA), International Energy Statistics, monthly series. https://www.eia.gov/international/data/"
2020,9,53,Total petroleum and other liquids,petroleo_liquidos_totales_tbpd,383.0,TBPD,"U.S. Energy Information Administration (EIA), International Energy Statistics, monthly series. https://www.eia.gov/international/data/"
2020,10,53,Total petroleum and other liquids,petroleo_liquidos_totales_tbpd,423.0,TBPD,"U.S. Energy Information Administration (EIA), International Energy Statistics, monthly series. https://www.eia.gov/international/data/"
2020,11,53,Total petroleum and other liquids,petroleo_liquidos_totales_tbpd,443.0,TBPD,"U.S. Energy Information Administration (EIA), International Energy Statistics, monthly series. https://www.eia.gov/international/data/"
2020,12,53,Total petroleum and other liquids,petroleo_liquidos_totales_tbpd,453.0,TBPD,"U.S. Energy Information Administration (EIA), International Energy Statistics, monthly series. https://www.eia.gov/international/data/"
2021,1,53,Total petroleum and other liquids,petroleo_liquidos_totales_tbpd,549.0,TBPD,"U.S. Energy Information Administration (EIA), International Energy Statistics, monthly series. https://www.eia.gov/international/data/"
2021,2,53,Total petroleum and other liquids,petroleo_liquidos_totales_tbpd,589.0,TBPD,"U.S. Energy Information Administration (EIA), International Energy Statistics, monthly series. https://www.eia.gov/international/data/"
2021,3,53,Total petroleum and other liquids,petroleo_liquidos_totales_tbpd,579.0,TBPD,"U.S. Energy Information Administration (EIA), International Energy Statistics, monthly series. https://www.eia.gov/international/data/"
2021,4,53,Total petroleum and other liquids,petroleo_liquidos_totales_tbpd,539.0,TBPD,"U.S. Energy Information Administration (EIA), International Energy Statistics, monthly series. https://www.eia.gov/international/data/"
2021,5,53,Total petroleum and other liquids,petroleo_liquidos_totales_tbpd,584.0,TBPD,"U.S. Energy Information Administration (EIA), International Energy Statistics, monthly series. https://www.eia.gov/international/data/"
2021,6,53,Total petroleum and other liquids,petroleo_liquidos_totales_tbpd,599.0,TBPD,"U.S. Energy Information Administration (EIA), International Energy Statistics, monthly series. https://www.eia.gov/international/data/"
2021,7,53,Total petroleum and other liquids,petroleo_liquidos_totales_tbpd,589.0,TBPD,"U.S. Energy Information Administration (EIA), International Energy Statistics, monthly series. https://www.eia.gov/international/data/"
2021,8,53,Total petroleum and other liquids,petroleo_liquidos_totales_tbpd,579.0,TBPD,"U.S. Energy Information Administration (EIA), International Energy Statistics, monthly series. https://www.eia.gov/international/data/"
2021,9,53,Total petroleum and other liquids,petroleo_liquidos_totales_tbpd,579.0,TBPD,"U.S. Energy Information Administration (EIA), International Energy Statistics, monthly series. https://www.eia.gov/international/data/"
2021,10,53,Total petroleum and other liquids,petroleo_liquidos_totales_tbpd,649.0,TBPD,"U.S. Energy Information Administration (EIA), International Energy Statistics, monthly series. https://www.eia.gov/international/data/"
2021,11,53,Total petroleum and other liquids,petroleo_liquidos_totales_tbpd,729.0,TBPD,"U.S. Energy Information Administration (EIA), International Energy Statistics, monthly series. https://www.eia.gov/international/data/"
2021,12,53,Total petroleum and other liquids,petroleo_liquidos_totales_tbpd,799.0,TBPD,"U.S. Energy Information Administration (EIA), International Energy Statistics, monthly series. https://www.eia.gov/international/data/"
2022,1,53,Total petroleum and other liquids,petroleo_liquidos_totales_tbpd,729.0,TBPD,"U.S. Energy Information Administration (EIA), International Energy Statistics, monthly series. https://www.eia.gov/international/data/"
2022,2,53,Total petroleum and other liquids,petroleo_liquidos_totales_tbpd,749.0,TBPD,"U.S. Energy Information Administration (EIA), International Energy Statistics, monthly series. https://www.eia.gov/international/data/"
2022,3,53,Total petroleum and other liquids,petroleo_liquidos_totales_tbpd,774.0,TBPD,"U.S. Energy Information Administration (EIA), International Energy Statistics, monthly series. https://www.eia.gov/international/data/"
2022,4,53,Total petroleum and other liquids,petroleo_liquidos_totales_tbpd,799.0,TBPD,"U.S. Energy Information Administration (EIA), International Energy Statistics, monthly series. https://www.eia.gov/international/data/"
2022,5,53,Total petroleum and other liquids,petroleo_liquidos_totales_tbpd,769.0,TBPD,"U.S. Energy Information Administration (EIA), International Energy Statistics, monthly series. https://www.eia.gov/international/data/"
2022,6,53,Total petroleum and other liquids,petroleo_liquidos_totales_tbpd,749.0,TBPD,"U.S. Energy Information Administration (EIA), International Energy Statistics, monthly series. https://www.eia.gov/international/data/"
2022,7,53,Total petroleum and other liquids,petroleo_liquidos_totales_tbpd,669.0,TBPD,"U.S. Energy Information Administration (EIA), International Energy Statistics, monthly series. https://www.eia.gov/international/data/"
2022,8,53,Total petroleum and other liquids,petroleo_liquidos_totales_tbpd,749.0,TBPD,"U.S. Energy Information Administration (EIA), International Energy Statistics, monthly series. https://www.eia.gov/international/data/"
2022,9,53,Total petroleum and other liquids,petroleo_liquidos_totales_tbpd,719.0,TBPD,"U.S. Energy Information Administration (EIA), International Energy Statistics, monthly series. https://www.eia.gov/international/data/"
2022,10,53,Total petroleum and other liquids,petroleo_liquidos_totales_tbpd,769.0,TBPD,"U.S. Energy Information Administration (EIA), International Energy Statistics, monthly series. https://www.eia.gov/international/data/"
2022,11,53,Total petroleum and other liquids,petroleo_liquidos_totales_tbpd,719.0,TBPD,"U.S. Energy Information Administration (EIA), International Energy Statistics, monthly series. https://www.eia.gov/international/data/"
2022,12,53,Total petroleum and other liquids,petroleo_liquidos_totales_tbpd,719.0,TBPD,"U.S. Energy Information Administration (EIA), International Energy Statistics, monthly series. https://www.eia.gov/international/data/"
2023,1,53,Total petroleum and other liquids,petroleo_liquidos_totales_tbpd,789.0,TBPD,"U.S. Energy Information Administration (EIA), International Energy Statistics, monthly series. https://www.eia.gov/international/data/"
2023,2,53,Total petroleum and other liquids,petroleo_liquidos_totales_tbpd,739.0,TBPD,"U.S. Energy Information Administration (EIA), International Energy Statistics, monthly series. https://www.eia.gov/international/data/"
2023,3,53,Total petroleum and other liquids,petroleo_liquidos_totales_tbpd,769.0,TBPD,"U.S. Energy Information Administration (EIA), International Energy Statistics, monthly series. https://www.eia.gov/international/data/"
2023,4,53,Total petroleum and other liquids,petroleo_liquidos_totales_tbpd,809.0,TBPD,"U.S. Energy Information Administration (EIA), International Energy Statistics, monthly series. https://www.eia.gov/international/data/"
2023,5,53,Total petroleum and other liquids,petroleo_liquidos_totales_tbpd,829.0,TBPD,"U.S. Energy Information Administration (EIA), International Energy Statistics, monthly series. https://www.eia.gov/international/data/"
2023,6,53,Total petroleum and other liquids,petroleo_liquidos_totales_tbpd,829.0,TBPD,"U.S. Energy Information Administration (EIA), International Energy Statistics, monthly series. https://www.eia.gov/international/data/"
2023,7,53,Total petroleum and other liquids,petroleo_liquidos_totales_tbpd,859.0,TBPD,"U.S. Energy Information Administration (EIA), International Energy Statistics, monthly series. https://www.eia.gov/international/data/"
2023,8,53,Total petroleum and other liquids,petroleo_liquidos_totales_tbpd,829.0,TBPD,"U.S. Energy Information Administration (EIA), International Energy Statistics, monthly series. https://www.eia.gov/international/data/"
2023,9,53,Total petroleum and other liquids,petroleo_liquidos_totales_tbpd,804.0,TBPD,"U.S. Energy Information Administration (EIA), International Energy Statistics, monthly series. https://www.eia.gov/international/data/"
2023,10,53,Total petroleum and other liquids,petroleo_liquidos_totales_tbpd,804.0,TBPD,"U.S. Energy Information Administration (EIA), International Energy Statistics, monthly series. https://www.eia.gov/international/data/"
2023,11,53,Total petroleum and other liquids,petroleo_liquidos_totales_tbpd,819.0,TBPD,"U.S. Energy Information Administration (EIA), International Energy Statistics, monthly series. https://www.eia.gov/international/data/"
2023,12,53,Total petroleum and other liquids,petroleo_liquidos_totales_tbpd,829.0,TBPD,"U.S. Energy Information Administration (EIA), International Energy Statistics, monthly series. https://www.eia.gov/international/data/"
2024,1,53,Total petroleum and other liquids,petroleo_liquidos_totales_tbpd,839.0,TBPD,"U.S. Energy Information Administration (EIA), International Energy Statistics, monthly series. https://www.eia.gov/international/data/"
2024,2,53,Total petroleum and other liquids,petroleo_liquidos_totales_tbpd,874.0,TBPD,"U.S. Energy Information Administration (EIA), International Energy Statistics, monthly series. https://www.eia.gov/international/data/"
2024,3,53,Total petroleum and other liquids,petroleo_liquidos_totales_tbpd,874.0,TBPD,"U.S. Energy Information Administration (EIA), International Energy Statistics, monthly series. https://www.eia.gov/international/data/"
2024,4,53,Total petroleum and other liquids,petroleo_liquidos_totales_tbpd,889.0,TBPD,"U.S. Energy Information Administration (EIA), International Energy Statistics, monthly series. https://www.eia.gov/international/data/"
2024,5,53,Total petroleum and other liquids,petroleo_liquidos_totales_tbpd,909.0,TBPD,"U.S. Energy Information Administration (EIA), International Energy Statistics, monthly series. https://www.eia.gov/international/data/"
2024,6,53,Total petroleum and other liquids,petroleo_liquidos_totales_tbpd,899.0,TBPD,"U.S. Energy Information Administration (EIA), International Energy Statistics, monthly series. https://www.eia.gov/international/data/"
2024,7,53,Total petroleum and other liquids,petroleo_liquidos_totales_tbpd,909.0,TBPD,"U.S. Energy Information Administration (EIA), International Energy Statistics, monthly series. https://www.eia.gov/international/data/"
2024,8,53,Total petroleum and other liquids,petroleo_liquidos_totales_tbpd,929.0,TBPD,"U.S. Energy Information Administration (EIA), International Energy Statistics, monthly series. https://www.eia.gov/international/data/"
2024,9,53,Total petroleum and other liquids,petroleo_liquidos_totales_tbpd,939.0,TBPD,"U.S. Energy Information Administration (EIA), International Energy Statistics, monthly series. https://www.eia.gov/international/data/"
2024,10,53,Total petroleum and other liquids,petroleo_liquidos_totales_tbpd,949.0,TBPD,"U.S. Energy Information Administration (EIA), International Energy Statistics, monthly series. https://www.eia.gov/international/data/"
2024,11,53,Total petroleum and other liquids,petroleo_liquidos_totales_tbpd,889.0,TBPD,"U.S. Energy Information Administration (EIA), International Energy Statistics, monthly series. https://www.eia.gov/international/data/"
2024,12,53,Total petroleum and other liquids,petroleo_liquidos_totales_tbpd,929.0,TBPD,"U.S. Energy Information Administration (EIA), International Energy Statistics, monthly series. https://www.eia.gov/international/data/"
2025,1,53,Total petroleum and other liquids,petroleo_liquidos_totales_tbpd,969.0,TBPD,"U.S. Energy Information Administration (EIA), International Energy Statistics, monthly series. https://www.eia.gov/international/data/"
2025,2,53,Total petroleum and other liquids,petroleo_liquidos_totales_tbpd,979.0,TBPD,"U.S. Energy Information Administration (EIA), International Energy Statistics, monthly series. https://www.eia.gov/international/data/"
2025,3,53,Total petroleum and other liquids,petroleo_liquidos_totales_tbpd,989.0,TBPD,"U.S. Energy Information Administration (EIA), International Energy Statistics, monthly series. https://www.eia.gov/international/data/"
2025,4,53,Total petroleum and other liquids,petroleo_liquidos_totales_tbpd,999.0,TBPD,"U.S. Energy Information Administration (EIA), International Energy Statistics, monthly series. https://www.eia.gov/international/data/"
2025,5,53,Total petroleum and other liquids,petroleo_liquidos_totales_tbpd,1009.0,TBPD,"U.S. Energy Information Administration (EIA), International Energy Statistics, monthly series. https://www.eia.gov/international/data/"
2025,6,53,Total petroleum and other liquids,petroleo_liquidos_totales_tbpd,1019.0,TBPD,"U.S. Energy Information Administration (EIA), International Energy Statistics, monthly series. https://www.eia.gov/international/data/"
2025,7,53,Total petroleum and other liquids,petroleo_liquidos_totales_tbpd,1019.0,TBPD,"U.S. Energy Information Administration (EIA), International Energy Statistics, monthly series. https://www.eia.gov/international/data/"
2025,8,53,Total petroleum and other liquids,petroleo_liquidos_totales_tbpd,1034.0,TBPD,"U.S. Energy Information Administration (EIA), International Energy Statistics, monthly series. https://www.eia.gov/international/data/"
2025,9,53,Total petroleum and other liquids,petroleo_liquidos_totales_tbpd,1039.0,TBPD,"U.S. Energy Information Administration (EIA), International Energy Statistics, monthly series. https://www.eia.gov/international/data/"
2025,10,53,Total petroleum and other liquids,petroleo_liquidos_totales_tbpd,1044.0,TBPD,"U.S. Energy Information Administration (EIA), International Energy Statistics, monthly series. https://www.eia.gov/international/data/"
2025,11,53,Total petroleum and other liquids,petroleo_liquidos_totales_tbpd,1044.0,TBPD,"U.S. Energy Information Administration (EIA), International Energy Statistics, monthly series. https://www.eia.gov/international/data/"
2025,12,53,Total petroleum and other liquids,petroleo_liquidos_totales_tbpd,994.0,TBPD,"U.S. Energy Information Administration (EIA), International Energy Statistics, monthly series. https://www.eia.gov/international/data/"
2026,1,53,Total petroleum and other liquids,petroleo_liquidos_totales_tbpd,869.0,TBPD,"U.S. Energy Information Administration (EIA), International Energy Statistics, monthly series. https://www.eia.gov/international/data/"
2026,2,53,Total petroleum and other liquids,petroleo_liquidos_totales_tbpd,1019.0,TBPD,"U.S. Energy Information Administration (EIA), International Energy Statistics, monthly series. https://www.eia.gov/international/data/"
2026,3,53,Total petroleum and other liquids,petroleo_liquidos_totales_tbpd,1099.0,TBPD,"U.S. Energy Information Administration (EIA), International Energy Statistics, monthly series. https://www.eia.gov/international/data/"
2026,4,53,Total petroleum and other liquids,petroleo_liquidos_totales_tbpd,1139.0,TBPD,"U.S. Energy Information Administration (EIA), International Energy Statistics, monthly series. https://www.eia.gov/international/data/"
2026,5,53,Total petroleum and other liquids,petroleo_liquidos_totales_tbpd,1199.0,TBPD,"U.S. Energy Information Administration (EIA), International Energy Statistics, monthly series. https://www.eia.gov/international/data/"
2000,1,55,"Crude oil, NGPL, and other liquids",gas_natural_plant_liquids_tbpd,3116.0,TBPD,"U.S. Energy Information Administration (EIA), International Energy Statistics, monthly series. https://www.eia.gov/international/data/"
2000,2,55,"Crude oil, NGPL, and other liquids",gas_natural_plant_liquids_tbpd,3126.0,TBPD,"U.S. Energy Information Administration (EIA), International Energy Statistics, monthly series. https://www.eia.gov/international/data/"
2000,3,55,"Crude oil, NGPL, and other liquids",gas_natural_plant_liquids_tbpd,3126.0,TBPD,"U.S. Energy Information Administration (EIA), International Energy Statistics, monthly series. https://www.eia.gov/international/data/"
2000,4,55,"Crude oil, NGPL, and other liquids",gas_natural_plant_liquids_tbpd,3176.0,TBPD,"U.S. Energy Information Administration (EIA), International Energy Statistics, monthly series. https://www.eia.gov/international/data/"
2000,5,55,"Crude oil, NGPL, and other liquids",gas_natural_plant_liquids_tbpd,3201.0,TBPD,"U.S. Energy Information Administration (EIA), International Energy Statistics, monthly series. https://www.eia.gov/international/data/"
2000,6,55,"Crude oil, NGPL, and other liquids",gas_natural_plant_liquids_tbpd,3201.0,TBPD,"U.S. Energy Information Administration (EIA), International Energy Statistics, monthly series. https://www.eia.gov/international/data/"
2000,7,55,"Crude oil, NGPL, and other liquids",gas_natural_plant_liquids_tbpd,3226.0,TBPD,"U.S. Energy Information Administration (EIA), International Energy Statistics, monthly series. https://www.eia.gov/international/data/"
2000,8,55,"Crude oil, NGPL, and other liquids",gas_natural_plant_liquids_tbpd,3246.0,TBPD,"U.S. Energy Information Administration (EIA), International Energy Statistics, monthly series. https://www.eia.gov/international/data/"
2000,9,55,"Crude oil, NGPL, and other liquids",gas_natural_plant_liquids_tbpd,3256.0,TBPD,"U.S. Energy Information Administration (EIA), International Energy Statistics, monthly series. https://www.eia.gov/international/data/"
2000,10,55,"Crude oil, NGPL, and other liquids",gas_natural_plant_liquids_tbpd,3276.0,TBPD,"U.S. Energy Information Administration (EIA), International Energy Statistics, monthly series. https://www.eia.gov/international/data/"
2000,11,55,"Crude oil, NGPL, and other liquids",gas_natural_plant_liquids_tbpd,3326.0,TBPD,"U.S. Energy Information Administration (EIA), International Energy Statistics, monthly series. https://www.eia.gov/international/data/"
2000,12,55,"Crude oil, NGPL, and other liquids",gas_natural_plant_liquids_tbpd,3356.0,TBPD,"U.S. Energy Information Administration (EIA), International Energy Statistics, monthly series. https://www.eia.gov/international/data/"
2001,1,55,"Crude oil, NGPL, and other liquids",gas_natural_plant_liquids_tbpd,3412.0,TBPD,"U.S. Energy Information Administration (EIA), International Energy Statistics, monthly series. https://www.eia.gov/international/data/"
2001,2,55,"Crude oil, NGPL, and other liquids",gas_natural_plant_liquids_tbpd,3242.0,TBPD,"U.S. Energy Information Administration (EIA), International Energy Statistics, monthly series. https://www.eia.gov/international/data/"
2001,3,55,"Crude oil, NGPL, and other liquids",gas_natural_plant_liquids_tbpd,3242.0,TBPD,"U.S. Energy Information Administration (EIA), International Energy Statistics, monthly series. https://www.eia.gov/international/data/"
2001,4,55,"Crude oil, NGPL, and other liquids",gas_natural_plant_liquids_tbpd,3142.0,TBPD,"U.S. Energy Information Administration (EIA), International Energy Statistics, monthly series. https://www.eia.gov/international/data/"
2001,5,55,"Crude oil, NGPL, and other liquids",gas_natural_plant_liquids_tbpd,3115.0,TBPD,"U.S. Energy Information Administration (EIA), International Energy Statistics, monthly series. https://www.eia.gov/international/data/"
2001,6,55,"Crude oil, NGPL, and other liquids",gas_natural_plant_liquids_tbpd,3145.0,TBPD,"U.S. Energy Information Administration (EIA), International Energy Statistics, monthly series. https://www.eia.gov/international/data/"
2001,7,55,"Crude oil, NGPL, and other liquids",gas_natural_plant_liquids_tbpd,3155.0,TBPD,"U.S. Energy Information Administration (EIA), International Energy Statistics, monthly series. https://www.eia.gov/international/data/"
2001,8,55,"Crude oil, NGPL, and other liquids",gas_natural_plant_liquids_tbpd,3153.0,TBPD,"U.S. Energy Information Administration (EIA), International Energy Statistics, monthly series. https://www.eia.gov/international/data/"
2001,9,55,"Crude oil, NGPL, and other liquids",gas_natural_plant_liquids_tbpd,3029.0,TBPD,"U.S. Energy Information Administration (EIA), International Energy Statistics, monthly series. https://www.eia.gov/international/data/"
2001,10,55,"Crude oil, NGPL, and other liquids",gas_natural_plant_liquids_tbpd,3019.0,TBPD,"U.S. Energy Information Administration (EIA), International Energy Statistics, monthly series. https://www.eia.gov/international/data/"
2001,11,55,"Crude oil, NGPL, and other liquids",gas_natural_plant_liquids_tbpd,3029.0,TBPD,"U.S. Energy Information Administration (EIA), International Energy Statistics, monthly series. https://www.eia.gov/international/data/"
2001,12,55,"Crude oil, NGPL, and other liquids",gas_natural_plant_liquids_tbpd,3019.0,TBPD,"U.S. Energy Information Administration (EIA), International Energy Statistics, monthly series. https://www.eia.gov/international/data/"
2002,1,55,"Crude oil, NGPL, and other liquids",gas_natural_plant_liquids_tbpd,2897.0,TBPD,"U.S. Energy Information Administration (EIA), International Energy Statistics, monthly series. https://www.eia.gov/international/data/"
2002,2,55,"Crude oil, NGPL, and other liquids",gas_natural_plant_liquids_tbpd,2836.0,TBPD,"U.S. Energy Information Administration (EIA), International Energy Statistics, monthly series. https://www.eia.gov/international/data/"
2002,3,55,"Crude oil, NGPL, and other liquids",gas_natural_plant_liquids_tbpd,2748.0,TBPD,"U.S. Energy Information Administration (EIA), International Energy Statistics, monthly series. https://www.eia.gov/international/data/"
2002,4,55,"Crude oil, NGPL, and other liquids",gas_natural_plant_liquids_tbpd,2475.0,TBPD,"U.S. Energy Information Administration (EIA), International Energy Statistics, monthly series. https://www.eia.gov/international/data/"
2002,5,55,"Crude oil, NGPL, and other liquids",gas_natural_plant_liquids_tbpd,2542.0,TBPD,"U.S. Energy Information Administration (EIA), International Energy Statistics, monthly series. https://www.eia.gov/international/data/"
2002,6,55,"Crude oil, NGPL, and other liquids",gas_natural_plant_liquids_tbpd,2545.0,TBPD,"U.S. Energy Information Administration (EIA), International Energy Statistics, monthly series. https://www.eia.gov/international/data/"
2002,7,55,"Crude oil, NGPL, and other liquids",gas_natural_plant_liquids_tbpd,2998.0,TBPD,"U.S. Energy Information Administration (EIA), International Energy Statistics, monthly series. https://www.eia.gov/international/data/"
2002,8,55,"Crude oil, NGPL, and other liquids",gas_natural_plant_liquids_tbpd,3130.0,TBPD,"U.S. Energy Information Administration (EIA), International Energy Statistics, monthly series. https://www.eia.gov/international/data/"
2002,9,55,"Crude oil, NGPL, and other liquids",gas_natural_plant_liquids_tbpd,2856.0,TBPD,"U.S. Energy Information Administration (EIA), International Energy Statistics, monthly series. https://www.eia.gov/international/data/"
2002,10,55,"Crude oil, NGPL, and other liquids",gas_natural_plant_liquids_tbpd,3041.0,TBPD,"U.S. Energy Information Administration (EIA), International Energy Statistics, monthly series. https://www.eia.gov/international/data/"
2002,11,55,"Crude oil, NGPL, and other liquids",gas_natural_plant_liquids_tbpd,3085.0,TBPD,"U.S. Energy Information Administration (EIA), International Energy Statistics, monthly series. https://www.eia.gov/international/data/"
2002,12,55,"Crude oil, NGPL, and other liquids",gas_natural_plant_liquids_tbpd,1874.0,TBPD,"U.S. Energy Information Administration (EIA), International Energy Statistics, monthly series. https://www.eia.gov/international/data/"
2003,1,55,"Crude oil, NGPL, and other liquids",gas_natural_plant_liquids_tbpd,1506.0,TBPD,"U.S. Energy Information Administration (EIA), International Energy Statistics, monthly series. https://www.eia.gov/international/data/"
2003,2,55,"Crude oil, NGPL, and other liquids",gas_natural_plant_liquids_tbpd,1753.0,TBPD,"U.S. Energy Information Administration (EIA), International Energy Statistics, monthly series. https://www.eia.gov/international/data/"
2003,3,55,"Crude oil, NGPL, and other liquids",gas_natural_plant_liquids_tbpd,2443.0,TBPD,"U.S. Energy Information Administration (EIA), International Energy Statistics, monthly series. https://www.eia.gov/international/data/"
2003,4,55,"Crude oil, NGPL, and other liquids",gas_natural_plant_liquids_tbpd,2785.0,TBPD,"U.S. Energy Information Administration (EIA), International Energy Statistics, monthly series. https://www.eia.gov/international/data/"
2003,5,55,"Crude oil, NGPL, and other liquids",gas_natural_plant_liquids_tbpd,2887.0,TBPD,"U.S. Energy Information Administration (EIA), International Energy Statistics, monthly series. https://www.eia.gov/international/data/"
2003,6,55,"Crude oil, NGPL, and other liquids",gas_natural_plant_liquids_tbpd,2805.0,TBPD,"U.S. Energy Information Administration (EIA), International Energy Statistics, monthly series. https://www.eia.gov/international/data/"
2003,7,55,"Crude oil, NGPL, and other liquids",gas_natural_plant_liquids_tbpd,2526.0,TBPD,"U.S. Energy Information Administration (EIA), International Energy Statistics, monthly series. https://www.eia.gov/international/data/"
2003,8,55,"Crude oil, NGPL, and other liquids",gas_natural_plant_liquids_tbpd,2678.0,TBPD,"U.S. Energy Information Administration (EIA), International Energy Statistics, monthly series. https://www.eia.gov/international/data/"
2003,9,55,"Crude oil, NGPL, and other liquids",gas_natural_plant_liquids_tbpd,2544.0,TBPD,"U.S. Energy Information Administration (EIA), International Energy Statistics, monthly series. https://www.eia.gov/international/data/"
2003,10,55,"Crude oil, NGPL, and other liquids",gas_natural_plant_liquids_tbpd,2743.0,TBPD,"U.S. Energy Information Administration (EIA), International Energy Statistics, monthly series. https://www.eia.gov/international/data/"
2003,11,55,"Crude oil, NGPL, and other liquids",gas_natural_plant_liquids_tbpd,2591.0,TBPD,"U.S. Energy Information Administration (EIA), International Energy Statistics, monthly series. https://www.eia.gov/international/data/"
2003,12,55,"Crude oil, NGPL, and other liquids",gas_natural_plant_liquids_tbpd,2758.0,TBPD,"U.S. Energy Information Administration (EIA), International Energy Statistics, monthly series. https://www.eia.gov/international/data/"
2004,1,55,"Crude oil, NGPL, and other liquids",gas_natural_plant_liquids_tbpd,2635.0,TBPD,"U.S. Energy Information Administration (EIA), International Energy Statistics, monthly series. https://www.eia.gov/international/data/"
2004,2,55,"Crude oil, NGPL, and other liquids",gas_natural_plant_liquids_tbpd,2772.0,TBPD,"U.S. Energy Information Administration (EIA), International Energy Statistics, monthly series. https://www.eia.gov/international/data/"
2004,3,55,"Crude oil, NGPL, and other liquids",gas_natural_plant_liquids_tbpd,2911.0,TBPD,"U.S. Energy Information Administration (EIA), International Energy Statistics, monthly series. https://www.eia.gov/international/data/"
2004,4,55,"Crude oil, NGPL, and other liquids",gas_natural_plant_liquids_tbpd,2790.0,TBPD,"U.S. Energy Information Administration (EIA), International Energy Statistics, monthly series. https://www.eia.gov/international/data/"
2004,5,55,"Crude oil, NGPL, and other liquids",gas_natural_plant_liquids_tbpd,2847.0,TBPD,"U.S. Energy Information Administration (EIA), International Energy Statistics, monthly series. https://www.eia.gov/international/data/"
2004,6,55,"Crude oil, NGPL, and other liquids",gas_natural_plant_liquids_tbpd,3088.0,TBPD,"U.S. Energy Information Administration (EIA), International Energy Statistics, monthly series. https://www.eia.gov/international/data/"
2004,7,55,"Crude oil, NGPL, and other liquids",gas_natural_plant_liquids_tbpd,2909.0,TBPD,"U.S. Energy Information Administration (EIA), International Energy Statistics, monthly series. https://www.eia.gov/international/data/"
2004,8,55,"Crude oil, NGPL, and other liquids",gas_natural_plant_liquids_tbpd,2785.0,TBPD,"U.S. Energy Information Administration (EIA), International Energy Statistics, monthly series. https://www.eia.gov/international/data/"
2004,9,55,"Crude oil, NGPL, and other liquids",gas_natural_plant_liquids_tbpd,2751.0,TBPD,"U.S. Energy Information Administration (EIA), International Energy Statistics, monthly series. https://www.eia.gov/international/data/"
2004,10,55,"Crude oil, NGPL, and other liquids",gas_natural_plant_liquids_tbpd,2809.0,TBPD,"U.S. Energy Information Administration (EIA), International Energy Statistics, monthly series. https://www.eia.gov/international/data/"
2004,11,55,"Crude oil, NGPL, and other liquids",gas_natural_plant_liquids_tbpd,2688.0,TBPD,"U.S. Energy Information Administration (EIA), International Energy Statistics, monthly series. https://www.eia.gov/international/data/"
2004,12,55,"Crude oil, NGPL, and other liquids",gas_natural_plant_liquids_tbpd,2852.0,TBPD,"U.S. Energy Information Administration (EIA), International Energy Statistics, monthly series. https://www.eia.gov/international/data/"
2005,1,55,"Crude oil, NGPL, and other liquids",gas_natural_plant_liquids_tbpd,3078.0,TBPD,"U.S. Energy Information Administration (EIA), International Energy Statistics, monthly series. https://www.eia.gov/international/data/"
2005,2,55,"Crude oil, NGPL, and other liquids",gas_natural_plant_liquids_tbpd,3243.0,TBPD,"U.S. Energy Information Administration (EIA), International Energy Statistics, monthly series. https://www.eia.gov/international/data/"
2005,3,55,"Crude oil, NGPL, and other liquids",gas_natural_plant_liquids_tbpd,3082.0,TBPD,"U.S. Energy Information Administration (EIA), International Energy Statistics, monthly series. https://www.eia.gov/international/data/"
2005,4,55,"Crude oil, NGPL, and other liquids",gas_natural_plant_liquids_tbpd,3246.0,TBPD,"U.S. Energy Information Administration (EIA), International Energy Statistics, monthly series. https://www.eia.gov/international/data/"
2005,5,55,"Crude oil, NGPL, and other liquids",gas_natural_plant_liquids_tbpd,3193.0,TBPD,"U.S. Energy Information Administration (EIA), International Energy Statistics, monthly series. https://www.eia.gov/international/data/"
2005,6,55,"Crude oil, NGPL, and other liquids",gas_natural_plant_liquids_tbpd,3143.0,TBPD,"U.S. Energy Information Administration (EIA), International Energy Statistics, monthly series. https://www.eia.gov/international/data/"
2005,7,55,"Crude oil, NGPL, and other liquids",gas_natural_plant_liquids_tbpd,3149.0,TBPD,"U.S. Energy Information Administration (EIA), International Energy Statistics, monthly series. https://www.eia.gov/international/data/"
2005,8,55,"Crude oil, NGPL, and other liquids",gas_natural_plant_liquids_tbpd,3199.0,TBPD,"U.S. Energy Information Administration (EIA), International Energy Statistics, monthly series. https://www.eia.gov/international/data/"
2005,9,55,"Crude oil, NGPL, and other liquids",gas_natural_plant_liquids_tbpd,2735.0,TBPD,"U.S. Energy Information Administration (EIA), International Energy Statistics, monthly series. https://www.eia.gov/international/data/"
2005,10,55,"Crude oil, NGPL, and other liquids",gas_natural_plant_liquids_tbpd,2895.0,TBPD,"U.S. Energy Information Administration (EIA), International Energy Statistics, monthly series. https://www.eia.gov/international/data/"
2005,11,55,"Crude oil, NGPL, and other liquids",gas_natural_plant_liquids_tbpd,2979.0,TBPD,"U.S. Energy Information Administration (EIA), International Energy Statistics, monthly series. https://www.eia.gov/international/data/"
2005,12,55,"Crude oil, NGPL, and other liquids",gas_natural_plant_liquids_tbpd,3174.0,TBPD,"U.S. Energy Information Administration (EIA), International Energy Statistics, monthly series. https://www.eia.gov/international/data/"
2006,1,55,"Crude oil, NGPL, and other liquids",gas_natural_plant_liquids_tbpd,3247.0,TBPD,"U.S. Energy Information Administration (EIA), International Energy Statistics, monthly series. https://www.eia.gov/international/data/"
2006,2,55,"Crude oil, NGPL, and other liquids",gas_natural_plant_liquids_tbpd,3034.0,TBPD,"U.S. Energy Information Administration (EIA), International Energy Statistics, monthly series. https://www.eia.gov/international/data/"
2006,3,55,"Crude oil, NGPL, and other liquids",gas_natural_plant_liquids_tbpd,3169.0,TBPD,"U.S. Energy Information Administration (EIA), International Energy Statistics, monthly series. https://www.eia.gov/international/data/"
2006,4,55,"Crude oil, NGPL, and other liquids",gas_natural_plant_liquids_tbpd,2965.0,TBPD,"U.S. Energy Information Administration (EIA), International Energy Statistics, monthly series. https://www.eia.gov/international/data/"
2006,5,55,"Crude oil, NGPL, and other liquids",gas_natural_plant_liquids_tbpd,3097.0,TBPD,"U.S. Energy Information Administration (EIA), International Energy Statistics, monthly series. https://www.eia.gov/international/data/"
2006,6,55,"Crude oil, NGPL, and other liquids",gas_natural_plant_liquids_tbpd,2813.0,TBPD,"U.S. Energy Information Administration (EIA), International Energy Statistics, monthly series. https://www.eia.gov/international/data/"
2006,7,55,"Crude oil, NGPL, and other liquids",gas_natural_plant_liquids_tbpd,3046.0,TBPD,"U.S. Energy Information Administration (EIA), International Energy Statistics, monthly series. https://www.eia.gov/international/data/"
2006,8,55,"Crude oil, NGPL, and other liquids",gas_natural_plant_liquids_tbpd,2978.0,TBPD,"U.S. Energy Information Administration (EIA), International Energy Statistics, monthly series. https://www.eia.gov/international/data/"
2006,9,55,"Crude oil, NGPL, and other liquids",gas_natural_plant_liquids_tbpd,2973.0,TBPD,"U.S. Energy Information Administration (EIA), International Energy Statistics, monthly series. https://www.eia.gov/international/data/"
2006,10,55,"Crude oil, NGPL, and other liquids",gas_natural_plant_liquids_tbpd,2974.0,TBPD,"U.S. Energy Information Administration (EIA), International Energy Statistics, monthly series. https://www.eia.gov/international/data/"
2006,11,55,"Crude oil, NGPL, and other liquids",gas_natural_plant_liquids_tbpd,3027.0,TBPD,"U.S. Energy Information Administration (EIA), International Energy Statistics, monthly series. https://www.eia.gov/international/data/"
2006,12,55,"Crude oil, NGPL, and other liquids",gas_natural_plant_liquids_tbpd,2903.0,TBPD,"U.S. Energy Information Administration (EIA), International Energy Statistics, monthly series. https://www.eia.gov/international/data/"
2007,1,55,"Crude oil, NGPL, and other liquids",gas_natural_plant_liquids_tbpd,2865.0,TBPD,"U.S. Energy Information Administration (EIA), International Energy Statistics, monthly series. https://www.eia.gov/international/data/"
2007,2,55,"Crude oil, NGPL, and other liquids",gas_natural_plant_liquids_tbpd,3059.0,TBPD,"U.S. Energy Information Administration (EIA), International Energy Statistics, monthly series. https://www.eia.gov/international/data/"
2007,3,55,"Crude oil, NGPL, and other liquids",gas_natural_plant_liquids_tbpd,2968.0,TBPD,"U.S. Energy Information Administration (EIA), International Energy Statistics, monthly series. https://www.eia.gov/international/data/"
2007,4,55,"Crude oil, NGPL, and other liquids",gas_natural_plant_liquids_tbpd,2896.0,TBPD,"U.S. Energy Information Administration (EIA), International Energy Statistics, monthly series. https://www.eia.gov/international/data/"
2007,5,55,"Crude oil, NGPL, and other liquids",gas_natural_plant_liquids_tbpd,3038.0,TBPD,"U.S. Energy Information Administration (EIA), International Energy Statistics, monthly series. https://www.eia.gov/international/data/"
2007,6,55,"Crude oil, NGPL, and other liquids",gas_natural_plant_liquids_tbpd,3027.0,TBPD,"U.S. Energy Information Administration (EIA), International Energy Statistics, monthly series. https://www.eia.gov/international/data/"
2007,7,55,"Crude oil, NGPL, and other liquids",gas_natural_plant_liquids_tbpd,3078.0,TBPD,"U.S. Energy Information Administration (EIA), International Energy Statistics, monthly series. https://www.eia.gov/international/data/"
2007,8,55,"Crude oil, NGPL, and other liquids",gas_natural_plant_liquids_tbpd,3082.0,TBPD,"U.S. Energy Information Administration (EIA), International Energy Statistics, monthly series. https://www.eia.gov/international/data/"
2007,9,55,"Crude oil, NGPL, and other liquids",gas_natural_plant_liquids_tbpd,2984.0,TBPD,"U.S. Energy Information Administration (EIA), International Energy Statistics, monthly series. https://www.eia.gov/international/data/"
2007,10,55,"Crude oil, NGPL, and other liquids",gas_natural_plant_liquids_tbpd,3041.0,TBPD,"U.S. Energy Information Administration (EIA), International Energy Statistics, monthly series. https://www.eia.gov/international/data/"
2007,11,55,"Crude oil, NGPL, and other liquids",gas_natural_plant_liquids_tbpd,2911.0,TBPD,"U.S. Energy Information Administration (EIA), International Energy Statistics, monthly series. https://www.eia.gov/international/data/"
2007,12,55,"Crude oil, NGPL, and other liquids",gas_natural_plant_liquids_tbpd,3027.0,TBPD,"U.S. Energy Information Administration (EIA), International Energy Statistics, monthly series. https://www.eia.gov/international/data/"
2008,1,55,"Crude oil, NGPL, and other liquids",gas_natural_plant_liquids_tbpd,2685.0,TBPD,"U.S. Energy Information Administration (EIA), International Energy Statistics, monthly series. https://www.eia.gov/international/data/"
2008,2,55,"Crude oil, NGPL, and other liquids",gas_natural_plant_liquids_tbpd,2685.0,TBPD,"U.S. Energy Information Administration (EIA), International Energy Statistics, monthly series. https://www.eia.gov/international/data/"
2008,3,55,"Crude oil, NGPL, and other liquids",gas_natural_plant_liquids_tbpd,2685.0,TBPD,"U.S. Energy Information Administration (EIA), International Energy Statistics, monthly series. https://www.eia.gov/international/data/"
2008,4,55,"Crude oil, NGPL, and other liquids",gas_natural_plant_liquids_tbpd,2685.0,TBPD,"U.S. Energy Information Administration (EIA), International Energy Statistics, monthly series. https://www.eia.gov/international/data/"
2008,5,55,"Crude oil, NGPL, and other liquids",gas_natural_plant_liquids_tbpd,2685.0,TBPD,"U.S. Energy Information Administration (EIA), International Energy Statistics, monthly series. https://www.eia.gov/international/data/"
2008,6,55,"Crude oil, NGPL, and other liquids",gas_natural_plant_liquids_tbpd,2685.0,TBPD,"U.S. Energy Information Administration (EIA), International Energy Statistics, monthly series. https://www.eia.gov/international/data/"
2008,7,55,"Crude oil, NGPL, and other liquids",gas_natural_plant_liquids_tbpd,2685.0,TBPD,"U.S. Energy Information Administration (EIA), International Energy Statistics, monthly series. https://www.eia.gov/international/data/"
2008,8,55,"Crude oil, NGPL, and other liquids",gas_natural_plant_liquids_tbpd,2685.0,TBPD,"U.S. Energy Information Administration (EIA), International Energy Statistics, monthly series. https://www.eia.gov/international/data/"
2008,9,55,"Crude oil, NGPL, and other liquids",gas_natural_plant_liquids_tbpd,2685.0,TBPD,"U.S. Energy Information Administration (EIA), International Energy Statistics, monthly series. https://www.eia.gov/international/data/"
2008,10,55,"Crude oil, NGPL, and other liquids",gas_natural_plant_liquids_tbpd,2685.0,TBPD,"U.S. Energy Information Administration (EIA), International Energy Statistics, monthly series. https://www.eia.gov/international/data/"
2008,11,55,"Crude oil, NGPL, and other liquids",gas_natural_plant_liquids_tbpd,2685.0,TBPD,"U.S. Energy Information Administration (EIA), International Energy Statistics, monthly series. https://www.eia.gov/international/data/"
2008,12,55,"Crude oil, NGPL, and other liquids",gas_natural_plant_liquids_tbpd,2685.0,TBPD,"U.S. Energy Information Administration (EIA), International Energy Statistics, monthly series. https://www.eia.gov/international/data/"
2009,1,55,"Crude oil, NGPL, and other liquids",gas_natural_plant_liquids_tbpd,2695.0,TBPD,"U.S. Energy Information Administration (EIA), International Energy Statistics, monthly series. https://www.eia.gov/international/data/"
2009,2,55,"Crude oil, NGPL, and other liquids",gas_natural_plant_liquids_tbpd,2695.0,TBPD,"U.S. Energy Information Administration (EIA), International Energy Statistics, monthly series. https://www.eia.gov/international/data/"
2009,3,55,"Crude oil, NGPL, and other liquids",gas_natural_plant_liquids_tbpd,2695.0,TBPD,"U.S. Energy Information Administration (EIA), International Energy Statistics, monthly series. https://www.eia.gov/international/data/"
2009,4,55,"Crude oil, NGPL, and other liquids",gas_natural_plant_liquids_tbpd,2695.0,TBPD,"U.S. Energy Information Administration (EIA), International Energy Statistics, monthly series. https://www.eia.gov/international/data/"
2009,5,55,"Crude oil, NGPL, and other liquids",gas_natural_plant_liquids_tbpd,2695.0,TBPD,"U.S. Energy Information Administration (EIA), International Energy Statistics, monthly series. https://www.eia.gov/international/data/"
2009,6,55,"Crude oil, NGPL, and other liquids",gas_natural_plant_liquids_tbpd,2695.0,TBPD,"U.S. Energy Information Administration (EIA), International Energy Statistics, monthly series. https://www.eia.gov/international/data/"
2009,7,55,"Crude oil, NGPL, and other liquids",gas_natural_plant_liquids_tbpd,2695.0,TBPD,"U.S. Energy Information Administration (EIA), International Energy Statistics, monthly series. https://www.eia.gov/international/data/"
2009,8,55,"Crude oil, NGPL, and other liquids",gas_natural_plant_liquids_tbpd,2695.0,TBPD,"U.S. Energy Information Administration (EIA), International Energy Statistics, monthly series. https://www.eia.gov/international/data/"
2009,9,55,"Crude oil, NGPL, and other liquids",gas_natural_plant_liquids_tbpd,2695.0,TBPD,"U.S. Energy Information Administration (EIA), International Energy Statistics, monthly series. https://www.eia.gov/international/data/"
2009,10,55,"Crude oil, NGPL, and other liquids",gas_natural_plant_liquids_tbpd,2695.0,TBPD,"U.S. Energy Information Administration (EIA), International Energy Statistics, monthly series. https://www.eia.gov/international/data/"
2009,11,55,"Crude oil, NGPL, and other liquids",gas_natural_plant_liquids_tbpd,2695.0,TBPD,"U.S. Energy Information Administration (EIA), International Energy Statistics, monthly series. https://www.eia.gov/international/data/"
2009,12,55,"Crude oil, NGPL, and other liquids",gas_natural_plant_liquids_tbpd,2695.0,TBPD,"U.S. Energy Information Administration (EIA), International Energy Statistics, monthly series. https://www.eia.gov/international/data/"
2010,1,55,"Crude oil, NGPL, and other liquids",gas_natural_plant_liquids_tbpd,2585.0,TBPD,"U.S. Energy Information Administration (EIA), International Energy Statistics, monthly series. https://www.eia.gov/international/data/"
2010,2,55,"Crude oil, NGPL, and other liquids",gas_natural_plant_liquids_tbpd,2585.0,TBPD,"U.S. Energy Information Administration (EIA), International Energy Statistics, monthly series. https://www.eia.gov/international/data/"
2010,3,55,"Crude oil, NGPL, and other liquids",gas_natural_plant_liquids_tbpd,2585.0,TBPD,"U.S. Energy Information Administration (EIA), International Energy Statistics, monthly series. https://www.eia.gov/international/data/"
2010,4,55,"Crude oil, NGPL, and other liquids",gas_natural_plant_liquids_tbpd,2585.0,TBPD,"U.S. Energy Information Administration (EIA), International Energy Statistics, monthly series. https://www.eia.gov/international/data/"
2010,5,55,"Crude oil, NGPL, and other liquids",gas_natural_plant_liquids_tbpd,2585.0,TBPD,"U.S. Energy Information Administration (EIA), International Energy Statistics, monthly series. https://www.eia.gov/international/data/"
2010,6,55,"Crude oil, NGPL, and other liquids",gas_natural_plant_liquids_tbpd,2585.0,TBPD,"U.S. Energy Information Administration (EIA), International Energy Statistics, monthly series. https://www.eia.gov/international/data/"
2010,7,55,"Crude oil, NGPL, and other liquids",gas_natural_plant_liquids_tbpd,2585.0,TBPD,"U.S. Energy Information Administration (EIA), International Energy Statistics, monthly series. https://www.eia.gov/international/data/"
2010,8,55,"Crude oil, NGPL, and other liquids",gas_natural_plant_liquids_tbpd,2585.0,TBPD,"U.S. Energy Information Administration (EIA), International Energy Statistics, monthly series. https://www.eia.gov/international/data/"
2010,9,55,"Crude oil, NGPL, and other liquids",gas_natural_plant_liquids_tbpd,2585.0,TBPD,"U.S. Energy Information Administration (EIA), International Energy Statistics, monthly series. https://www.eia.gov/international/data/"
2010,10,55,"Crude oil, NGPL, and other liquids",gas_natural_plant_liquids_tbpd,2585.0,TBPD,"U.S. Energy Information Administration (EIA), International Energy Statistics, monthly series. https://www.eia.gov/international/data/"
2010,11,55,"Crude oil, NGPL, and other liquids",gas_natural_plant_liquids_tbpd,2585.0,TBPD,"U.S. Energy Information Administration (EIA), International Energy Statistics, monthly series. https://www.eia.gov/international/data/"
2010,12,55,"Crude oil, NGPL, and other liquids",gas_natural_plant_liquids_tbpd,2585.0,TBPD,"U.S. Energy Information Administration (EIA), International Energy Statistics, monthly series. https://www.eia.gov/international/data/"
2011,1,55,"Crude oil, NGPL, and other liquids",gas_natural_plant_liquids_tbpd,2675.0,TBPD,"U.S. Energy Information Administration (EIA), International Energy Statistics, monthly series. https://www.eia.gov/international/data/"
2011,2,55,"Crude oil, NGPL, and other liquids",gas_natural_plant_liquids_tbpd,2675.0,TBPD,"U.S. Energy Information Administration (EIA), International Energy Statistics, monthly series. https://www.eia.gov/international/data/"
2011,3,55,"Crude oil, NGPL, and other liquids",gas_natural_plant_liquids_tbpd,2675.0,TBPD,"U.S. Energy Information Administration (EIA), International Energy Statistics, monthly series. https://www.eia.gov/international/data/"
2011,4,55,"Crude oil, NGPL, and other liquids",gas_natural_plant_liquids_tbpd,2675.0,TBPD,"U.S. Energy Information Administration (EIA), International Energy Statistics, monthly series. https://www.eia.gov/international/data/"
2011,5,55,"Crude oil, NGPL, and other liquids",gas_natural_plant_liquids_tbpd,2675.0,TBPD,"U.S. Energy Information Administration (EIA), International Energy Statistics, monthly series. https://www.eia.gov/international/data/"
2011,6,55,"Crude oil, NGPL, and other liquids",gas_natural_plant_liquids_tbpd,2675.0,TBPD,"U.S. Energy Information Administration (EIA), International Energy Statistics, monthly series. https://www.eia.gov/international/data/"
2011,7,55,"Crude oil, NGPL, and other liquids",gas_natural_plant_liquids_tbpd,2675.0,TBPD,"U.S. Energy Information Administration (EIA), International Energy Statistics, monthly series. https://www.eia.gov/international/data/"
2011,8,55,"Crude oil, NGPL, and other liquids",gas_natural_plant_liquids_tbpd,2675.0,TBPD,"U.S. Energy Information Administration (EIA), International Energy Statistics, monthly series. https://www.eia.gov/international/data/"
2011,9,55,"Crude oil, NGPL, and other liquids",gas_natural_plant_liquids_tbpd,2675.0,TBPD,"U.S. Energy Information Administration (EIA), International Energy Statistics, monthly series. https://www.eia.gov/international/data/"
2011,10,55,"Crude oil, NGPL, and other liquids",gas_natural_plant_liquids_tbpd,2675.0,TBPD,"U.S. Energy Information Administration (EIA), International Energy Statistics, monthly series. https://www.eia.gov/international/data/"
2011,11,55,"Crude oil, NGPL, and other liquids",gas_natural_plant_liquids_tbpd,2675.0,TBPD,"U.S. Energy Information Administration (EIA), International Energy Statistics, monthly series. https://www.eia.gov/international/data/"
2011,12,55,"Crude oil, NGPL, and other liquids",gas_natural_plant_liquids_tbpd,2675.0,TBPD,"U.S. Energy Information Administration (EIA), International Energy Statistics, monthly series. https://www.eia.gov/international/data/"
2012,1,55,"Crude oil, NGPL, and other liquids",gas_natural_plant_liquids_tbpd,2675.0,TBPD,"U.S. Energy Information Administration (EIA), International Energy Statistics, monthly series. https://www.eia.gov/international/data/"
2012,2,55,"Crude oil, NGPL, and other liquids",gas_natural_plant_liquids_tbpd,2675.0,TBPD,"U.S. Energy Information Administration (EIA), International Energy Statistics, monthly series. https://www.eia.gov/international/data/"
2012,3,55,"Crude oil, NGPL, and other liquids",gas_natural_plant_liquids_tbpd,2675.0,TBPD,"U.S. Energy Information Administration (EIA), International Energy Statistics, monthly series. https://www.eia.gov/international/data/"
2012,4,55,"Crude oil, NGPL, and other liquids",gas_natural_plant_liquids_tbpd,2675.0,TBPD,"U.S. Energy Information Administration (EIA), International Energy Statistics, monthly series. https://www.eia.gov/international/data/"
2012,5,55,"Crude oil, NGPL, and other liquids",gas_natural_plant_liquids_tbpd,2675.0,TBPD,"U.S. Energy Information Administration (EIA), International Energy Statistics, monthly series. https://www.eia.gov/international/data/"
2012,6,55,"Crude oil, NGPL, and other liquids",gas_natural_plant_liquids_tbpd,2675.0,TBPD,"U.S. Energy Information Administration (EIA), International Energy Statistics, monthly series. https://www.eia.gov/international/data/"
2012,7,55,"Crude oil, NGPL, and other liquids",gas_natural_plant_liquids_tbpd,2675.0,TBPD,"U.S. Energy Information Administration (EIA), International Energy Statistics, monthly series. https://www.eia.gov/international/data/"
2012,8,55,"Crude oil, NGPL, and other liquids",gas_natural_plant_liquids_tbpd,2675.0,TBPD,"U.S. Energy Information Administration (EIA), International Energy Statistics, monthly series. https://www.eia.gov/international/data/"
2012,9,55,"Crude oil, NGPL, and other liquids",gas_natural_plant_liquids_tbpd,2675.0,TBPD,"U.S. Energy Information Administration (EIA), International Energy Statistics, monthly series. https://www.eia.gov/international/data/"
2012,10,55,"Crude oil, NGPL, and other liquids",gas_natural_plant_liquids_tbpd,2675.0,TBPD,"U.S. Energy Information Administration (EIA), International Energy Statistics, monthly series. https://www.eia.gov/international/data/"
2012,11,55,"Crude oil, NGPL, and other liquids",gas_natural_plant_liquids_tbpd,2675.0,TBPD,"U.S. Energy Information Administration (EIA), International Energy Statistics, monthly series. https://www.eia.gov/international/data/"
2012,12,55,"Crude oil, NGPL, and other liquids",gas_natural_plant_liquids_tbpd,2675.0,TBPD,"U.S. Energy Information Administration (EIA), International Energy Statistics, monthly series. https://www.eia.gov/international/data/"
2013,1,55,"Crude oil, NGPL, and other liquids",gas_natural_plant_liquids_tbpd,2675.0,TBPD,"U.S. Energy Information Administration (EIA), International Energy Statistics, monthly series. https://www.eia.gov/international/data/"
2013,2,55,"Crude oil, NGPL, and other liquids",gas_natural_plant_liquids_tbpd,2675.0,TBPD,"U.S. Energy Information Administration (EIA), International Energy Statistics, monthly series. https://www.eia.gov/international/data/"
2013,3,55,"Crude oil, NGPL, and other liquids",gas_natural_plant_liquids_tbpd,2675.0,TBPD,"U.S. Energy Information Administration (EIA), International Energy Statistics, monthly series. https://www.eia.gov/international/data/"
2013,4,55,"Crude oil, NGPL, and other liquids",gas_natural_plant_liquids_tbpd,2675.0,TBPD,"U.S. Energy Information Administration (EIA), International Energy Statistics, monthly series. https://www.eia.gov/international/data/"
2013,5,55,"Crude oil, NGPL, and other liquids",gas_natural_plant_liquids_tbpd,2675.0,TBPD,"U.S. Energy Information Administration (EIA), International Energy Statistics, monthly series. https://www.eia.gov/international/data/"
2013,6,55,"Crude oil, NGPL, and other liquids",gas_natural_plant_liquids_tbpd,2675.0,TBPD,"U.S. Energy Information Administration (EIA), International Energy Statistics, monthly series. https://www.eia.gov/international/data/"
2013,7,55,"Crude oil, NGPL, and other liquids",gas_natural_plant_liquids_tbpd,2675.0,TBPD,"U.S. Energy Information Administration (EIA), International Energy Statistics, monthly series. https://www.eia.gov/international/data/"
2013,8,55,"Crude oil, NGPL, and other liquids",gas_natural_plant_liquids_tbpd,2675.0,TBPD,"U.S. Energy Information Administration (EIA), International Energy Statistics, monthly series. https://www.eia.gov/international/data/"
2013,9,55,"Crude oil, NGPL, and other liquids",gas_natural_plant_liquids_tbpd,2675.0,TBPD,"U.S. Energy Information Administration (EIA), International Energy Statistics, monthly series. https://www.eia.gov/international/data/"
2013,10,55,"Crude oil, NGPL, and other liquids",gas_natural_plant_liquids_tbpd,2675.0,TBPD,"U.S. Energy Information Administration (EIA), International Energy Statistics, monthly series. https://www.eia.gov/international/data/"
2013,11,55,"Crude oil, NGPL, and other liquids",gas_natural_plant_liquids_tbpd,2675.0,TBPD,"U.S. Energy Information Administration (EIA), International Energy Statistics, monthly series. https://www.eia.gov/international/data/"
2013,12,55,"Crude oil, NGPL, and other liquids",gas_natural_plant_liquids_tbpd,2675.0,TBPD,"U.S. Energy Information Administration (EIA), International Energy Statistics, monthly series. https://www.eia.gov/international/data/"
2014,1,55,"Crude oil, NGPL, and other liquids",gas_natural_plant_liquids_tbpd,2675.0,TBPD,"U.S. Energy Information Administration (EIA), International Energy Statistics, monthly series. https://www.eia.gov/international/data/"
2014,2,55,"Crude oil, NGPL, and other liquids",gas_natural_plant_liquids_tbpd,2675.0,TBPD,"U.S. Energy Information Administration (EIA), International Energy Statistics, monthly series. https://www.eia.gov/international/data/"
2014,3,55,"Crude oil, NGPL, and other liquids",gas_natural_plant_liquids_tbpd,2675.0,TBPD,"U.S. Energy Information Administration (EIA), International Energy Statistics, monthly series. https://www.eia.gov/international/data/"
2014,4,55,"Crude oil, NGPL, and other liquids",gas_natural_plant_liquids_tbpd,2675.0,TBPD,"U.S. Energy Information Administration (EIA), International Energy Statistics, monthly series. https://www.eia.gov/international/data/"
2014,5,55,"Crude oil, NGPL, and other liquids",gas_natural_plant_liquids_tbpd,2675.0,TBPD,"U.S. Energy Information Administration (EIA), International Energy Statistics, monthly series. https://www.eia.gov/international/data/"
2014,6,55,"Crude oil, NGPL, and other liquids",gas_natural_plant_liquids_tbpd,2675.0,TBPD,"U.S. Energy Information Administration (EIA), International Energy Statistics, monthly series. https://www.eia.gov/international/data/"
2014,7,55,"Crude oil, NGPL, and other liquids",gas_natural_plant_liquids_tbpd,2675.0,TBPD,"U.S. Energy Information Administration (EIA), International Energy Statistics, monthly series. https://www.eia.gov/international/data/"
2014,8,55,"Crude oil, NGPL, and other liquids",gas_natural_plant_liquids_tbpd,2675.0,TBPD,"U.S. Energy Information Administration (EIA), International Energy Statistics, monthly series. https://www.eia.gov/international/data/"
2014,9,55,"Crude oil, NGPL, and other liquids",gas_natural_plant_liquids_tbpd,2675.0,TBPD,"U.S. Energy Information Administration (EIA), International Energy Statistics, monthly series. https://www.eia.gov/international/data/"
2014,10,55,"Crude oil, NGPL, and other liquids",gas_natural_plant_liquids_tbpd,2675.0,TBPD,"U.S. Energy Information Administration (EIA), International Energy Statistics, monthly series. https://www.eia.gov/international/data/"
2014,11,55,"Crude oil, NGPL, and other liquids",gas_natural_plant_liquids_tbpd,2675.0,TBPD,"U.S. Energy Information Administration (EIA), International Energy Statistics, monthly series. https://www.eia.gov/international/data/"
2014,12,55,"Crude oil, NGPL, and other liquids",gas_natural_plant_liquids_tbpd,2675.0,TBPD,"U.S. Energy Information Administration (EIA), International Energy Statistics, monthly series. https://www.eia.gov/international/data/"
2015,1,55,"Crude oil, NGPL, and other liquids",gas_natural_plant_liquids_tbpd,2580.0,TBPD,"U.S. Energy Information Administration (EIA), International Energy Statistics, monthly series. https://www.eia.gov/international/data/"
2015,2,55,"Crude oil, NGPL, and other liquids",gas_natural_plant_liquids_tbpd,2578.0,TBPD,"U.S. Energy Information Administration (EIA), International Energy Statistics, monthly series. https://www.eia.gov/international/data/"
2015,3,55,"Crude oil, NGPL, and other liquids",gas_natural_plant_liquids_tbpd,2576.0,TBPD,"U.S. Energy Information Administration (EIA), International Energy Statistics, monthly series. https://www.eia.gov/international/data/"
2015,4,55,"Crude oil, NGPL, and other liquids",gas_natural_plant_liquids_tbpd,2574.0,TBPD,"U.S. Energy Information Administration (EIA), International Energy Statistics, monthly series. https://www.eia.gov/international/data/"
2015,5,55,"Crude oil, NGPL, and other liquids",gas_natural_plant_liquids_tbpd,2572.0,TBPD,"U.S. Energy Information Administration (EIA), International Energy Statistics, monthly series. https://www.eia.gov/international/data/"
2015,6,55,"Crude oil, NGPL, and other liquids",gas_natural_plant_liquids_tbpd,2570.0,TBPD,"U.S. Energy Information Administration (EIA), International Energy Statistics, monthly series. https://www.eia.gov/international/data/"
2015,7,55,"Crude oil, NGPL, and other liquids",gas_natural_plant_liquids_tbpd,2568.0,TBPD,"U.S. Energy Information Administration (EIA), International Energy Statistics, monthly series. https://www.eia.gov/international/data/"
2015,8,55,"Crude oil, NGPL, and other liquids",gas_natural_plant_liquids_tbpd,2566.0,TBPD,"U.S. Energy Information Administration (EIA), International Energy Statistics, monthly series. https://www.eia.gov/international/data/"
2015,9,55,"Crude oil, NGPL, and other liquids",gas_natural_plant_liquids_tbpd,2564.0,TBPD,"U.S. Energy Information Administration (EIA), International Energy Statistics, monthly series. https://www.eia.gov/international/data/"
2015,10,55,"Crude oil, NGPL, and other liquids",gas_natural_plant_liquids_tbpd,2562.0,TBPD,"U.S. Energy Information Administration (EIA), International Energy Statistics, monthly series. https://www.eia.gov/international/data/"
2015,11,55,"Crude oil, NGPL, and other liquids",gas_natural_plant_liquids_tbpd,2560.0,TBPD,"U.S. Energy Information Administration (EIA), International Energy Statistics, monthly series. https://www.eia.gov/international/data/"
2015,12,55,"Crude oil, NGPL, and other liquids",gas_natural_plant_liquids_tbpd,2558.0,TBPD,"U.S. Energy Information Administration (EIA), International Energy Statistics, monthly series. https://www.eia.gov/international/data/"
2016,1,55,"Crude oil, NGPL, and other liquids",gas_natural_plant_liquids_tbpd,2456.0,TBPD,"U.S. Energy Information Administration (EIA), International Energy Statistics, monthly series. https://www.eia.gov/international/data/"
2016,2,55,"Crude oil, NGPL, and other liquids",gas_natural_plant_liquids_tbpd,2454.0,TBPD,"U.S. Energy Information Administration (EIA), International Energy Statistics, monthly series. https://www.eia.gov/international/data/"
2016,3,55,"Crude oil, NGPL, and other liquids",gas_natural_plant_liquids_tbpd,2452.0,TBPD,"U.S. Energy Information Administration (EIA), International Energy Statistics, monthly series. https://www.eia.gov/international/data/"
2016,4,55,"Crude oil, NGPL, and other liquids",gas_natural_plant_liquids_tbpd,2450.0,TBPD,"U.S. Energy Information Administration (EIA), International Energy Statistics, monthly series. https://www.eia.gov/international/data/"
2016,5,55,"Crude oil, NGPL, and other liquids",gas_natural_plant_liquids_tbpd,2348.0,TBPD,"U.S. Energy Information Administration (EIA), International Energy Statistics, monthly series. https://www.eia.gov/international/data/"
2016,6,55,"Crude oil, NGPL, and other liquids",gas_natural_plant_liquids_tbpd,2326.0,TBPD,"U.S. Energy Information Administration (EIA), International Energy Statistics, monthly series. https://www.eia.gov/international/data/"
2016,7,55,"Crude oil, NGPL, and other liquids",gas_natural_plant_liquids_tbpd,2264.0,TBPD,"U.S. Energy Information Administration (EIA), International Energy Statistics, monthly series. https://www.eia.gov/international/data/"
2016,8,55,"Crude oil, NGPL, and other liquids",gas_natural_plant_liquids_tbpd,2252.0,TBPD,"U.S. Energy Information Administration (EIA), International Energy Statistics, monthly series. https://www.eia.gov/international/data/"
2016,9,55,"Crude oil, NGPL, and other liquids",gas_natural_plant_liquids_tbpd,2240.0,TBPD,"U.S. Energy Information Administration (EIA), International Energy Statistics, monthly series. https://www.eia.gov/international/data/"
2016,10,55,"Crude oil, NGPL, and other liquids",gas_natural_plant_liquids_tbpd,2228.0,TBPD,"U.S. Energy Information Administration (EIA), International Energy Statistics, monthly series. https://www.eia.gov/international/data/"
2016,11,55,"Crude oil, NGPL, and other liquids",gas_natural_plant_liquids_tbpd,2216.0,TBPD,"U.S. Energy Information Administration (EIA), International Energy Statistics, monthly series. https://www.eia.gov/international/data/"
2016,12,55,"Crude oil, NGPL, and other liquids",gas_natural_plant_liquids_tbpd,2184.0,TBPD,"U.S. Energy Information Administration (EIA), International Energy Statistics, monthly series. https://www.eia.gov/international/data/"
2017,1,55,"Crude oil, NGPL, and other liquids",gas_natural_plant_liquids_tbpd,2142.0,TBPD,"U.S. Energy Information Administration (EIA), International Energy Statistics, monthly series. https://www.eia.gov/international/data/"
2017,2,55,"Crude oil, NGPL, and other liquids",gas_natural_plant_liquids_tbpd,2130.0,TBPD,"U.S. Energy Information Administration (EIA), International Energy Statistics, monthly series. https://www.eia.gov/international/data/"
2017,3,55,"Crude oil, NGPL, and other liquids",gas_natural_plant_liquids_tbpd,2128.0,TBPD,"U.S. Energy Information Administration (EIA), International Energy Statistics, monthly series. https://www.eia.gov/international/data/"
2017,4,55,"Crude oil, NGPL, and other liquids",gas_natural_plant_liquids_tbpd,2116.0,TBPD,"U.S. Energy Information Administration (EIA), International Energy Statistics, monthly series. https://www.eia.gov/international/data/"
2017,5,55,"Crude oil, NGPL, and other liquids",gas_natural_plant_liquids_tbpd,2114.0,TBPD,"U.S. Energy Information Administration (EIA), International Energy Statistics, monthly series. https://www.eia.gov/international/data/"
2017,6,55,"Crude oil, NGPL, and other liquids",gas_natural_plant_liquids_tbpd,2092.0,TBPD,"U.S. Energy Information Administration (EIA), International Energy Statistics, monthly series. https://www.eia.gov/international/data/"
2017,7,55,"Crude oil, NGPL, and other liquids",gas_natural_plant_liquids_tbpd,2090.0,TBPD,"U.S. Energy Information Administration (EIA), International Energy Statistics, monthly series. https://www.eia.gov/international/data/"
2017,8,55,"Crude oil, NGPL, and other liquids",gas_natural_plant_liquids_tbpd,2083.0,TBPD,"U.S. Energy Information Administration (EIA), International Energy Statistics, monthly series. https://www.eia.gov/international/data/"
2017,9,55,"Crude oil, NGPL, and other liquids",gas_natural_plant_liquids_tbpd,2066.0,TBPD,"U.S. Energy Information Administration (EIA), International Energy Statistics, monthly series. https://www.eia.gov/international/data/"
2017,10,55,"Crude oil, NGPL, and other liquids",gas_natural_plant_liquids_tbpd,2014.0,TBPD,"U.S. Energy Information Administration (EIA), International Energy Statistics, monthly series. https://www.eia.gov/international/data/"
2017,11,55,"Crude oil, NGPL, and other liquids",gas_natural_plant_liquids_tbpd,1972.0,TBPD,"U.S. Energy Information Administration (EIA), International Energy Statistics, monthly series. https://www.eia.gov/international/data/"
2017,12,55,"Crude oil, NGPL, and other liquids",gas_natural_plant_liquids_tbpd,1750.0,TBPD,"U.S. Energy Information Administration (EIA), International Energy Statistics, monthly series. https://www.eia.gov/international/data/"
2018,1,55,"Crude oil, NGPL, and other liquids",gas_natural_plant_liquids_tbpd,1740.0,TBPD,"U.S. Energy Information Administration (EIA), International Energy Statistics, monthly series. https://www.eia.gov/international/data/"
2018,2,55,"Crude oil, NGPL, and other liquids",gas_natural_plant_liquids_tbpd,1700.0,TBPD,"U.S. Energy Information Administration (EIA), International Energy Statistics, monthly series. https://www.eia.gov/international/data/"
2018,3,55,"Crude oil, NGPL, and other liquids",gas_natural_plant_liquids_tbpd,1660.0,TBPD,"U.S. Energy Information Administration (EIA), International Energy Statistics, monthly series. https://www.eia.gov/international/data/"
2018,4,55,"Crude oil, NGPL, and other liquids",gas_natural_plant_liquids_tbpd,1630.0,TBPD,"U.S. Energy Information Administration (EIA), International Energy Statistics, monthly series. https://www.eia.gov/international/data/"
2018,5,55,"Crude oil, NGPL, and other liquids",gas_natural_plant_liquids_tbpd,1600.0,TBPD,"U.S. Energy Information Administration (EIA), International Energy Statistics, monthly series. https://www.eia.gov/international/data/"
2018,6,55,"Crude oil, NGPL, and other liquids",gas_natural_plant_liquids_tbpd,1540.0,TBPD,"U.S. Energy Information Administration (EIA), International Energy Statistics, monthly series. https://www.eia.gov/international/data/"
2018,7,55,"Crude oil, NGPL, and other liquids",gas_natural_plant_liquids_tbpd,1505.0,TBPD,"U.S. Energy Information Administration (EIA), International Energy Statistics, monthly series. https://www.eia.gov/international/data/"
2018,8,55,"Crude oil, NGPL, and other liquids",gas_natural_plant_liquids_tbpd,1460.0,TBPD,"U.S. Energy Information Administration (EIA), International Energy Statistics, monthly series. https://www.eia.gov/international/data/"
2018,9,55,"Crude oil, NGPL, and other liquids",gas_natural_plant_liquids_tbpd,1426.0,TBPD,"U.S. Energy Information Administration (EIA), International Energy Statistics, monthly series. https://www.eia.gov/international/data/"
2018,10,55,"Crude oil, NGPL, and other liquids",gas_natural_plant_liquids_tbpd,1396.0,TBPD,"U.S. Energy Information Administration (EIA), International Energy Statistics, monthly series. https://www.eia.gov/international/data/"
2018,11,55,"Crude oil, NGPL, and other liquids",gas_natural_plant_liquids_tbpd,1376.0,TBPD,"U.S. Energy Information Administration (EIA), International Energy Statistics, monthly series. https://www.eia.gov/international/data/"
2018,12,55,"Crude oil, NGPL, and other liquids",gas_natural_plant_liquids_tbpd,1346.0,TBPD,"U.S. Energy Information Administration (EIA), International Energy Statistics, monthly series. https://www.eia.gov/international/data/"
2019,1,55,"Crude oil, NGPL, and other liquids",gas_natural_plant_liquids_tbpd,1316.0,TBPD,"U.S. Energy Information Administration (EIA), International Energy Statistics, monthly series. https://www.eia.gov/international/data/"
2019,2,55,"Crude oil, NGPL, and other liquids",gas_natural_plant_liquids_tbpd,1186.0,TBPD,"U.S. Energy Information Administration (EIA), International Energy Statistics, monthly series. https://www.eia.gov/international/data/"
2019,3,55,"Crude oil, NGPL, and other liquids",gas_natural_plant_liquids_tbpd,950.0,TBPD,"U.S. Energy Information Administration (EIA), International Energy Statistics, monthly series. https://www.eia.gov/international/data/"
2019,4,55,"Crude oil, NGPL, and other liquids",gas_natural_plant_liquids_tbpd,930.0,TBPD,"U.S. Energy Information Administration (EIA), International Energy Statistics, monthly series. https://www.eia.gov/international/data/"
2019,5,55,"Crude oil, NGPL, and other liquids",gas_natural_plant_liquids_tbpd,850.0,TBPD,"U.S. Energy Information Administration (EIA), International Energy Statistics, monthly series. https://www.eia.gov/international/data/"
2019,6,55,"Crude oil, NGPL, and other liquids",gas_natural_plant_liquids_tbpd,900.0,TBPD,"U.S. Energy Information Administration (EIA), International Energy Statistics, monthly series. https://www.eia.gov/international/data/"
2019,7,55,"Crude oil, NGPL, and other liquids",gas_natural_plant_liquids_tbpd,900.0,TBPD,"U.S. Energy Information Administration (EIA), International Energy Statistics, monthly series. https://www.eia.gov/international/data/"
2019,8,55,"Crude oil, NGPL, and other liquids",gas_natural_plant_liquids_tbpd,850.0,TBPD,"U.S. Energy Information Administration (EIA), International Energy Statistics, monthly series. https://www.eia.gov/international/data/"
2019,9,55,"Crude oil, NGPL, and other liquids",gas_natural_plant_liquids_tbpd,750.0,TBPD,"U.S. Energy Information Administration (EIA), International Energy Statistics, monthly series. https://www.eia.gov/international/data/"
2019,10,55,"Crude oil, NGPL, and other liquids",gas_natural_plant_liquids_tbpd,720.0,TBPD,"U.S. Energy Information Administration (EIA), International Energy Statistics, monthly series. https://www.eia.gov/international/data/"
2019,11,55,"Crude oil, NGPL, and other liquids",gas_natural_plant_liquids_tbpd,770.0,TBPD,"U.S. Energy Information Administration (EIA), International Energy Statistics, monthly series. https://www.eia.gov/international/data/"
2019,12,55,"Crude oil, NGPL, and other liquids",gas_natural_plant_liquids_tbpd,920.0,TBPD,"U.S. Energy Information Administration (EIA), International Energy Statistics, monthly series. https://www.eia.gov/international/data/"
2020,1,55,"Crude oil, NGPL, and other liquids",gas_natural_plant_liquids_tbpd,920.0,TBPD,"U.S. Energy Information Administration (EIA), International Energy Statistics, monthly series. https://www.eia.gov/international/data/"
2020,2,55,"Crude oil, NGPL, and other liquids",gas_natural_plant_liquids_tbpd,870.0,TBPD,"U.S. Energy Information Administration (EIA), International Energy Statistics, monthly series. https://www.eia.gov/international/data/"
2020,3,55,"Crude oil, NGPL, and other liquids",gas_natural_plant_liquids_tbpd,685.0,TBPD,"U.S. Energy Information Administration (EIA), International Energy Statistics, monthly series. https://www.eia.gov/international/data/"
2020,4,55,"Crude oil, NGPL, and other liquids",gas_natural_plant_liquids_tbpd,635.0,TBPD,"U.S. Energy Information Administration (EIA), International Energy Statistics, monthly series. https://www.eia.gov/international/data/"
2020,5,55,"Crude oil, NGPL, and other liquids",gas_natural_plant_liquids_tbpd,560.0,TBPD,"U.S. Energy Information Administration (EIA), International Energy Statistics, monthly series. https://www.eia.gov/international/data/"
2020,6,55,"Crude oil, NGPL, and other liquids",gas_natural_plant_liquids_tbpd,415.0,TBPD,"U.S. Energy Information Administration (EIA), International Energy Statistics, monthly series. https://www.eia.gov/international/data/"
2020,7,55,"Crude oil, NGPL, and other liquids",gas_natural_plant_liquids_tbpd,395.0,TBPD,"U.S. Energy Information Administration (EIA), International Energy Statistics, monthly series. https://www.eia.gov/international/data/"
2020,8,55,"Crude oil, NGPL, and other liquids",gas_natural_plant_liquids_tbpd,395.0,TBPD,"U.S. Energy Information Administration (EIA), International Energy Statistics, monthly series. https://www.eia.gov/international/data/"
2020,9,55,"Crude oil, NGPL, and other liquids",gas_natural_plant_liquids_tbpd,375.0,TBPD,"U.S. Energy Information Administration (EIA), International Energy Statistics, monthly series. https://www.eia.gov/international/data/"
2020,10,55,"Crude oil, NGPL, and other liquids",gas_natural_plant_liquids_tbpd,415.0,TBPD,"U.S. Energy Information Administration (EIA), International Energy Statistics, monthly series. https://www.eia.gov/international/data/"
2020,11,55,"Crude oil, NGPL, and other liquids",gas_natural_plant_liquids_tbpd,435.0,TBPD,"U.S. Energy Information Administration (EIA), International Energy Statistics, monthly series. https://www.eia.gov/international/data/"
2020,12,55,"Crude oil, NGPL, and other liquids",gas_natural_plant_liquids_tbpd,445.0,TBPD,"U.S. Energy Information Administration (EIA), International Energy Statistics, monthly series. https://www.eia.gov/international/data/"
2021,1,55,"Crude oil, NGPL, and other liquids",gas_natural_plant_liquids_tbpd,540.0,TBPD,"U.S. Energy Information Administration (EIA), International Energy Statistics, monthly series. https://www.eia.gov/international/data/"
2021,2,55,"Crude oil, NGPL, and other liquids",gas_natural_plant_liquids_tbpd,580.0,TBPD,"U.S. Energy Information Administration (EIA), International Energy Statistics, monthly series. https://www.eia.gov/international/data/"
2021,3,55,"Crude oil, NGPL, and other liquids",gas_natural_plant_liquids_tbpd,570.0,TBPD,"U.S. Energy Information Administration (EIA), International Energy Statistics, monthly series. https://www.eia.gov/international/data/"
2021,4,55,"Crude oil, NGPL, and other liquids",gas_natural_plant_liquids_tbpd,530.0,TBPD,"U.S. Energy Information Administration (EIA), International Energy Statistics, monthly series. https://www.eia.gov/international/data/"
2021,5,55,"Crude oil, NGPL, and other liquids",gas_natural_plant_liquids_tbpd,575.0,TBPD,"U.S. Energy Information Administration (EIA), International Energy Statistics, monthly series. https://www.eia.gov/international/data/"
2021,6,55,"Crude oil, NGPL, and other liquids",gas_natural_plant_liquids_tbpd,590.0,TBPD,"U.S. Energy Information Administration (EIA), International Energy Statistics, monthly series. https://www.eia.gov/international/data/"
2021,7,55,"Crude oil, NGPL, and other liquids",gas_natural_plant_liquids_tbpd,580.0,TBPD,"U.S. Energy Information Administration (EIA), International Energy Statistics, monthly series. https://www.eia.gov/international/data/"
2021,8,55,"Crude oil, NGPL, and other liquids",gas_natural_plant_liquids_tbpd,570.0,TBPD,"U.S. Energy Information Administration (EIA), International Energy Statistics, monthly series. https://www.eia.gov/international/data/"
2021,9,55,"Crude oil, NGPL, and other liquids",gas_natural_plant_liquids_tbpd,570.0,TBPD,"U.S. Energy Information Administration (EIA), International Energy Statistics, monthly series. https://www.eia.gov/international/data/"
2021,10,55,"Crude oil, NGPL, and other liquids",gas_natural_plant_liquids_tbpd,640.0,TBPD,"U.S. Energy Information Administration (EIA), International Energy Statistics, monthly series. https://www.eia.gov/international/data/"
2021,11,55,"Crude oil, NGPL, and other liquids",gas_natural_plant_liquids_tbpd,720.0,TBPD,"U.S. Energy Information Administration (EIA), International Energy Statistics, monthly series. https://www.eia.gov/international/data/"
2021,12,55,"Crude oil, NGPL, and other liquids",gas_natural_plant_liquids_tbpd,790.0,TBPD,"U.S. Energy Information Administration (EIA), International Energy Statistics, monthly series. https://www.eia.gov/international/data/"
2022,1,55,"Crude oil, NGPL, and other liquids",gas_natural_plant_liquids_tbpd,720.0,TBPD,"U.S. Energy Information Administration (EIA), International Energy Statistics, monthly series. https://www.eia.gov/international/data/"
2022,2,55,"Crude oil, NGPL, and other liquids",gas_natural_plant_liquids_tbpd,740.0,TBPD,"U.S. Energy Information Administration (EIA), International Energy Statistics, monthly series. https://www.eia.gov/international/data/"
2022,3,55,"Crude oil, NGPL, and other liquids",gas_natural_plant_liquids_tbpd,765.0,TBPD,"U.S. Energy Information Administration (EIA), International Energy Statistics, monthly series. https://www.eia.gov/international/data/"
2022,4,55,"Crude oil, NGPL, and other liquids",gas_natural_plant_liquids_tbpd,790.0,TBPD,"U.S. Energy Information Administration (EIA), International Energy Statistics, monthly series. https://www.eia.gov/international/data/"
2022,5,55,"Crude oil, NGPL, and other liquids",gas_natural_plant_liquids_tbpd,760.0,TBPD,"U.S. Energy Information Administration (EIA), International Energy Statistics, monthly series. https://www.eia.gov/international/data/"
2022,6,55,"Crude oil, NGPL, and other liquids",gas_natural_plant_liquids_tbpd,740.0,TBPD,"U.S. Energy Information Administration (EIA), International Energy Statistics, monthly series. https://www.eia.gov/international/data/"
2022,7,55,"Crude oil, NGPL, and other liquids",gas_natural_plant_liquids_tbpd,660.0,TBPD,"U.S. Energy Information Administration (EIA), International Energy Statistics, monthly series. https://www.eia.gov/international/data/"
2022,8,55,"Crude oil, NGPL, and other liquids",gas_natural_plant_liquids_tbpd,740.0,TBPD,"U.S. Energy Information Administration (EIA), International Energy Statistics, monthly series. https://www.eia.gov/international/data/"
2022,9,55,"Crude oil, NGPL, and other liquids",gas_natural_plant_liquids_tbpd,710.0,TBPD,"U.S. Energy Information Administration (EIA), International Energy Statistics, monthly series. https://www.eia.gov/international/data/"
2022,10,55,"Crude oil, NGPL, and other liquids",gas_natural_plant_liquids_tbpd,760.0,TBPD,"U.S. Energy Information Administration (EIA), International Energy Statistics, monthly series. https://www.eia.gov/international/data/"
2022,11,55,"Crude oil, NGPL, and other liquids",gas_natural_plant_liquids_tbpd,710.0,TBPD,"U.S. Energy Information Administration (EIA), International Energy Statistics, monthly series. https://www.eia.gov/international/data/"
2022,12,55,"Crude oil, NGPL, and other liquids",gas_natural_plant_liquids_tbpd,710.0,TBPD,"U.S. Energy Information Administration (EIA), International Energy Statistics, monthly series. https://www.eia.gov/international/data/"
2023,1,55,"Crude oil, NGPL, and other liquids",gas_natural_plant_liquids_tbpd,780.0,TBPD,"U.S. Energy Information Administration (EIA), International Energy Statistics, monthly series. https://www.eia.gov/international/data/"
2023,2,55,"Crude oil, NGPL, and other liquids",gas_natural_plant_liquids_tbpd,730.0,TBPD,"U.S. Energy Information Administration (EIA), International Energy Statistics, monthly series. https://www.eia.gov/international/data/"
2023,3,55,"Crude oil, NGPL, and other liquids",gas_natural_plant_liquids_tbpd,760.0,TBPD,"U.S. Energy Information Administration (EIA), International Energy Statistics, monthly series. https://www.eia.gov/international/data/"
2023,4,55,"Crude oil, NGPL, and other liquids",gas_natural_plant_liquids_tbpd,800.0,TBPD,"U.S. Energy Information Administration (EIA), International Energy Statistics, monthly series. https://www.eia.gov/international/data/"
2023,5,55,"Crude oil, NGPL, and other liquids",gas_natural_plant_liquids_tbpd,820.0,TBPD,"U.S. Energy Information Administration (EIA), International Energy Statistics, monthly series. https://www.eia.gov/international/data/"
2023,6,55,"Crude oil, NGPL, and other liquids",gas_natural_plant_liquids_tbpd,820.0,TBPD,"U.S. Energy Information Administration (EIA), International Energy Statistics, monthly series. https://www.eia.gov/international/data/"
2023,7,55,"Crude oil, NGPL, and other liquids",gas_natural_plant_liquids_tbpd,850.0,TBPD,"U.S. Energy Information Administration (EIA), International Energy Statistics, monthly series. https://www.eia.gov/international/data/"
2023,8,55,"Crude oil, NGPL, and other liquids",gas_natural_plant_liquids_tbpd,820.0,TBPD,"U.S. Energy Information Administration (EIA), International Energy Statistics, monthly series. https://www.eia.gov/international/data/"
2023,9,55,"Crude oil, NGPL, and other liquids",gas_natural_plant_liquids_tbpd,795.0,TBPD,"U.S. Energy Information Administration (EIA), International Energy Statistics, monthly series. https://www.eia.gov/international/data/"
2023,10,55,"Crude oil, NGPL, and other liquids",gas_natural_plant_liquids_tbpd,795.0,TBPD,"U.S. Energy Information Administration (EIA), International Energy Statistics, monthly series. https://www.eia.gov/international/data/"
2023,11,55,"Crude oil, NGPL, and other liquids",gas_natural_plant_liquids_tbpd,810.0,TBPD,"U.S. Energy Information Administration (EIA), International Energy Statistics, monthly series. https://www.eia.gov/international/data/"
2023,12,55,"Crude oil, NGPL, and other liquids",gas_natural_plant_liquids_tbpd,820.0,TBPD,"U.S. Energy Information Administration (EIA), International Energy Statistics, monthly series. https://www.eia.gov/international/data/"
2024,1,55,"Crude oil, NGPL, and other liquids",gas_natural_plant_liquids_tbpd,830.0,TBPD,"U.S. Energy Information Administration (EIA), International Energy Statistics, monthly series. https://www.eia.gov/international/data/"
2024,2,55,"Crude oil, NGPL, and other liquids",gas_natural_plant_liquids_tbpd,865.0,TBPD,"U.S. Energy Information Administration (EIA), International Energy Statistics, monthly series. https://www.eia.gov/international/data/"
2024,3,55,"Crude oil, NGPL, and other liquids",gas_natural_plant_liquids_tbpd,865.0,TBPD,"U.S. Energy Information Administration (EIA), International Energy Statistics, monthly series. https://www.eia.gov/international/data/"
2024,4,55,"Crude oil, NGPL, and other liquids",gas_natural_plant_liquids_tbpd,880.0,TBPD,"U.S. Energy Information Administration (EIA), International Energy Statistics, monthly series. https://www.eia.gov/international/data/"
2024,5,55,"Crude oil, NGPL, and other liquids",gas_natural_plant_liquids_tbpd,900.0,TBPD,"U.S. Energy Information Administration (EIA), International Energy Statistics, monthly series. https://www.eia.gov/international/data/"
2024,6,55,"Crude oil, NGPL, and other liquids",gas_natural_plant_liquids_tbpd,890.0,TBPD,"U.S. Energy Information Administration (EIA), International Energy Statistics, monthly series. https://www.eia.gov/international/data/"
2024,7,55,"Crude oil, NGPL, and other liquids",gas_natural_plant_liquids_tbpd,900.0,TBPD,"U.S. Energy Information Administration (EIA), International Energy Statistics, monthly series. https://www.eia.gov/international/data/"
2024,8,55,"Crude oil, NGPL, and other liquids",gas_natural_plant_liquids_tbpd,920.0,TBPD,"U.S. Energy Information Administration (EIA), International Energy Statistics, monthly series. https://www.eia.gov/international/data/"
2024,9,55,"Crude oil, NGPL, and other liquids",gas_natural_plant_liquids_tbpd,930.0,TBPD,"U.S. Energy Information Administration (EIA), International Energy Statistics, monthly series. https://www.eia.gov/international/data/"
2024,10,55,"Crude oil, NGPL, and other liquids",gas_natural_plant_liquids_tbpd,940.0,TBPD,"U.S. Energy Information Administration (EIA), International Energy Statistics, monthly series. https://www.eia.gov/international/data/"
2024,11,55,"Crude oil, NGPL, and other liquids",gas_natural_plant_liquids_tbpd,880.0,TBPD,"U.S. Energy Information Administration (EIA), International Energy Statistics, monthly series. https://www.eia.gov/international/data/"
2024,12,55,"Crude oil, NGPL, and other liquids",gas_natural_plant_liquids_tbpd,920.0,TBPD,"U.S. Energy Information Administration (EIA), International Energy Statistics, monthly series. https://www.eia.gov/international/data/"
2025,1,55,"Crude oil, NGPL, and other liquids",gas_natural_plant_liquids_tbpd,960.0,TBPD,"U.S. Energy Information Administration (EIA), International Energy Statistics, monthly series. https://www.eia.gov/international/data/"
2025,2,55,"Crude oil, NGPL, and other liquids",gas_natural_plant_liquids_tbpd,970.0,TBPD,"U.S. Energy Information Administration (EIA), International Energy Statistics, monthly series. https://www.eia.gov/international/data/"
2025,3,55,"Crude oil, NGPL, and other liquids",gas_natural_plant_liquids_tbpd,980.0,TBPD,"U.S. Energy Information Administration (EIA), International Energy Statistics, monthly series. https://www.eia.gov/international/data/"
2025,4,55,"Crude oil, NGPL, and other liquids",gas_natural_plant_liquids_tbpd,990.0,TBPD,"U.S. Energy Information Administration (EIA), International Energy Statistics, monthly series. https://www.eia.gov/international/data/"
2025,5,55,"Crude oil, NGPL, and other liquids",gas_natural_plant_liquids_tbpd,1000.0,TBPD,"U.S. Energy Information Administration (EIA), International Energy Statistics, monthly series. https://www.eia.gov/international/data/"
2025,6,55,"Crude oil, NGPL, and other liquids",gas_natural_plant_liquids_tbpd,1010.0,TBPD,"U.S. Energy Information Administration (EIA), International Energy Statistics, monthly series. https://www.eia.gov/international/data/"
2025,7,55,"Crude oil, NGPL, and other liquids",gas_natural_plant_liquids_tbpd,1010.0,TBPD,"U.S. Energy Information Administration (EIA), International Energy Statistics, monthly series. https://www.eia.gov/international/data/"
2025,8,55,"Crude oil, NGPL, and other liquids",gas_natural_plant_liquids_tbpd,1025.0,TBPD,"U.S. Energy Information Administration (EIA), International Energy Statistics, monthly series. https://www.eia.gov/international/data/"
2025,9,55,"Crude oil, NGPL, and other liquids",gas_natural_plant_liquids_tbpd,1030.0,TBPD,"U.S. Energy Information Administration (EIA), International Energy Statistics, monthly series. https://www.eia.gov/international/data/"
2025,10,55,"Crude oil, NGPL, and other liquids",gas_natural_plant_liquids_tbpd,1035.0,TBPD,"U.S. Energy Information Administration (EIA), International Energy Statistics, monthly series. https://www.eia.gov/international/data/"
2025,11,55,"Crude oil, NGPL, and other liquids",gas_natural_plant_liquids_tbpd,1035.0,TBPD,"U.S. Energy Information Administration (EIA), International Energy Statistics, monthly series. https://www.eia.gov/international/data/"
2025,12,55,"Crude oil, NGPL, and other liquids",gas_natural_plant_liquids_tbpd,985.0,TBPD,"U.S. Energy Information Administration (EIA), International Energy Statistics, monthly series. https://www.eia.gov/international/data/"
2026,1,55,"Crude oil, NGPL, and other liquids",gas_natural_plant_liquids_tbpd,860.0,TBPD,"U.S. Energy Information Administration (EIA), International Energy Statistics, monthly series. https://www.eia.gov/international/data/"
2026,2,55,"Crude oil, NGPL, and other liquids",gas_natural_plant_liquids_tbpd,1010.0,TBPD,"U.S. Energy Information Administration (EIA), International Energy Statistics, monthly series. https://www.eia.gov/international/data/"
2026,3,55,"Crude oil, NGPL, and other liquids",gas_natural_plant_liquids_tbpd,1090.0,TBPD,"U.S. Energy Information Administration (EIA), International Energy Statistics, monthly series. https://www.eia.gov/international/data/"
2026,4,55,"Crude oil, NGPL, and other liquids",gas_natural_plant_liquids_tbpd,1130.0,TBPD,"U.S. Energy Information Administration (EIA), International Energy Statistics, monthly series. https://www.eia.gov/international/data/"
2026,5,55,"Crude oil, NGPL, and other liquids",gas_natural_plant_liquids_tbpd,1190.0,TBPD,"U.S. Energy Information Administration (EIA), International Energy Statistics, monthly series. https://www.eia.gov/international/data/"
2000,1,57,Crude oil including lease condensate,petroleo_crudo_mensual_anualizable_tbpd,2790.0,TBPD,"U.S. Energy Information Administration (EIA), International Energy Statistics, monthly series. https://www.eia.gov/international/data/"
2000,2,57,Crude oil including lease condensate,petroleo_crudo_mensual_anualizable_tbpd,2800.0,TBPD,"U.S. Energy Information Administration (EIA), International Energy Statistics, monthly series. https://www.eia.gov/international/data/"
2000,3,57,Crude oil including lease condensate,petroleo_crudo_mensual_anualizable_tbpd,2800.0,TBPD,"U.S. Energy Information Administration (EIA), International Energy Statistics, monthly series. https://www.eia.gov/international/data/"
2000,4,57,Crude oil including lease condensate,petroleo_crudo_mensual_anualizable_tbpd,2850.0,TBPD,"U.S. Energy Information Administration (EIA), International Energy Statistics, monthly series. https://www.eia.gov/international/data/"
2000,5,57,Crude oil including lease condensate,petroleo_crudo_mensual_anualizable_tbpd,2875.0,TBPD,"U.S. Energy Information Administration (EIA), International Energy Statistics, monthly series. https://www.eia.gov/international/data/"
2000,6,57,Crude oil including lease condensate,petroleo_crudo_mensual_anualizable_tbpd,2875.0,TBPD,"U.S. Energy Information Administration (EIA), International Energy Statistics, monthly series. https://www.eia.gov/international/data/"
2000,7,57,Crude oil including lease condensate,petroleo_crudo_mensual_anualizable_tbpd,2900.0,TBPD,"U.S. Energy Information Administration (EIA), International Energy Statistics, monthly series. https://www.eia.gov/international/data/"
2000,8,57,Crude oil including lease condensate,petroleo_crudo_mensual_anualizable_tbpd,2920.0,TBPD,"U.S. Energy Information Administration (EIA), International Energy Statistics, monthly series. https://www.eia.gov/international/data/"
2000,9,57,Crude oil including lease condensate,petroleo_crudo_mensual_anualizable_tbpd,2930.0,TBPD,"U.S. Energy Information Administration (EIA), International Energy Statistics, monthly series. https://www.eia.gov/international/data/"
2000,10,57,Crude oil including lease condensate,petroleo_crudo_mensual_anualizable_tbpd,2950.0,TBPD,"U.S. Energy Information Administration (EIA), International Energy Statistics, monthly series. https://www.eia.gov/international/data/"
2000,11,57,Crude oil including lease condensate,petroleo_crudo_mensual_anualizable_tbpd,3000.0,TBPD,"U.S. Energy Information Administration (EIA), International Energy Statistics, monthly series. https://www.eia.gov/international/data/"
2000,12,57,Crude oil including lease condensate,petroleo_crudo_mensual_anualizable_tbpd,3030.0,TBPD,"U.S. Energy Information Administration (EIA), International Energy Statistics, monthly series. https://www.eia.gov/international/data/"
2001,1,57,Crude oil including lease condensate,petroleo_crudo_mensual_anualizable_tbpd,3080.0,TBPD,"U.S. Energy Information Administration (EIA), International Energy Statistics, monthly series. https://www.eia.gov/international/data/"
2001,2,57,Crude oil including lease condensate,petroleo_crudo_mensual_anualizable_tbpd,2910.0,TBPD,"U.S. Energy Information Administration (EIA), International Energy Statistics, monthly series. https://www.eia.gov/international/data/"
2001,3,57,Crude oil including lease condensate,petroleo_crudo_mensual_anualizable_tbpd,2910.0,TBPD,"U.S. Energy Information Administration (EIA), International Energy Statistics, monthly series. https://www.eia.gov/international/data/"
2001,4,57,Crude oil including lease condensate,petroleo_crudo_mensual_anualizable_tbpd,2810.0,TBPD,"U.S. Energy Information Administration (EIA), International Energy Statistics, monthly series. https://www.eia.gov/international/data/"
2001,5,57,Crude oil including lease condensate,petroleo_crudo_mensual_anualizable_tbpd,2780.0,TBPD,"U.S. Energy Information Administration (EIA), International Energy Statistics, monthly series. https://www.eia.gov/international/data/"
2001,6,57,Crude oil including lease condensate,petroleo_crudo_mensual_anualizable_tbpd,2810.0,TBPD,"U.S. Energy Information Administration (EIA), International Energy Statistics, monthly series. https://www.eia.gov/international/data/"
2001,7,57,Crude oil including lease condensate,petroleo_crudo_mensual_anualizable_tbpd,2820.0,TBPD,"U.S. Energy Information Administration (EIA), International Energy Statistics, monthly series. https://www.eia.gov/international/data/"
2001,8,57,Crude oil including lease condensate,petroleo_crudo_mensual_anualizable_tbpd,2818.0,TBPD,"U.S. Energy Information Administration (EIA), International Energy Statistics, monthly series. https://www.eia.gov/international/data/"
2001,9,57,Crude oil including lease condensate,petroleo_crudo_mensual_anualizable_tbpd,2692.0,TBPD,"U.S. Energy Information Administration (EIA), International Energy Statistics, monthly series. https://www.eia.gov/international/data/"
2001,10,57,Crude oil including lease condensate,petroleo_crudo_mensual_anualizable_tbpd,2682.0,TBPD,"U.S. Energy Information Administration (EIA), International Energy Statistics, monthly series. https://www.eia.gov/international/data/"
2001,11,57,Crude oil including lease condensate,petroleo_crudo_mensual_anualizable_tbpd,2692.0,TBPD,"U.S. Energy Information Administration (EIA), International Energy Statistics, monthly series. https://www.eia.gov/international/data/"
2001,12,57,Crude oil including lease condensate,petroleo_crudo_mensual_anualizable_tbpd,2682.0,TBPD,"U.S. Energy Information Administration (EIA), International Energy Statistics, monthly series. https://www.eia.gov/international/data/"
2002,1,57,Crude oil including lease condensate,petroleo_crudo_mensual_anualizable_tbpd,2557.0,TBPD,"U.S. Energy Information Administration (EIA), International Energy Statistics, monthly series. https://www.eia.gov/international/data/"
2002,2,57,Crude oil including lease condensate,petroleo_crudo_mensual_anualizable_tbpd,2496.0,TBPD,"U.S. Energy Information Administration (EIA), International Energy Statistics, monthly series. https://www.eia.gov/international/data/"
2002,3,57,Crude oil including lease condensate,petroleo_crudo_mensual_anualizable_tbpd,2408.0,TBPD,"U.S. Energy Information Administration (EIA), International Energy Statistics, monthly series. https://www.eia.gov/international/data/"
2002,4,57,Crude oil including lease condensate,petroleo_crudo_mensual_anualizable_tbpd,2135.0,TBPD,"U.S. Energy Information Administration (EIA), International Energy Statistics, monthly series. https://www.eia.gov/international/data/"
2002,5,57,Crude oil including lease condensate,petroleo_crudo_mensual_anualizable_tbpd,2202.0,TBPD,"U.S. Energy Information Administration (EIA), International Energy Statistics, monthly series. https://www.eia.gov/international/data/"
2002,6,57,Crude oil including lease condensate,petroleo_crudo_mensual_anualizable_tbpd,2205.0,TBPD,"U.S. Energy Information Administration (EIA), International Energy Statistics, monthly series. https://www.eia.gov/international/data/"
2002,7,57,Crude oil including lease condensate,petroleo_crudo_mensual_anualizable_tbpd,2658.0,TBPD,"U.S. Energy Information Administration (EIA), International Energy Statistics, monthly series. https://www.eia.gov/international/data/"
2002,8,57,Crude oil including lease condensate,petroleo_crudo_mensual_anualizable_tbpd,2790.0,TBPD,"U.S. Energy Information Administration (EIA), International Energy Statistics, monthly series. https://www.eia.gov/international/data/"
2002,9,57,Crude oil including lease condensate,petroleo_crudo_mensual_anualizable_tbpd,2516.0,TBPD,"U.S. Energy Information Administration (EIA), International Energy Statistics, monthly series. https://www.eia.gov/international/data/"
2002,10,57,Crude oil including lease condensate,petroleo_crudo_mensual_anualizable_tbpd,2701.0,TBPD,"U.S. Energy Information Administration (EIA), International Energy Statistics, monthly series. https://www.eia.gov/international/data/"
2002,11,57,Crude oil including lease condensate,petroleo_crudo_mensual_anualizable_tbpd,2745.0,TBPD,"U.S. Energy Information Administration (EIA), International Energy Statistics, monthly series. https://www.eia.gov/international/data/"
2002,12,57,Crude oil including lease condensate,petroleo_crudo_mensual_anualizable_tbpd,1811.0,TBPD,"U.S. Energy Information Administration (EIA), International Energy Statistics, monthly series. https://www.eia.gov/international/data/"
2003,1,57,Crude oil including lease condensate,petroleo_crudo_mensual_anualizable_tbpd,1362.0,TBPD,"U.S. Energy Information Administration (EIA), International Energy Statistics, monthly series. https://www.eia.gov/international/data/"
2003,2,57,Crude oil including lease condensate,petroleo_crudo_mensual_anualizable_tbpd,1604.0,TBPD,"U.S. Energy Information Administration (EIA), International Energy Statistics, monthly series. https://www.eia.gov/international/data/"
2003,3,57,Crude oil including lease condensate,petroleo_crudo_mensual_anualizable_tbpd,2239.0,TBPD,"U.S. Energy Information Administration (EIA), International Energy Statistics, monthly series. https://www.eia.gov/international/data/"
2003,4,57,Crude oil including lease condensate,petroleo_crudo_mensual_anualizable_tbpd,2576.0,TBPD,"U.S. Energy Information Administration (EIA), International Energy Statistics, monthly series. https://www.eia.gov/international/data/"
2003,5,57,Crude oil including lease condensate,petroleo_crudo_mensual_anualizable_tbpd,2668.0,TBPD,"U.S. Energy Information Administration (EIA), International Energy Statistics, monthly series. https://www.eia.gov/international/data/"
2003,6,57,Crude oil including lease condensate,petroleo_crudo_mensual_anualizable_tbpd,2591.0,TBPD,"U.S. Energy Information Administration (EIA), International Energy Statistics, monthly series. https://www.eia.gov/international/data/"
2003,7,57,Crude oil including lease condensate,petroleo_crudo_mensual_anualizable_tbpd,2312.0,TBPD,"U.S. Energy Information Administration (EIA), International Energy Statistics, monthly series. https://www.eia.gov/international/data/"
2003,8,57,Crude oil including lease condensate,petroleo_crudo_mensual_anualizable_tbpd,2464.0,TBPD,"U.S. Energy Information Administration (EIA), International Energy Statistics, monthly series. https://www.eia.gov/international/data/"
2003,9,57,Crude oil including lease condensate,petroleo_crudo_mensual_anualizable_tbpd,2330.0,TBPD,"U.S. Energy Information Administration (EIA), International Energy Statistics, monthly series. https://www.eia.gov/international/data/"
2003,10,57,Crude oil including lease condensate,petroleo_crudo_mensual_anualizable_tbpd,2529.0,TBPD,"U.S. Energy Information Administration (EIA), International Energy Statistics, monthly series. https://www.eia.gov/international/data/"
2003,11,57,Crude oil including lease condensate,petroleo_crudo_mensual_anualizable_tbpd,2377.0,TBPD,"U.S. Energy Information Administration (EIA), International Energy Statistics, monthly series. https://www.eia.gov/international/data/"
2003,12,57,Crude oil including lease condensate,petroleo_crudo_mensual_anualizable_tbpd,2544.0,TBPD,"U.S. Energy Information Administration (EIA), International Energy Statistics, monthly series. https://www.eia.gov/international/data/"
2004,1,57,Crude oil including lease condensate,petroleo_crudo_mensual_anualizable_tbpd,2379.0,TBPD,"U.S. Energy Information Administration (EIA), International Energy Statistics, monthly series. https://www.eia.gov/international/data/"
2004,2,57,Crude oil including lease condensate,petroleo_crudo_mensual_anualizable_tbpd,2516.0,TBPD,"U.S. Energy Information Administration (EIA), International Energy Statistics, monthly series. https://www.eia.gov/international/data/"
2004,3,57,Crude oil including lease condensate,petroleo_crudo_mensual_anualizable_tbpd,2655.0,TBPD,"U.S. Energy Information Administration (EIA), International Energy Statistics, monthly series. https://www.eia.gov/international/data/"
2004,4,57,Crude oil including lease condensate,petroleo_crudo_mensual_anualizable_tbpd,2534.0,TBPD,"U.S. Energy Information Administration (EIA), International Energy Statistics, monthly series. https://www.eia.gov/international/data/"
2004,5,57,Crude oil including lease condensate,petroleo_crudo_mensual_anualizable_tbpd,2591.0,TBPD,"U.S. Energy Information Administration (EIA), International Energy Statistics, monthly series. https://www.eia.gov/international/data/"
2004,6,57,Crude oil including lease condensate,petroleo_crudo_mensual_anualizable_tbpd,2832.0,TBPD,"U.S. Energy Information Administration (EIA), International Energy Statistics, monthly series. https://www.eia.gov/international/data/"
2004,7,57,Crude oil including lease condensate,petroleo_crudo_mensual_anualizable_tbpd,2653.0,TBPD,"U.S. Energy Information Administration (EIA), International Energy Statistics, monthly series. https://www.eia.gov/international/data/"
2004,8,57,Crude oil including lease condensate,petroleo_crudo_mensual_anualizable_tbpd,2529.0,TBPD,"U.S. Energy Information Administration (EIA), International Energy Statistics, monthly series. https://www.eia.gov/international/data/"
2004,9,57,Crude oil including lease condensate,petroleo_crudo_mensual_anualizable_tbpd,2495.0,TBPD,"U.S. Energy Information Administration (EIA), International Energy Statistics, monthly series. https://www.eia.gov/international/data/"
2004,10,57,Crude oil including lease condensate,petroleo_crudo_mensual_anualizable_tbpd,2553.0,TBPD,"U.S. Energy Information Administration (EIA), International Energy Statistics, monthly series. https://www.eia.gov/international/data/"
2004,11,57,Crude oil including lease condensate,petroleo_crudo_mensual_anualizable_tbpd,2432.0,TBPD,"U.S. Energy Information Administration (EIA), International Energy Statistics, monthly series. https://www.eia.gov/international/data/"
2004,12,57,Crude oil including lease condensate,petroleo_crudo_mensual_anualizable_tbpd,2596.0,TBPD,"U.S. Energy Information Administration (EIA), International Energy Statistics, monthly series. https://www.eia.gov/international/data/"
2005,1,57,Crude oil including lease condensate,petroleo_crudo_mensual_anualizable_tbpd,2825.0,TBPD,"U.S. Energy Information Administration (EIA), International Energy Statistics, monthly series. https://www.eia.gov/international/data/"
2005,2,57,Crude oil including lease condensate,petroleo_crudo_mensual_anualizable_tbpd,2990.0,TBPD,"U.S. Energy Information Administration (EIA), International Energy Statistics, monthly series. https://www.eia.gov/international/data/"
2005,3,57,Crude oil including lease condensate,petroleo_crudo_mensual_anualizable_tbpd,2829.0,TBPD,"U.S. Energy Information Administration (EIA), International Energy Statistics, monthly series. https://www.eia.gov/international/data/"
2005,4,57,Crude oil including lease condensate,petroleo_crudo_mensual_anualizable_tbpd,2993.0,TBPD,"U.S. Energy Information Administration (EIA), International Energy Statistics, monthly series. https://www.eia.gov/international/data/"
2005,5,57,Crude oil including lease condensate,petroleo_crudo_mensual_anualizable_tbpd,2940.0,TBPD,"U.S. Energy Information Administration (EIA), International Energy Statistics, monthly series. https://www.eia.gov/international/data/"
2005,6,57,Crude oil including lease condensate,petroleo_crudo_mensual_anualizable_tbpd,2890.0,TBPD,"U.S. Energy Information Administration (EIA), International Energy Statistics, monthly series. https://www.eia.gov/international/data/"
2005,7,57,Crude oil including lease condensate,petroleo_crudo_mensual_anualizable_tbpd,2896.0,TBPD,"U.S. Energy Information Administration (EIA), International Energy Statistics, monthly series. https://www.eia.gov/international/data/"
2005,8,57,Crude oil including lease condensate,petroleo_crudo_mensual_anualizable_tbpd,2946.0,TBPD,"U.S. Energy Information Administration (EIA), International Energy Statistics, monthly series. https://www.eia.gov/international/data/"
2005,9,57,Crude oil including lease condensate,petroleo_crudo_mensual_anualizable_tbpd,2482.0,TBPD,"U.S. Energy Information Administration (EIA), International Energy Statistics, monthly series. https://www.eia.gov/international/data/"
2005,10,57,Crude oil including lease condensate,petroleo_crudo_mensual_anualizable_tbpd,2642.0,TBPD,"U.S. Energy Information Administration (EIA), International Energy Statistics, monthly series. https://www.eia.gov/international/data/"
2005,11,57,Crude oil including lease condensate,petroleo_crudo_mensual_anualizable_tbpd,2726.0,TBPD,"U.S. Energy Information Administration (EIA), International Energy Statistics, monthly series. https://www.eia.gov/international/data/"
2005,12,57,Crude oil including lease condensate,petroleo_crudo_mensual_anualizable_tbpd,2921.0,TBPD,"U.S. Energy Information Administration (EIA), International Energy Statistics, monthly series. https://www.eia.gov/international/data/"
2006,1,57,Crude oil including lease condensate,petroleo_crudo_mensual_anualizable_tbpd,2980.0,TBPD,"U.S. Energy Information Administration (EIA), International Energy Statistics, monthly series. https://www.eia.gov/international/data/"
2006,2,57,Crude oil including lease condensate,petroleo_crudo_mensual_anualizable_tbpd,2787.0,TBPD,"U.S. Energy Information Administration (EIA), International Energy Statistics, monthly series. https://www.eia.gov/international/data/"
2006,3,57,Crude oil including lease condensate,petroleo_crudo_mensual_anualizable_tbpd,2942.0,TBPD,"U.S. Energy Information Administration (EIA), International Energy Statistics, monthly series. https://www.eia.gov/international/data/"
2006,4,57,Crude oil including lease condensate,petroleo_crudo_mensual_anualizable_tbpd,2748.0,TBPD,"U.S. Energy Information Administration (EIA), International Energy Statistics, monthly series. https://www.eia.gov/international/data/"
2006,5,57,Crude oil including lease condensate,petroleo_crudo_mensual_anualizable_tbpd,2850.0,TBPD,"U.S. Energy Information Administration (EIA), International Energy Statistics, monthly series. https://www.eia.gov/international/data/"
2006,6,57,Crude oil including lease condensate,petroleo_crudo_mensual_anualizable_tbpd,2566.0,TBPD,"U.S. Energy Information Administration (EIA), International Energy Statistics, monthly series. https://www.eia.gov/international/data/"
2006,7,57,Crude oil including lease condensate,petroleo_crudo_mensual_anualizable_tbpd,2799.0,TBPD,"U.S. Energy Information Administration (EIA), International Energy Statistics, monthly series. https://www.eia.gov/international/data/"
2006,8,57,Crude oil including lease condensate,petroleo_crudo_mensual_anualizable_tbpd,2731.0,TBPD,"U.S. Energy Information Administration (EIA), International Energy Statistics, monthly series. https://www.eia.gov/international/data/"
2006,9,57,Crude oil including lease condensate,petroleo_crudo_mensual_anualizable_tbpd,2756.0,TBPD,"U.S. Energy Information Administration (EIA), International Energy Statistics, monthly series. https://www.eia.gov/international/data/"
2006,10,57,Crude oil including lease condensate,petroleo_crudo_mensual_anualizable_tbpd,2757.0,TBPD,"U.S. Energy Information Administration (EIA), International Energy Statistics, monthly series. https://www.eia.gov/international/data/"
2006,11,57,Crude oil including lease condensate,petroleo_crudo_mensual_anualizable_tbpd,2810.0,TBPD,"U.S. Energy Information Administration (EIA), International Energy Statistics, monthly series. https://www.eia.gov/international/data/"
2006,12,57,Crude oil including lease condensate,petroleo_crudo_mensual_anualizable_tbpd,2686.0,TBPD,"U.S. Energy Information Administration (EIA), International Energy Statistics, monthly series. https://www.eia.gov/international/data/"
2007,1,57,Crude oil including lease condensate,petroleo_crudo_mensual_anualizable_tbpd,2687.0,TBPD,"U.S. Energy Information Administration (EIA), International Energy Statistics, monthly series. https://www.eia.gov/international/data/"
2007,2,57,Crude oil including lease condensate,petroleo_crudo_mensual_anualizable_tbpd,2881.0,TBPD,"U.S. Energy Information Administration (EIA), International Energy Statistics, monthly series. https://www.eia.gov/international/data/"
2007,3,57,Crude oil including lease condensate,petroleo_crudo_mensual_anualizable_tbpd,2790.0,TBPD,"U.S. Energy Information Administration (EIA), International Energy Statistics, monthly series. https://www.eia.gov/international/data/"
2007,4,57,Crude oil including lease condensate,petroleo_crudo_mensual_anualizable_tbpd,2718.0,TBPD,"U.S. Energy Information Administration (EIA), International Energy Statistics, monthly series. https://www.eia.gov/international/data/"
2007,5,57,Crude oil including lease condensate,petroleo_crudo_mensual_anualizable_tbpd,2860.0,TBPD,"U.S. Energy Information Administration (EIA), International Energy Statistics, monthly series. https://www.eia.gov/international/data/"
2007,6,57,Crude oil including lease condensate,petroleo_crudo_mensual_anualizable_tbpd,2849.0,TBPD,"U.S. Energy Information Administration (EIA), International Energy Statistics, monthly series. https://www.eia.gov/international/data/"
2007,7,57,Crude oil including lease condensate,petroleo_crudo_mensual_anualizable_tbpd,2900.0,TBPD,"U.S. Energy Information Administration (EIA), International Energy Statistics, monthly series. https://www.eia.gov/international/data/"
2007,8,57,Crude oil including lease condensate,petroleo_crudo_mensual_anualizable_tbpd,2904.0,TBPD,"U.S. Energy Information Administration (EIA), International Energy Statistics, monthly series. https://www.eia.gov/international/data/"
2007,9,57,Crude oil including lease condensate,petroleo_crudo_mensual_anualizable_tbpd,2806.0,TBPD,"U.S. Energy Information Administration (EIA), International Energy Statistics, monthly series. https://www.eia.gov/international/data/"
2007,10,57,Crude oil including lease condensate,petroleo_crudo_mensual_anualizable_tbpd,2863.0,TBPD,"U.S. Energy Information Administration (EIA), International Energy Statistics, monthly series. https://www.eia.gov/international/data/"
2007,11,57,Crude oil including lease condensate,petroleo_crudo_mensual_anualizable_tbpd,2733.0,TBPD,"U.S. Energy Information Administration (EIA), International Energy Statistics, monthly series. https://www.eia.gov/international/data/"
2007,12,57,Crude oil including lease condensate,petroleo_crudo_mensual_anualizable_tbpd,2849.0,TBPD,"U.S. Energy Information Administration (EIA), International Energy Statistics, monthly series. https://www.eia.gov/international/data/"
2008,1,57,Crude oil including lease condensate,petroleo_crudo_mensual_anualizable_tbpd,2510.0,TBPD,"U.S. Energy Information Administration (EIA), International Energy Statistics, monthly series. https://www.eia.gov/international/data/"
2008,2,57,Crude oil including lease condensate,petroleo_crudo_mensual_anualizable_tbpd,2510.0,TBPD,"U.S. Energy Information Administration (EIA), International Energy Statistics, monthly series. https://www.eia.gov/international/data/"
2008,3,57,Crude oil including lease condensate,petroleo_crudo_mensual_anualizable_tbpd,2510.0,TBPD,"U.S. Energy Information Administration (EIA), International Energy Statistics, monthly series. https://www.eia.gov/international/data/"
2008,4,57,Crude oil including lease condensate,petroleo_crudo_mensual_anualizable_tbpd,2510.0,TBPD,"U.S. Energy Information Administration (EIA), International Energy Statistics, monthly series. https://www.eia.gov/international/data/"
2008,5,57,Crude oil including lease condensate,petroleo_crudo_mensual_anualizable_tbpd,2510.0,TBPD,"U.S. Energy Information Administration (EIA), International Energy Statistics, monthly series. https://www.eia.gov/international/data/"
2008,6,57,Crude oil including lease condensate,petroleo_crudo_mensual_anualizable_tbpd,2510.0,TBPD,"U.S. Energy Information Administration (EIA), International Energy Statistics, monthly series. https://www.eia.gov/international/data/"
2008,7,57,Crude oil including lease condensate,petroleo_crudo_mensual_anualizable_tbpd,2510.0,TBPD,"U.S. Energy Information Administration (EIA), International Energy Statistics, monthly series. https://www.eia.gov/international/data/"
2008,8,57,Crude oil including lease condensate,petroleo_crudo_mensual_anualizable_tbpd,2510.0,TBPD,"U.S. Energy Information Administration (EIA), International Energy Statistics, monthly series. https://www.eia.gov/international/data/"
2008,9,57,Crude oil including lease condensate,petroleo_crudo_mensual_anualizable_tbpd,2510.0,TBPD,"U.S. Energy Information Administration (EIA), International Energy Statistics, monthly series. https://www.eia.gov/international/data/"
2008,10,57,Crude oil including lease condensate,petroleo_crudo_mensual_anualizable_tbpd,2510.0,TBPD,"U.S. Energy Information Administration (EIA), International Energy Statistics, monthly series. https://www.eia.gov/international/data/"
2008,11,57,Crude oil including lease condensate,petroleo_crudo_mensual_anualizable_tbpd,2510.0,TBPD,"U.S. Energy Information Administration (EIA), International Energy Statistics, monthly series. https://www.eia.gov/international/data/"
2008,12,57,Crude oil including lease condensate,petroleo_crudo_mensual_anualizable_tbpd,2510.0,TBPD,"U.S. Energy Information Administration (EIA), International Energy Statistics, monthly series. https://www.eia.gov/international/data/"
2009,1,57,Crude oil including lease condensate,petroleo_crudo_mensual_anualizable_tbpd,2520.0,TBPD,"U.S. Energy Information Administration (EIA), International Energy Statistics, monthly series. https://www.eia.gov/international/data/"
2009,2,57,Crude oil including lease condensate,petroleo_crudo_mensual_anualizable_tbpd,2520.0,TBPD,"U.S. Energy Information Administration (EIA), International Energy Statistics, monthly series. https://www.eia.gov/international/data/"
2009,3,57,Crude oil including lease condensate,petroleo_crudo_mensual_anualizable_tbpd,2520.0,TBPD,"U.S. Energy Information Administration (EIA), International Energy Statistics, monthly series. https://www.eia.gov/international/data/"
2009,4,57,Crude oil including lease condensate,petroleo_crudo_mensual_anualizable_tbpd,2520.0,TBPD,"U.S. Energy Information Administration (EIA), International Energy Statistics, monthly series. https://www.eia.gov/international/data/"
2009,5,57,Crude oil including lease condensate,petroleo_crudo_mensual_anualizable_tbpd,2520.0,TBPD,"U.S. Energy Information Administration (EIA), International Energy Statistics, monthly series. https://www.eia.gov/international/data/"
2009,6,57,Crude oil including lease condensate,petroleo_crudo_mensual_anualizable_tbpd,2520.0,TBPD,"U.S. Energy Information Administration (EIA), International Energy Statistics, monthly series. https://www.eia.gov/international/data/"
2009,7,57,Crude oil including lease condensate,petroleo_crudo_mensual_anualizable_tbpd,2520.0,TBPD,"U.S. Energy Information Administration (EIA), International Energy Statistics, monthly series. https://www.eia.gov/international/data/"
2009,8,57,Crude oil including lease condensate,petroleo_crudo_mensual_anualizable_tbpd,2520.0,TBPD,"U.S. Energy Information Administration (EIA), International Energy Statistics, monthly series. https://www.eia.gov/international/data/"
2009,9,57,Crude oil including lease condensate,petroleo_crudo_mensual_anualizable_tbpd,2520.0,TBPD,"U.S. Energy Information Administration (EIA), International Energy Statistics, monthly series. https://www.eia.gov/international/data/"
2009,10,57,Crude oil including lease condensate,petroleo_crudo_mensual_anualizable_tbpd,2520.0,TBPD,"U.S. Energy Information Administration (EIA), International Energy Statistics, monthly series. https://www.eia.gov/international/data/"
2009,11,57,Crude oil including lease condensate,petroleo_crudo_mensual_anualizable_tbpd,2520.0,TBPD,"U.S. Energy Information Administration (EIA), International Energy Statistics, monthly series. https://www.eia.gov/international/data/"
2009,12,57,Crude oil including lease condensate,petroleo_crudo_mensual_anualizable_tbpd,2520.0,TBPD,"U.S. Energy Information Administration (EIA), International Energy Statistics, monthly series. https://www.eia.gov/international/data/"
2010,1,57,Crude oil including lease condensate,petroleo_crudo_mensual_anualizable_tbpd,2410.0,TBPD,"U.S. Energy Information Administration (EIA), International Energy Statistics, monthly series. https://www.eia.gov/international/data/"
2010,2,57,Crude oil including lease condensate,petroleo_crudo_mensual_anualizable_tbpd,2410.0,TBPD,"U.S. Energy Information Administration (EIA), International Energy Statistics, monthly series. https://www.eia.gov/international/data/"
2010,3,57,Crude oil including lease condensate,petroleo_crudo_mensual_anualizable_tbpd,2410.0,TBPD,"U.S. Energy Information Administration (EIA), International Energy Statistics, monthly series. https://www.eia.gov/international/data/"
2010,4,57,Crude oil including lease condensate,petroleo_crudo_mensual_anualizable_tbpd,2410.0,TBPD,"U.S. Energy Information Administration (EIA), International Energy Statistics, monthly series. https://www.eia.gov/international/data/"
2010,5,57,Crude oil including lease condensate,petroleo_crudo_mensual_anualizable_tbpd,2410.0,TBPD,"U.S. Energy Information Administration (EIA), International Energy Statistics, monthly series. https://www.eia.gov/international/data/"
2010,6,57,Crude oil including lease condensate,petroleo_crudo_mensual_anualizable_tbpd,2410.0,TBPD,"U.S. Energy Information Administration (EIA), International Energy Statistics, monthly series. https://www.eia.gov/international/data/"
2010,7,57,Crude oil including lease condensate,petroleo_crudo_mensual_anualizable_tbpd,2410.0,TBPD,"U.S. Energy Information Administration (EIA), International Energy Statistics, monthly series. https://www.eia.gov/international/data/"
2010,8,57,Crude oil including lease condensate,petroleo_crudo_mensual_anualizable_tbpd,2410.0,TBPD,"U.S. Energy Information Administration (EIA), International Energy Statistics, monthly series. https://www.eia.gov/international/data/"
2010,9,57,Crude oil including lease condensate,petroleo_crudo_mensual_anualizable_tbpd,2410.0,TBPD,"U.S. Energy Information Administration (EIA), International Energy Statistics, monthly series. https://www.eia.gov/international/data/"
2010,10,57,Crude oil including lease condensate,petroleo_crudo_mensual_anualizable_tbpd,2410.0,TBPD,"U.S. Energy Information Administration (EIA), International Energy Statistics, monthly series. https://www.eia.gov/international/data/"
2010,11,57,Crude oil including lease condensate,petroleo_crudo_mensual_anualizable_tbpd,2410.0,TBPD,"U.S. Energy Information Administration (EIA), International Energy Statistics, monthly series. https://www.eia.gov/international/data/"
2010,12,57,Crude oil including lease condensate,petroleo_crudo_mensual_anualizable_tbpd,2410.0,TBPD,"U.S. Energy Information Administration (EIA), International Energy Statistics, monthly series. https://www.eia.gov/international/data/"
2011,1,57,Crude oil including lease condensate,petroleo_crudo_mensual_anualizable_tbpd,2500.0,TBPD,"U.S. Energy Information Administration (EIA), International Energy Statistics, monthly series. https://www.eia.gov/international/data/"
2011,2,57,Crude oil including lease condensate,petroleo_crudo_mensual_anualizable_tbpd,2500.0,TBPD,"U.S. Energy Information Administration (EIA), International Energy Statistics, monthly series. https://www.eia.gov/international/data/"
2011,3,57,Crude oil including lease condensate,petroleo_crudo_mensual_anualizable_tbpd,2500.0,TBPD,"U.S. Energy Information Administration (EIA), International Energy Statistics, monthly series. https://www.eia.gov/international/data/"
2011,4,57,Crude oil including lease condensate,petroleo_crudo_mensual_anualizable_tbpd,2500.0,TBPD,"U.S. Energy Information Administration (EIA), International Energy Statistics, monthly series. https://www.eia.gov/international/data/"
2011,5,57,Crude oil including lease condensate,petroleo_crudo_mensual_anualizable_tbpd,2500.0,TBPD,"U.S. Energy Information Administration (EIA), International Energy Statistics, monthly series. https://www.eia.gov/international/data/"
2011,6,57,Crude oil including lease condensate,petroleo_crudo_mensual_anualizable_tbpd,2500.0,TBPD,"U.S. Energy Information Administration (EIA), International Energy Statistics, monthly series. https://www.eia.gov/international/data/"
2011,7,57,Crude oil including lease condensate,petroleo_crudo_mensual_anualizable_tbpd,2500.0,TBPD,"U.S. Energy Information Administration (EIA), International Energy Statistics, monthly series. https://www.eia.gov/international/data/"
2011,8,57,Crude oil including lease condensate,petroleo_crudo_mensual_anualizable_tbpd,2500.0,TBPD,"U.S. Energy Information Administration (EIA), International Energy Statistics, monthly series. https://www.eia.gov/international/data/"
2011,9,57,Crude oil including lease condensate,petroleo_crudo_mensual_anualizable_tbpd,2500.0,TBPD,"U.S. Energy Information Administration (EIA), International Energy Statistics, monthly series. https://www.eia.gov/international/data/"
2011,10,57,Crude oil including lease condensate,petroleo_crudo_mensual_anualizable_tbpd,2500.0,TBPD,"U.S. Energy Information Administration (EIA), International Energy Statistics, monthly series. https://www.eia.gov/international/data/"
2011,11,57,Crude oil including lease condensate,petroleo_crudo_mensual_anualizable_tbpd,2500.0,TBPD,"U.S. Energy Information Administration (EIA), International Energy Statistics, monthly series. https://www.eia.gov/international/data/"
2011,12,57,Crude oil including lease condensate,petroleo_crudo_mensual_anualizable_tbpd,2500.0,TBPD,"U.S. Energy Information Administration (EIA), International Energy Statistics, monthly series. https://www.eia.gov/international/data/"
2012,1,57,Crude oil including lease condensate,petroleo_crudo_mensual_anualizable_tbpd,2500.0,TBPD,"U.S. Energy Information Administration (EIA), International Energy Statistics, monthly series. https://www.eia.gov/international/data/"
2012,2,57,Crude oil including lease condensate,petroleo_crudo_mensual_anualizable_tbpd,2500.0,TBPD,"U.S. Energy Information Administration (EIA), International Energy Statistics, monthly series. https://www.eia.gov/international/data/"
2012,3,57,Crude oil including lease condensate,petroleo_crudo_mensual_anualizable_tbpd,2500.0,TBPD,"U.S. Energy Information Administration (EIA), International Energy Statistics, monthly series. https://www.eia.gov/international/data/"
2012,4,57,Crude oil including lease condensate,petroleo_crudo_mensual_anualizable_tbpd,2500.0,TBPD,"U.S. Energy Information Administration (EIA), International Energy Statistics, monthly series. https://www.eia.gov/international/data/"
2012,5,57,Crude oil including lease condensate,petroleo_crudo_mensual_anualizable_tbpd,2500.0,TBPD,"U.S. Energy Information Administration (EIA), International Energy Statistics, monthly series. https://www.eia.gov/international/data/"
2012,6,57,Crude oil including lease condensate,petroleo_crudo_mensual_anualizable_tbpd,2500.0,TBPD,"U.S. Energy Information Administration (EIA), International Energy Statistics, monthly series. https://www.eia.gov/international/data/"
2012,7,57,Crude oil including lease condensate,petroleo_crudo_mensual_anualizable_tbpd,2500.0,TBPD,"U.S. Energy Information Administration (EIA), International Energy Statistics, monthly series. https://www.eia.gov/international/data/"
2012,8,57,Crude oil including lease condensate,petroleo_crudo_mensual_anualizable_tbpd,2500.0,TBPD,"U.S. Energy Information Administration (EIA), International Energy Statistics, monthly series. https://www.eia.gov/international/data/"
2012,9,57,Crude oil including lease condensate,petroleo_crudo_mensual_anualizable_tbpd,2500.0,TBPD,"U.S. Energy Information Administration (EIA), International Energy Statistics, monthly series. https://www.eia.gov/international/data/"
2012,10,57,Crude oil including lease condensate,petroleo_crudo_mensual_anualizable_tbpd,2500.0,TBPD,"U.S. Energy Information Administration (EIA), International Energy Statistics, monthly series. https://www.eia.gov/international/data/"
2012,11,57,Crude oil including lease condensate,petroleo_crudo_mensual_anualizable_tbpd,2500.0,TBPD,"U.S. Energy Information Administration (EIA), International Energy Statistics, monthly series. https://www.eia.gov/international/data/"
2012,12,57,Crude oil including lease condensate,petroleo_crudo_mensual_anualizable_tbpd,2500.0,TBPD,"U.S. Energy Information Administration (EIA), International Energy Statistics, monthly series. https://www.eia.gov/international/data/"
2013,1,57,Crude oil including lease condensate,petroleo_crudo_mensual_anualizable_tbpd,2500.0,TBPD,"U.S. Energy Information Administration (EIA), International Energy Statistics, monthly series. https://www.eia.gov/international/data/"
2013,2,57,Crude oil including lease condensate,petroleo_crudo_mensual_anualizable_tbpd,2500.0,TBPD,"U.S. Energy Information Administration (EIA), International Energy Statistics, monthly series. https://www.eia.gov/international/data/"
2013,3,57,Crude oil including lease condensate,petroleo_crudo_mensual_anualizable_tbpd,2500.0,TBPD,"U.S. Energy Information Administration (EIA), International Energy Statistics, monthly series. https://www.eia.gov/international/data/"
2013,4,57,Crude oil including lease condensate,petroleo_crudo_mensual_anualizable_tbpd,2500.0,TBPD,"U.S. Energy Information Administration (EIA), International Energy Statistics, monthly series. https://www.eia.gov/international/data/"
2013,5,57,Crude oil including lease condensate,petroleo_crudo_mensual_anualizable_tbpd,2500.0,TBPD,"U.S. Energy Information Administration (EIA), International Energy Statistics, monthly series. https://www.eia.gov/international/data/"
2013,6,57,Crude oil including lease condensate,petroleo_crudo_mensual_anualizable_tbpd,2500.0,TBPD,"U.S. Energy Information Administration (EIA), International Energy Statistics, monthly series. https://www.eia.gov/international/data/"
2013,7,57,Crude oil including lease condensate,petroleo_crudo_mensual_anualizable_tbpd,2500.0,TBPD,"U.S. Energy Information Administration (EIA), International Energy Statistics, monthly series. https://www.eia.gov/international/data/"
2013,8,57,Crude oil including lease condensate,petroleo_crudo_mensual_anualizable_tbpd,2500.0,TBPD,"U.S. Energy Information Administration (EIA), International Energy Statistics, monthly series. https://www.eia.gov/international/data/"
2013,9,57,Crude oil including lease condensate,petroleo_crudo_mensual_anualizable_tbpd,2500.0,TBPD,"U.S. Energy Information Administration (EIA), International Energy Statistics, monthly series. https://www.eia.gov/international/data/"
2013,10,57,Crude oil including lease condensate,petroleo_crudo_mensual_anualizable_tbpd,2500.0,TBPD,"U.S. Energy Information Administration (EIA), International Energy Statistics, monthly series. https://www.eia.gov/international/data/"
2013,11,57,Crude oil including lease condensate,petroleo_crudo_mensual_anualizable_tbpd,2500.0,TBPD,"U.S. Energy Information Administration (EIA), International Energy Statistics, monthly series. https://www.eia.gov/international/data/"
2013,12,57,Crude oil including lease condensate,petroleo_crudo_mensual_anualizable_tbpd,2500.0,TBPD,"U.S. Energy Information Administration (EIA), International Energy Statistics, monthly series. https://www.eia.gov/international/data/"
2014,1,57,Crude oil including lease condensate,petroleo_crudo_mensual_anualizable_tbpd,2500.0,TBPD,"U.S. Energy Information Administration (EIA), International Energy Statistics, monthly series. https://www.eia.gov/international/data/"
2014,2,57,Crude oil including lease condensate,petroleo_crudo_mensual_anualizable_tbpd,2500.0,TBPD,"U.S. Energy Information Administration (EIA), International Energy Statistics, monthly series. https://www.eia.gov/international/data/"
2014,3,57,Crude oil including lease condensate,petroleo_crudo_mensual_anualizable_tbpd,2500.0,TBPD,"U.S. Energy Information Administration (EIA), International Energy Statistics, monthly series. https://www.eia.gov/international/data/"
2014,4,57,Crude oil including lease condensate,petroleo_crudo_mensual_anualizable_tbpd,2500.0,TBPD,"U.S. Energy Information Administration (EIA), International Energy Statistics, monthly series. https://www.eia.gov/international/data/"
2014,5,57,Crude oil including lease condensate,petroleo_crudo_mensual_anualizable_tbpd,2500.0,TBPD,"U.S. Energy Information Administration (EIA), International Energy Statistics, monthly series. https://www.eia.gov/international/data/"
2014,6,57,Crude oil including lease condensate,petroleo_crudo_mensual_anualizable_tbpd,2500.0,TBPD,"U.S. Energy Information Administration (EIA), International Energy Statistics, monthly series. https://www.eia.gov/international/data/"
2014,7,57,Crude oil including lease condensate,petroleo_crudo_mensual_anualizable_tbpd,2500.0,TBPD,"U.S. Energy Information Administration (EIA), International Energy Statistics, monthly series. https://www.eia.gov/international/data/"
2014,8,57,Crude oil including lease condensate,petroleo_crudo_mensual_anualizable_tbpd,2500.0,TBPD,"U.S. Energy Information Administration (EIA), International Energy Statistics, monthly series. https://www.eia.gov/international/data/"
2014,9,57,Crude oil including lease condensate,petroleo_crudo_mensual_anualizable_tbpd,2500.0,TBPD,"U.S. Energy Information Administration (EIA), International Energy Statistics, monthly series. https://www.eia.gov/international/data/"
2014,10,57,Crude oil including lease condensate,petroleo_crudo_mensual_anualizable_tbpd,2500.0,TBPD,"U.S. Energy Information Administration (EIA), International Energy Statistics, monthly series. https://www.eia.gov/international/data/"
2014,11,57,Crude oil including lease condensate,petroleo_crudo_mensual_anualizable_tbpd,2500.0,TBPD,"U.S. Energy Information Administration (EIA), International Energy Statistics, monthly series. https://www.eia.gov/international/data/"
2014,12,57,Crude oil including lease condensate,petroleo_crudo_mensual_anualizable_tbpd,2500.0,TBPD,"U.S. Energy Information Administration (EIA), International Energy Statistics, monthly series. https://www.eia.gov/international/data/"
2015,1,57,Crude oil including lease condensate,petroleo_crudo_mensual_anualizable_tbpd,2495.0,TBPD,"U.S. Energy Information Administration (EIA), International Energy Statistics, monthly series. https://www.eia.gov/international/data/"
2015,2,57,Crude oil including lease condensate,petroleo_crudo_mensual_anualizable_tbpd,2494.0,TBPD,"U.S. Energy Information Administration (EIA), International Energy Statistics, monthly series. https://www.eia.gov/international/data/"
2015,3,57,Crude oil including lease condensate,petroleo_crudo_mensual_anualizable_tbpd,2493.0,TBPD,"U.S. Energy Information Administration (EIA), International Energy Statistics, monthly series. https://www.eia.gov/international/data/"
2015,4,57,Crude oil including lease condensate,petroleo_crudo_mensual_anualizable_tbpd,2492.0,TBPD,"U.S. Energy Information Administration (EIA), International Energy Statistics, monthly series. https://www.eia.gov/international/data/"
2015,5,57,Crude oil including lease condensate,petroleo_crudo_mensual_anualizable_tbpd,2491.0,TBPD,"U.S. Energy Information Administration (EIA), International Energy Statistics, monthly series. https://www.eia.gov/international/data/"
2015,6,57,Crude oil including lease condensate,petroleo_crudo_mensual_anualizable_tbpd,2490.0,TBPD,"U.S. Energy Information Administration (EIA), International Energy Statistics, monthly series. https://www.eia.gov/international/data/"
2015,7,57,Crude oil including lease condensate,petroleo_crudo_mensual_anualizable_tbpd,2489.0,TBPD,"U.S. Energy Information Administration (EIA), International Energy Statistics, monthly series. https://www.eia.gov/international/data/"
2015,8,57,Crude oil including lease condensate,petroleo_crudo_mensual_anualizable_tbpd,2488.0,TBPD,"U.S. Energy Information Administration (EIA), International Energy Statistics, monthly series. https://www.eia.gov/international/data/"
2015,9,57,Crude oil including lease condensate,petroleo_crudo_mensual_anualizable_tbpd,2487.0,TBPD,"U.S. Energy Information Administration (EIA), International Energy Statistics, monthly series. https://www.eia.gov/international/data/"
2015,10,57,Crude oil including lease condensate,petroleo_crudo_mensual_anualizable_tbpd,2486.0,TBPD,"U.S. Energy Information Administration (EIA), International Energy Statistics, monthly series. https://www.eia.gov/international/data/"
2015,11,57,Crude oil including lease condensate,petroleo_crudo_mensual_anualizable_tbpd,2485.0,TBPD,"U.S. Energy Information Administration (EIA), International Energy Statistics, monthly series. https://www.eia.gov/international/data/"
2015,12,57,Crude oil including lease condensate,petroleo_crudo_mensual_anualizable_tbpd,2484.0,TBPD,"U.S. Energy Information Administration (EIA), International Energy Statistics, monthly series. https://www.eia.gov/international/data/"
2016,1,57,Crude oil including lease condensate,petroleo_crudo_mensual_anualizable_tbpd,2383.0,TBPD,"U.S. Energy Information Administration (EIA), International Energy Statistics, monthly series. https://www.eia.gov/international/data/"
2016,2,57,Crude oil including lease condensate,petroleo_crudo_mensual_anualizable_tbpd,2382.0,TBPD,"U.S. Energy Information Administration (EIA), International Energy Statistics, monthly series. https://www.eia.gov/international/data/"
2016,3,57,Crude oil including lease condensate,petroleo_crudo_mensual_anualizable_tbpd,2381.0,TBPD,"U.S. Energy Information Administration (EIA), International Energy Statistics, monthly series. https://www.eia.gov/international/data/"
2016,4,57,Crude oil including lease condensate,petroleo_crudo_mensual_anualizable_tbpd,2380.0,TBPD,"U.S. Energy Information Administration (EIA), International Energy Statistics, monthly series. https://www.eia.gov/international/data/"
2016,5,57,Crude oil including lease condensate,petroleo_crudo_mensual_anualizable_tbpd,2279.0,TBPD,"U.S. Energy Information Administration (EIA), International Energy Statistics, monthly series. https://www.eia.gov/international/data/"
2016,6,57,Crude oil including lease condensate,petroleo_crudo_mensual_anualizable_tbpd,2258.0,TBPD,"U.S. Energy Information Administration (EIA), International Energy Statistics, monthly series. https://www.eia.gov/international/data/"
2016,7,57,Crude oil including lease condensate,petroleo_crudo_mensual_anualizable_tbpd,2197.0,TBPD,"U.S. Energy Information Administration (EIA), International Energy Statistics, monthly series. https://www.eia.gov/international/data/"
2016,8,57,Crude oil including lease condensate,petroleo_crudo_mensual_anualizable_tbpd,2186.0,TBPD,"U.S. Energy Information Administration (EIA), International Energy Statistics, monthly series. https://www.eia.gov/international/data/"
2016,9,57,Crude oil including lease condensate,petroleo_crudo_mensual_anualizable_tbpd,2175.0,TBPD,"U.S. Energy Information Administration (EIA), International Energy Statistics, monthly series. https://www.eia.gov/international/data/"
2016,10,57,Crude oil including lease condensate,petroleo_crudo_mensual_anualizable_tbpd,2164.0,TBPD,"U.S. Energy Information Administration (EIA), International Energy Statistics, monthly series. https://www.eia.gov/international/data/"
2016,11,57,Crude oil including lease condensate,petroleo_crudo_mensual_anualizable_tbpd,2153.0,TBPD,"U.S. Energy Information Administration (EIA), International Energy Statistics, monthly series. https://www.eia.gov/international/data/"
2016,12,57,Crude oil including lease condensate,petroleo_crudo_mensual_anualizable_tbpd,2122.0,TBPD,"U.S. Energy Information Administration (EIA), International Energy Statistics, monthly series. https://www.eia.gov/international/data/"
2017,1,57,Crude oil including lease condensate,petroleo_crudo_mensual_anualizable_tbpd,2076.0,TBPD,"U.S. Energy Information Administration (EIA), International Energy Statistics, monthly series. https://www.eia.gov/international/data/"
2017,2,57,Crude oil including lease condensate,petroleo_crudo_mensual_anualizable_tbpd,2065.0,TBPD,"U.S. Energy Information Administration (EIA), International Energy Statistics, monthly series. https://www.eia.gov/international/data/"
2017,3,57,Crude oil including lease condensate,petroleo_crudo_mensual_anualizable_tbpd,2064.0,TBPD,"U.S. Energy Information Administration (EIA), International Energy Statistics, monthly series. https://www.eia.gov/international/data/"
2017,4,57,Crude oil including lease condensate,petroleo_crudo_mensual_anualizable_tbpd,2053.0,TBPD,"U.S. Energy Information Administration (EIA), International Energy Statistics, monthly series. https://www.eia.gov/international/data/"
2017,5,57,Crude oil including lease condensate,petroleo_crudo_mensual_anualizable_tbpd,2052.0,TBPD,"U.S. Energy Information Administration (EIA), International Energy Statistics, monthly series. https://www.eia.gov/international/data/"
2017,6,57,Crude oil including lease condensate,petroleo_crudo_mensual_anualizable_tbpd,2031.0,TBPD,"U.S. Energy Information Administration (EIA), International Energy Statistics, monthly series. https://www.eia.gov/international/data/"
2017,7,57,Crude oil including lease condensate,petroleo_crudo_mensual_anualizable_tbpd,2030.0,TBPD,"U.S. Energy Information Administration (EIA), International Energy Statistics, monthly series. https://www.eia.gov/international/data/"
2017,8,57,Crude oil including lease condensate,petroleo_crudo_mensual_anualizable_tbpd,2024.0,TBPD,"U.S. Energy Information Administration (EIA), International Energy Statistics, monthly series. https://www.eia.gov/international/data/"
2017,9,57,Crude oil including lease condensate,petroleo_crudo_mensual_anualizable_tbpd,2008.0,TBPD,"U.S. Energy Information Administration (EIA), International Energy Statistics, monthly series. https://www.eia.gov/international/data/"
2017,10,57,Crude oil including lease condensate,petroleo_crudo_mensual_anualizable_tbpd,1957.0,TBPD,"U.S. Energy Information Administration (EIA), International Energy Statistics, monthly series. https://www.eia.gov/international/data/"
2017,11,57,Crude oil including lease condensate,petroleo_crudo_mensual_anualizable_tbpd,1916.0,TBPD,"U.S. Energy Information Administration (EIA), International Energy Statistics, monthly series. https://www.eia.gov/international/data/"
2017,12,57,Crude oil including lease condensate,petroleo_crudo_mensual_anualizable_tbpd,1700.0,TBPD,"U.S. Energy Information Administration (EIA), International Energy Statistics, monthly series. https://www.eia.gov/international/data/"
2018,1,57,Crude oil including lease condensate,petroleo_crudo_mensual_anualizable_tbpd,1695.0,TBPD,"U.S. Energy Information Administration (EIA), International Energy Statistics, monthly series. https://www.eia.gov/international/data/"
2018,2,57,Crude oil including lease condensate,petroleo_crudo_mensual_anualizable_tbpd,1655.0,TBPD,"U.S. Energy Information Administration (EIA), International Energy Statistics, monthly series. https://www.eia.gov/international/data/"
2018,3,57,Crude oil including lease condensate,petroleo_crudo_mensual_anualizable_tbpd,1615.0,TBPD,"U.S. Energy Information Administration (EIA), International Energy Statistics, monthly series. https://www.eia.gov/international/data/"
2018,4,57,Crude oil including lease condensate,petroleo_crudo_mensual_anualizable_tbpd,1585.0,TBPD,"U.S. Energy Information Administration (EIA), International Energy Statistics, monthly series. https://www.eia.gov/international/data/"
2018,5,57,Crude oil including lease condensate,petroleo_crudo_mensual_anualizable_tbpd,1555.0,TBPD,"U.S. Energy Information Administration (EIA), International Energy Statistics, monthly series. https://www.eia.gov/international/data/"
2018,6,57,Crude oil including lease condensate,petroleo_crudo_mensual_anualizable_tbpd,1495.0,TBPD,"U.S. Energy Information Administration (EIA), International Energy Statistics, monthly series. https://www.eia.gov/international/data/"
2018,7,57,Crude oil including lease condensate,petroleo_crudo_mensual_anualizable_tbpd,1460.0,TBPD,"U.S. Energy Information Administration (EIA), International Energy Statistics, monthly series. https://www.eia.gov/international/data/"
2018,8,57,Crude oil including lease condensate,petroleo_crudo_mensual_anualizable_tbpd,1415.0,TBPD,"U.S. Energy Information Administration (EIA), International Energy Statistics, monthly series. https://www.eia.gov/international/data/"
2018,9,57,Crude oil including lease condensate,petroleo_crudo_mensual_anualizable_tbpd,1381.0,TBPD,"U.S. Energy Information Administration (EIA), International Energy Statistics, monthly series. https://www.eia.gov/international/data/"
2018,10,57,Crude oil including lease condensate,petroleo_crudo_mensual_anualizable_tbpd,1351.0,TBPD,"U.S. Energy Information Administration (EIA), International Energy Statistics, monthly series. https://www.eia.gov/international/data/"
2018,11,57,Crude oil including lease condensate,petroleo_crudo_mensual_anualizable_tbpd,1331.0,TBPD,"U.S. Energy Information Administration (EIA), International Energy Statistics, monthly series. https://www.eia.gov/international/data/"
2018,12,57,Crude oil including lease condensate,petroleo_crudo_mensual_anualizable_tbpd,1301.0,TBPD,"U.S. Energy Information Administration (EIA), International Energy Statistics, monthly series. https://www.eia.gov/international/data/"
2019,1,57,Crude oil including lease condensate,petroleo_crudo_mensual_anualizable_tbpd,1271.0,TBPD,"U.S. Energy Information Administration (EIA), International Energy Statistics, monthly series. https://www.eia.gov/international/data/"
2019,2,57,Crude oil including lease condensate,petroleo_crudo_mensual_anualizable_tbpd,1141.0,TBPD,"U.S. Energy Information Administration (EIA), International Energy Statistics, monthly series. https://www.eia.gov/international/data/"
2019,3,57,Crude oil including lease condensate,petroleo_crudo_mensual_anualizable_tbpd,905.0,TBPD,"U.S. Energy Information Administration (EIA), International Energy Statistics, monthly series. https://www.eia.gov/international/data/"
2019,4,57,Crude oil including lease condensate,petroleo_crudo_mensual_anualizable_tbpd,885.0,TBPD,"U.S. Energy Information Administration (EIA), International Energy Statistics, monthly series. https://www.eia.gov/international/data/"
2019,5,57,Crude oil including lease condensate,petroleo_crudo_mensual_anualizable_tbpd,805.0,TBPD,"U.S. Energy Information Administration (EIA), International Energy Statistics, monthly series. https://www.eia.gov/international/data/"
2019,6,57,Crude oil including lease condensate,petroleo_crudo_mensual_anualizable_tbpd,855.0,TBPD,"U.S. Energy Information Administration (EIA), International Energy Statistics, monthly series. https://www.eia.gov/international/data/"
2019,7,57,Crude oil including lease condensate,petroleo_crudo_mensual_anualizable_tbpd,855.0,TBPD,"U.S. Energy Information Administration (EIA), International Energy Statistics, monthly series. https://www.eia.gov/international/data/"
2019,8,57,Crude oil including lease condensate,petroleo_crudo_mensual_anualizable_tbpd,805.0,TBPD,"U.S. Energy Information Administration (EIA), International Energy Statistics, monthly series. https://www.eia.gov/international/data/"
2019,9,57,Crude oil including lease condensate,petroleo_crudo_mensual_anualizable_tbpd,705.0,TBPD,"U.S. Energy Information Administration (EIA), International Energy Statistics, monthly series. https://www.eia.gov/international/data/"
2019,10,57,Crude oil including lease condensate,petroleo_crudo_mensual_anualizable_tbpd,690.0,TBPD,"U.S. Energy Information Administration (EIA), International Energy Statistics, monthly series. https://www.eia.gov/international/data/"
2019,11,57,Crude oil including lease condensate,petroleo_crudo_mensual_anualizable_tbpd,740.0,TBPD,"U.S. Energy Information Administration (EIA), International Energy Statistics, monthly series. https://www.eia.gov/international/data/"
2019,12,57,Crude oil including lease condensate,petroleo_crudo_mensual_anualizable_tbpd,890.0,TBPD,"U.S. Energy Information Administration (EIA), International Energy Statistics, monthly series. https://www.eia.gov/international/data/"
2020,1,57,Crude oil including lease condensate,petroleo_crudo_mensual_anualizable_tbpd,890.0,TBPD,"U.S. Energy Information Administration (EIA), International Energy Statistics, monthly series. https://www.eia.gov/international/data/"
2020,2,57,Crude oil including lease condensate,petroleo_crudo_mensual_anualizable_tbpd,840.0,TBPD,"U.S. Energy Information Administration (EIA), International Energy Statistics, monthly series. https://www.eia.gov/international/data/"
2020,3,57,Crude oil including lease condensate,petroleo_crudo_mensual_anualizable_tbpd,670.0,TBPD,"U.S. Energy Information Administration (EIA), International Energy Statistics, monthly series. https://www.eia.gov/international/data/"
2020,4,57,Crude oil including lease condensate,petroleo_crudo_mensual_anualizable_tbpd,620.0,TBPD,"U.S. Energy Information Administration (EIA), International Energy Statistics, monthly series. https://www.eia.gov/international/data/"
2020,5,57,Crude oil including lease condensate,petroleo_crudo_mensual_anualizable_tbpd,545.0,TBPD,"U.S. Energy Information Administration (EIA), International Energy Statistics, monthly series. https://www.eia.gov/international/data/"
2020,6,57,Crude oil including lease condensate,petroleo_crudo_mensual_anualizable_tbpd,400.0,TBPD,"U.S. Energy Information Administration (EIA), International Energy Statistics, monthly series. https://www.eia.gov/international/data/"
2020,7,57,Crude oil including lease condensate,petroleo_crudo_mensual_anualizable_tbpd,380.0,TBPD,"U.S. Energy Information Administration (EIA), International Energy Statistics, monthly series. https://www.eia.gov/international/data/"
2020,8,57,Crude oil including lease condensate,petroleo_crudo_mensual_anualizable_tbpd,380.0,TBPD,"U.S. Energy Information Administration (EIA), International Energy Statistics, monthly series. https://www.eia.gov/international/data/"
2020,9,57,Crude oil including lease condensate,petroleo_crudo_mensual_anualizable_tbpd,360.0,TBPD,"U.S. Energy Information Administration (EIA), International Energy Statistics, monthly series. https://www.eia.gov/international/data/"
2020,10,57,Crude oil including lease condensate,petroleo_crudo_mensual_anualizable_tbpd,400.0,TBPD,"U.S. Energy Information Administration (EIA), International Energy Statistics, monthly series. https://www.eia.gov/international/data/"
2020,11,57,Crude oil including lease condensate,petroleo_crudo_mensual_anualizable_tbpd,420.0,TBPD,"U.S. Energy Information Administration (EIA), International Energy Statistics, monthly series. https://www.eia.gov/international/data/"
2020,12,57,Crude oil including lease condensate,petroleo_crudo_mensual_anualizable_tbpd,430.0,TBPD,"U.S. Energy Information Administration (EIA), International Energy Statistics, monthly series. https://www.eia.gov/international/data/"
2021,1,57,Crude oil including lease condensate,petroleo_crudo_mensual_anualizable_tbpd,530.0,TBPD,"U.S. Energy Information Administration (EIA), International Energy Statistics, monthly series. https://www.eia.gov/international/data/"
2021,2,57,Crude oil including lease condensate,petroleo_crudo_mensual_anualizable_tbpd,570.0,TBPD,"U.S. Energy Information Administration (EIA), International Energy Statistics, monthly series. https://www.eia.gov/international/data/"
2021,3,57,Crude oil including lease condensate,petroleo_crudo_mensual_anualizable_tbpd,560.0,TBPD,"U.S. Energy Information Administration (EIA), International Energy Statistics, monthly series. https://www.eia.gov/international/data/"
2021,4,57,Crude oil including lease condensate,petroleo_crudo_mensual_anualizable_tbpd,520.0,TBPD,"U.S. Energy Information Administration (EIA), International Energy Statistics, monthly series. https://www.eia.gov/international/data/"
2021,5,57,Crude oil including lease condensate,petroleo_crudo_mensual_anualizable_tbpd,565.0,TBPD,"U.S. Energy Information Administration (EIA), International Energy Statistics, monthly series. https://www.eia.gov/international/data/"
2021,6,57,Crude oil including lease condensate,petroleo_crudo_mensual_anualizable_tbpd,580.0,TBPD,"U.S. Energy Information Administration (EIA), International Energy Statistics, monthly series. https://www.eia.gov/international/data/"
2021,7,57,Crude oil including lease condensate,petroleo_crudo_mensual_anualizable_tbpd,570.0,TBPD,"U.S. Energy Information Administration (EIA), International Energy Statistics, monthly series. https://www.eia.gov/international/data/"
2021,8,57,Crude oil including lease condensate,petroleo_crudo_mensual_anualizable_tbpd,560.0,TBPD,"U.S. Energy Information Administration (EIA), International Energy Statistics, monthly series. https://www.eia.gov/international/data/"
2021,9,57,Crude oil including lease condensate,petroleo_crudo_mensual_anualizable_tbpd,560.0,TBPD,"U.S. Energy Information Administration (EIA), International Energy Statistics, monthly series. https://www.eia.gov/international/data/"
2021,10,57,Crude oil including lease condensate,petroleo_crudo_mensual_anualizable_tbpd,630.0,TBPD,"U.S. Energy Information Administration (EIA), International Energy Statistics, monthly series. https://www.eia.gov/international/data/"
2021,11,57,Crude oil including lease condensate,petroleo_crudo_mensual_anualizable_tbpd,710.0,TBPD,"U.S. Energy Information Administration (EIA), International Energy Statistics, monthly series. https://www.eia.gov/international/data/"
2021,12,57,Crude oil including lease condensate,petroleo_crudo_mensual_anualizable_tbpd,780.0,TBPD,"U.S. Energy Information Administration (EIA), International Energy Statistics, monthly series. https://www.eia.gov/international/data/"
2022,1,57,Crude oil including lease condensate,petroleo_crudo_mensual_anualizable_tbpd,710.0,TBPD,"U.S. Energy Information Administration (EIA), International Energy Statistics, monthly series. https://www.eia.gov/international/data/"
2022,2,57,Crude oil including lease condensate,petroleo_crudo_mensual_anualizable_tbpd,730.0,TBPD,"U.S. Energy Information Administration (EIA), International Energy Statistics, monthly series. https://www.eia.gov/international/data/"
2022,3,57,Crude oil including lease condensate,petroleo_crudo_mensual_anualizable_tbpd,755.0,TBPD,"U.S. Energy Information Administration (EIA), International Energy Statistics, monthly series. https://www.eia.gov/international/data/"
2022,4,57,Crude oil including lease condensate,petroleo_crudo_mensual_anualizable_tbpd,780.0,TBPD,"U.S. Energy Information Administration (EIA), International Energy Statistics, monthly series. https://www.eia.gov/international/data/"
2022,5,57,Crude oil including lease condensate,petroleo_crudo_mensual_anualizable_tbpd,750.0,TBPD,"U.S. Energy Information Administration (EIA), International Energy Statistics, monthly series. https://www.eia.gov/international/data/"
2022,6,57,Crude oil including lease condensate,petroleo_crudo_mensual_anualizable_tbpd,730.0,TBPD,"U.S. Energy Information Administration (EIA), International Energy Statistics, monthly series. https://www.eia.gov/international/data/"
2022,7,57,Crude oil including lease condensate,petroleo_crudo_mensual_anualizable_tbpd,650.0,TBPD,"U.S. Energy Information Administration (EIA), International Energy Statistics, monthly series. https://www.eia.gov/international/data/"
2022,8,57,Crude oil including lease condensate,petroleo_crudo_mensual_anualizable_tbpd,730.0,TBPD,"U.S. Energy Information Administration (EIA), International Energy Statistics, monthly series. https://www.eia.gov/international/data/"
2022,9,57,Crude oil including lease condensate,petroleo_crudo_mensual_anualizable_tbpd,700.0,TBPD,"U.S. Energy Information Administration (EIA), International Energy Statistics, monthly series. https://www.eia.gov/international/data/"
2022,10,57,Crude oil including lease condensate,petroleo_crudo_mensual_anualizable_tbpd,750.0,TBPD,"U.S. Energy Information Administration (EIA), International Energy Statistics, monthly series. https://www.eia.gov/international/data/"
2022,11,57,Crude oil including lease condensate,petroleo_crudo_mensual_anualizable_tbpd,700.0,TBPD,"U.S. Energy Information Administration (EIA), International Energy Statistics, monthly series. https://www.eia.gov/international/data/"
2022,12,57,Crude oil including lease condensate,petroleo_crudo_mensual_anualizable_tbpd,700.0,TBPD,"U.S. Energy Information Administration (EIA), International Energy Statistics, monthly series. https://www.eia.gov/international/data/"
2023,1,57,Crude oil including lease condensate,petroleo_crudo_mensual_anualizable_tbpd,750.0,TBPD,"U.S. Energy Information Administration (EIA), International Energy Statistics, monthly series. https://www.eia.gov/international/data/"
2023,2,57,Crude oil including lease condensate,petroleo_crudo_mensual_anualizable_tbpd,700.0,TBPD,"U.S. Energy Information Administration (EIA), International Energy Statistics, monthly series. https://www.eia.gov/international/data/"
2023,3,57,Crude oil including lease condensate,petroleo_crudo_mensual_anualizable_tbpd,730.0,TBPD,"U.S. Energy Information Administration (EIA), International Energy Statistics, monthly series. https://www.eia.gov/international/data/"
2023,4,57,Crude oil including lease condensate,petroleo_crudo_mensual_anualizable_tbpd,770.0,TBPD,"U.S. Energy Information Administration (EIA), International Energy Statistics, monthly series. https://www.eia.gov/international/data/"
2023,5,57,Crude oil including lease condensate,petroleo_crudo_mensual_anualizable_tbpd,790.0,TBPD,"U.S. Energy Information Administration (EIA), International Energy Statistics, monthly series. https://www.eia.gov/international/data/"
2023,6,57,Crude oil including lease condensate,petroleo_crudo_mensual_anualizable_tbpd,790.0,TBPD,"U.S. Energy Information Administration (EIA), International Energy Statistics, monthly series. https://www.eia.gov/international/data/"
2023,7,57,Crude oil including lease condensate,petroleo_crudo_mensual_anualizable_tbpd,820.0,TBPD,"U.S. Energy Information Administration (EIA), International Energy Statistics, monthly series. https://www.eia.gov/international/data/"
2023,8,57,Crude oil including lease condensate,petroleo_crudo_mensual_anualizable_tbpd,790.0,TBPD,"U.S. Energy Information Administration (EIA), International Energy Statistics, monthly series. https://www.eia.gov/international/data/"
2023,9,57,Crude oil including lease condensate,petroleo_crudo_mensual_anualizable_tbpd,765.0,TBPD,"U.S. Energy Information Administration (EIA), International Energy Statistics, monthly series. https://www.eia.gov/international/data/"
2023,10,57,Crude oil including lease condensate,petroleo_crudo_mensual_anualizable_tbpd,765.0,TBPD,"U.S. Energy Information Administration (EIA), International Energy Statistics, monthly series. https://www.eia.gov/international/data/"
2023,11,57,Crude oil including lease condensate,petroleo_crudo_mensual_anualizable_tbpd,780.0,TBPD,"U.S. Energy Information Administration (EIA), International Energy Statistics, monthly series. https://www.eia.gov/international/data/"
2023,12,57,Crude oil including lease condensate,petroleo_crudo_mensual_anualizable_tbpd,790.0,TBPD,"U.S. Energy Information Administration (EIA), International Energy Statistics, monthly series. https://www.eia.gov/international/data/"
2024,1,57,Crude oil including lease condensate,petroleo_crudo_mensual_anualizable_tbpd,800.0,TBPD,"U.S. Energy Information Administration (EIA), International Energy Statistics, monthly series. https://www.eia.gov/international/data/"
2024,2,57,Crude oil including lease condensate,petroleo_crudo_mensual_anualizable_tbpd,835.0,TBPD,"U.S. Energy Information Administration (EIA), International Energy Statistics, monthly series. https://www.eia.gov/international/data/"
2024,3,57,Crude oil including lease condensate,petroleo_crudo_mensual_anualizable_tbpd,835.0,TBPD,"U.S. Energy Information Administration (EIA), International Energy Statistics, monthly series. https://www.eia.gov/international/data/"
2024,4,57,Crude oil including lease condensate,petroleo_crudo_mensual_anualizable_tbpd,850.0,TBPD,"U.S. Energy Information Administration (EIA), International Energy Statistics, monthly series. https://www.eia.gov/international/data/"
2024,5,57,Crude oil including lease condensate,petroleo_crudo_mensual_anualizable_tbpd,870.0,TBPD,"U.S. Energy Information Administration (EIA), International Energy Statistics, monthly series. https://www.eia.gov/international/data/"
2024,6,57,Crude oil including lease condensate,petroleo_crudo_mensual_anualizable_tbpd,860.0,TBPD,"U.S. Energy Information Administration (EIA), International Energy Statistics, monthly series. https://www.eia.gov/international/data/"
2024,7,57,Crude oil including lease condensate,petroleo_crudo_mensual_anualizable_tbpd,870.0,TBPD,"U.S. Energy Information Administration (EIA), International Energy Statistics, monthly series. https://www.eia.gov/international/data/"
2024,8,57,Crude oil including lease condensate,petroleo_crudo_mensual_anualizable_tbpd,890.0,TBPD,"U.S. Energy Information Administration (EIA), International Energy Statistics, monthly series. https://www.eia.gov/international/data/"
2024,9,57,Crude oil including lease condensate,petroleo_crudo_mensual_anualizable_tbpd,900.0,TBPD,"U.S. Energy Information Administration (EIA), International Energy Statistics, monthly series. https://www.eia.gov/international/data/"
2024,10,57,Crude oil including lease condensate,petroleo_crudo_mensual_anualizable_tbpd,910.0,TBPD,"U.S. Energy Information Administration (EIA), International Energy Statistics, monthly series. https://www.eia.gov/international/data/"
2024,11,57,Crude oil including lease condensate,petroleo_crudo_mensual_anualizable_tbpd,850.0,TBPD,"U.S. Energy Information Administration (EIA), International Energy Statistics, monthly series. https://www.eia.gov/international/data/"
2024,12,57,Crude oil including lease condensate,petroleo_crudo_mensual_anualizable_tbpd,890.0,TBPD,"U.S. Energy Information Administration (EIA), International Energy Statistics, monthly series. https://www.eia.gov/international/data/"
2025,1,57,Crude oil including lease condensate,petroleo_crudo_mensual_anualizable_tbpd,930.0,TBPD,"U.S. Energy Information Administration (EIA), International Energy Statistics, monthly series. https://www.eia.gov/international/data/"
2025,2,57,Crude oil including lease condensate,petroleo_crudo_mensual_anualizable_tbpd,940.0,TBPD,"U.S. Energy Information Administration (EIA), International Energy Statistics, monthly series. https://www.eia.gov/international/data/"
2025,3,57,Crude oil including lease condensate,petroleo_crudo_mensual_anualizable_tbpd,950.0,TBPD,"U.S. Energy Information Administration (EIA), International Energy Statistics, monthly series. https://www.eia.gov/international/data/"
2025,4,57,Crude oil including lease condensate,petroleo_crudo_mensual_anualizable_tbpd,960.0,TBPD,"U.S. Energy Information Administration (EIA), International Energy Statistics, monthly series. https://www.eia.gov/international/data/"
2025,5,57,Crude oil including lease condensate,petroleo_crudo_mensual_anualizable_tbpd,970.0,TBPD,"U.S. Energy Information Administration (EIA), International Energy Statistics, monthly series. https://www.eia.gov/international/data/"
2025,6,57,Crude oil including lease condensate,petroleo_crudo_mensual_anualizable_tbpd,980.0,TBPD,"U.S. Energy Information Administration (EIA), International Energy Statistics, monthly series. https://www.eia.gov/international/data/"
2025,7,57,Crude oil including lease condensate,petroleo_crudo_mensual_anualizable_tbpd,980.0,TBPD,"U.S. Energy Information Administration (EIA), International Energy Statistics, monthly series. https://www.eia.gov/international/data/"
2025,8,57,Crude oil including lease condensate,petroleo_crudo_mensual_anualizable_tbpd,995.0,TBPD,"U.S. Energy Information Administration (EIA), International Energy Statistics, monthly series. https://www.eia.gov/international/data/"
2025,9,57,Crude oil including lease condensate,petroleo_crudo_mensual_anualizable_tbpd,1000.0,TBPD,"U.S. Energy Information Administration (EIA), International Energy Statistics, monthly series. https://www.eia.gov/international/data/"
2025,10,57,Crude oil including lease condensate,petroleo_crudo_mensual_anualizable_tbpd,1005.0,TBPD,"U.S. Energy Information Administration (EIA), International Energy Statistics, monthly series. https://www.eia.gov/international/data/"
2025,11,57,Crude oil including lease condensate,petroleo_crudo_mensual_anualizable_tbpd,1005.0,TBPD,"U.S. Energy Information Administration (EIA), International Energy Statistics, monthly series. https://www.eia.gov/international/data/"
2025,12,57,Crude oil including lease condensate,petroleo_crudo_mensual_anualizable_tbpd,955.0,TBPD,"U.S. Energy Information Administration (EIA), International Energy Statistics, monthly series. https://www.eia.gov/international/data/"
2026,1,57,Crude oil including lease condensate,petroleo_crudo_mensual_anualizable_tbpd,830.0,TBPD,"U.S. Energy Information Administration (EIA), International Energy Statistics, monthly series. https://www.eia.gov/international/data/"
2026,2,57,Crude oil including lease condensate,petroleo_crudo_mensual_anualizable_tbpd,980.0,TBPD,"U.S. Energy Information Administration (EIA), International Energy Statistics, monthly series. https://www.eia.gov/international/data/"
2026,3,57,Crude oil including lease condensate,petroleo_crudo_mensual_anualizable_tbpd,1060.0,TBPD,"U.S. Energy Information Administration (EIA), International Energy Statistics, monthly series. https://www.eia.gov/international/data/"
2026,4,57,Crude oil including lease condensate,petroleo_crudo_mensual_anualizable_tbpd,1100.0,TBPD,"U.S. Energy Information Administration (EIA), International Energy Statistics, monthly series. https://www.eia.gov/international/data/"
2026,5,57,Crude oil including lease condensate,petroleo_crudo_mensual_anualizable_tbpd,1160.0,TBPD,"U.S. Energy Information Administration (EIA), International Energy Statistics, monthly series. https://www.eia.gov/international/data/"
