año,mes,variable,valor,fuente
2010,1,exportaciones_espejo_usa_musd,2377.53,"IMF — International Trade in Goods by partner country (IMTS, sucesor de DOTS), reportado por EEUU (mirror statistics, origen no venezolano). https://data.imf.org/en/datasets/IMF.STA:IMTS — clave USA.MG_CIF_USD.VEN.M"
2010,2,exportaciones_espejo_usa_musd,2328.7,"IMF — International Trade in Goods by partner country (IMTS, sucesor de DOTS), reportado por EEUU (mirror statistics, origen no venezolano). https://data.imf.org/en/datasets/IMF.STA:IMTS — clave USA.MG_CIF_USD.VEN.M"
2010,3,exportaciones_espejo_usa_musd,2743.39,"IMF — International Trade in Goods by partner country (IMTS, sucesor de DOTS), reportado por EEUU (mirror statistics, origen no venezolano). https://data.imf.org/en/datasets/IMF.STA:IMTS — clave USA.MG_CIF_USD.VEN.M"
2010,4,exportaciones_espejo_usa_musd,2666.58,"IMF — International Trade in Goods by partner country (IMTS, sucesor de DOTS), reportado por EEUU (mirror statistics, origen no venezolano). https://data.imf.org/en/datasets/IMF.STA:IMTS — clave USA.MG_CIF_USD.VEN.M"
2010,5,exportaciones_espejo_usa_musd,2718.72,"IMF — International Trade in Goods by partner country (IMTS, sucesor de DOTS), reportado por EEUU (mirror statistics, origen no venezolano). https://data.imf.org/en/datasets/IMF.STA:IMTS — clave USA.MG_CIF_USD.VEN.M"
2010,6,exportaciones_espejo_usa_musd,2933.17,"IMF — International Trade in Goods by partner country (IMTS, sucesor de DOTS), reportado por EEUU (mirror statistics, origen no venezolano). https://data.imf.org/en/datasets/IMF.STA:IMTS — clave USA.MG_CIF_USD.VEN.M"
2010,7,exportaciones_espejo_usa_musd,2859.39,"IMF — International Trade in Goods by partner country (IMTS, sucesor de DOTS), reportado por EEUU (mirror statistics, origen no venezolano). https://data.imf.org/en/datasets/IMF.STA:IMTS — clave USA.MG_CIF_USD.VEN.M"
2010,8,exportaciones_espejo_usa_musd,2982.84,"IMF — International Trade in Goods by partner country (IMTS, sucesor de DOTS), reportado por EEUU (mirror statistics, origen no venezolano). https://data.imf.org/en/datasets/IMF.STA:IMTS — clave USA.MG_CIF_USD.VEN.M"
2010,9,exportaciones_espejo_usa_musd,2913.06,"IMF — International Trade in Goods by partner country (IMTS, sucesor de DOTS), reportado por EEUU (mirror statistics, origen no venezolano). https://data.imf.org/en/datasets/IMF.STA:IMTS — clave USA.MG_CIF_USD.VEN.M"
2010,10,exportaciones_espejo_usa_musd,2964.55,"IMF — International Trade in Goods by partner country (IMTS, sucesor de DOTS), reportado por EEUU (mirror statistics, origen no venezolano). https://data.imf.org/en/datasets/IMF.STA:IMTS — clave USA.MG_CIF_USD.VEN.M"
2010,11,exportaciones_espejo_usa_musd,2935.88,"IMF — International Trade in Goods by partner country (IMTS, sucesor de DOTS), reportado por EEUU (mirror statistics, origen no venezolano). https://data.imf.org/en/datasets/IMF.STA:IMTS — clave USA.MG_CIF_USD.VEN.M"
2010,12,exportaciones_espejo_usa_musd,2890.01,"IMF — International Trade in Goods by partner country (IMTS, sucesor de DOTS), reportado por EEUU (mirror statistics, origen no venezolano). https://data.imf.org/en/datasets/IMF.STA:IMTS — clave USA.MG_CIF_USD.VEN.M"
2011,1,exportaciones_espejo_usa_musd,3325.49,"IMF — International Trade in Goods by partner country (IMTS, sucesor de DOTS), reportado por EEUU (mirror statistics, origen no venezolano). https://data.imf.org/en/datasets/IMF.STA:IMTS — clave USA.MG_CIF_USD.VEN.M"
2011,2,exportaciones_espejo_usa_musd,3108.2,"IMF — International Trade in Goods by partner country (IMTS, sucesor de DOTS), reportado por EEUU (mirror statistics, origen no venezolano). https://data.imf.org/en/datasets/IMF.STA:IMTS — clave USA.MG_CIF_USD.VEN.M"
2011,3,exportaciones_espejo_usa_musd,3693.99,"IMF — International Trade in Goods by partner country (IMTS, sucesor de DOTS), reportado por EEUU (mirror statistics, origen no venezolano). https://data.imf.org/en/datasets/IMF.STA:IMTS — clave USA.MG_CIF_USD.VEN.M"
2011,4,exportaciones_espejo_usa_musd,3543.47,"IMF — International Trade in Goods by partner country (IMTS, sucesor de DOTS), reportado por EEUU (mirror statistics, origen no venezolano). https://data.imf.org/en/datasets/IMF.STA:IMTS — clave USA.MG_CIF_USD.VEN.M"
2011,5,exportaciones_espejo_usa_musd,3754.6,"IMF — International Trade in Goods by partner country (IMTS, sucesor de DOTS), reportado por EEUU (mirror statistics, origen no venezolano). https://data.imf.org/en/datasets/IMF.STA:IMTS — clave USA.MG_CIF_USD.VEN.M"
2011,6,exportaciones_espejo_usa_musd,3806.2,"IMF — International Trade in Goods by partner country (IMTS, sucesor de DOTS), reportado por EEUU (mirror statistics, origen no venezolano). https://data.imf.org/en/datasets/IMF.STA:IMTS — clave USA.MG_CIF_USD.VEN.M"
2011,7,exportaciones_espejo_usa_musd,3721.42,"IMF — International Trade in Goods by partner country (IMTS, sucesor de DOTS), reportado por EEUU (mirror statistics, origen no venezolano). https://data.imf.org/en/datasets/IMF.STA:IMTS — clave USA.MG_CIF_USD.VEN.M"
2011,8,exportaciones_espejo_usa_musd,3900.42,"IMF — International Trade in Goods by partner country (IMTS, sucesor de DOTS), reportado por EEUU (mirror statistics, origen no venezolano). https://data.imf.org/en/datasets/IMF.STA:IMTS — clave USA.MG_CIF_USD.VEN.M"
2011,9,exportaciones_espejo_usa_musd,3764.75,"IMF — International Trade in Goods by partner country (IMTS, sucesor de DOTS), reportado por EEUU (mirror statistics, origen no venezolano). https://data.imf.org/en/datasets/IMF.STA:IMTS — clave USA.MG_CIF_USD.VEN.M"
2011,10,exportaciones_espejo_usa_musd,3809.51,"IMF — International Trade in Goods by partner country (IMTS, sucesor de DOTS), reportado por EEUU (mirror statistics, origen no venezolano). https://data.imf.org/en/datasets/IMF.STA:IMTS — clave USA.MG_CIF_USD.VEN.M"
2011,11,exportaciones_espejo_usa_musd,3776.71,"IMF — International Trade in Goods by partner country (IMTS, sucesor de DOTS), reportado por EEUU (mirror statistics, origen no venezolano). https://data.imf.org/en/datasets/IMF.STA:IMTS — clave USA.MG_CIF_USD.VEN.M"
2011,12,exportaciones_espejo_usa_musd,3661.18,"IMF — International Trade in Goods by partner country (IMTS, sucesor de DOTS), reportado por EEUU (mirror statistics, origen no venezolano). https://data.imf.org/en/datasets/IMF.STA:IMTS — clave USA.MG_CIF_USD.VEN.M"
2012,1,exportaciones_espejo_usa_musd,3173.6,"IMF — International Trade in Goods by partner country (IMTS, sucesor de DOTS), reportado por EEUU (mirror statistics, origen no venezolano). https://data.imf.org/en/datasets/IMF.STA:IMTS — clave USA.MG_CIF_USD.VEN.M"
2012,2,exportaciones_espejo_usa_musd,2968.77,"IMF — International Trade in Goods by partner country (IMTS, sucesor de DOTS), reportado por EEUU (mirror statistics, origen no venezolano). https://data.imf.org/en/datasets/IMF.STA:IMTS — clave USA.MG_CIF_USD.VEN.M"
2012,3,exportaciones_espejo_usa_musd,3407.63,"IMF — International Trade in Goods by partner country (IMTS, sucesor de DOTS), reportado por EEUU (mirror statistics, origen no venezolano). https://data.imf.org/en/datasets/IMF.STA:IMTS — clave USA.MG_CIF_USD.VEN.M"
2012,4,exportaciones_espejo_usa_musd,3275.4,"IMF — International Trade in Goods by partner country (IMTS, sucesor de DOTS), reportado por EEUU (mirror statistics, origen no venezolano). https://data.imf.org/en/datasets/IMF.STA:IMTS — clave USA.MG_CIF_USD.VEN.M"
2012,5,exportaciones_espejo_usa_musd,3429.54,"IMF — International Trade in Goods by partner country (IMTS, sucesor de DOTS), reportado por EEUU (mirror statistics, origen no venezolano). https://data.imf.org/en/datasets/IMF.STA:IMTS — clave USA.MG_CIF_USD.VEN.M"
2012,6,exportaciones_espejo_usa_musd,3317.44,"IMF — International Trade in Goods by partner country (IMTS, sucesor de DOTS), reportado por EEUU (mirror statistics, origen no venezolano). https://data.imf.org/en/datasets/IMF.STA:IMTS — clave USA.MG_CIF_USD.VEN.M"
2012,7,exportaciones_espejo_usa_musd,3335.01,"IMF — International Trade in Goods by partner country (IMTS, sucesor de DOTS), reportado por EEUU (mirror statistics, origen no venezolano). https://data.imf.org/en/datasets/IMF.STA:IMTS — clave USA.MG_CIF_USD.VEN.M"
2012,8,exportaciones_espejo_usa_musd,3368.58,"IMF — International Trade in Goods by partner country (IMTS, sucesor de DOTS), reportado por EEUU (mirror statistics, origen no venezolano). https://data.imf.org/en/datasets/IMF.STA:IMTS — clave USA.MG_CIF_USD.VEN.M"
2012,9,exportaciones_espejo_usa_musd,3208.44,"IMF — International Trade in Goods by partner country (IMTS, sucesor de DOTS), reportado por EEUU (mirror statistics, origen no venezolano). https://data.imf.org/en/datasets/IMF.STA:IMTS — clave USA.MG_CIF_USD.VEN.M"
2012,10,exportaciones_espejo_usa_musd,3435.25,"IMF — International Trade in Goods by partner country (IMTS, sucesor de DOTS), reportado por EEUU (mirror statistics, origen no venezolano). https://data.imf.org/en/datasets/IMF.STA:IMTS — clave USA.MG_CIF_USD.VEN.M"
2012,11,exportaciones_espejo_usa_musd,3360.01,"IMF — International Trade in Goods by partner country (IMTS, sucesor de DOTS), reportado por EEUU (mirror statistics, origen no venezolano). https://data.imf.org/en/datasets/IMF.STA:IMTS — clave USA.MG_CIF_USD.VEN.M"
2012,12,exportaciones_espejo_usa_musd,3061.71,"IMF — International Trade in Goods by partner country (IMTS, sucesor de DOTS), reportado por EEUU (mirror statistics, origen no venezolano). https://data.imf.org/en/datasets/IMF.STA:IMTS — clave USA.MG_CIF_USD.VEN.M"
2013,1,exportaciones_espejo_usa_musd,2654.43,"IMF — International Trade in Goods by partner country (IMTS, sucesor de DOTS), reportado por EEUU (mirror statistics, origen no venezolano). https://data.imf.org/en/datasets/IMF.STA:IMTS — clave USA.MG_CIF_USD.VEN.M"
2013,2,exportaciones_espejo_usa_musd,2441.0,"IMF — International Trade in Goods by partner country (IMTS, sucesor de DOTS), reportado por EEUU (mirror statistics, origen no venezolano). https://data.imf.org/en/datasets/IMF.STA:IMTS — clave USA.MG_CIF_USD.VEN.M"
2013,3,exportaciones_espejo_usa_musd,2601.91,"IMF — International Trade in Goods by partner country (IMTS, sucesor de DOTS), reportado por EEUU (mirror statistics, origen no venezolano). https://data.imf.org/en/datasets/IMF.STA:IMTS — clave USA.MG_CIF_USD.VEN.M"
2013,4,exportaciones_espejo_usa_musd,2730.15,"IMF — International Trade in Goods by partner country (IMTS, sucesor de DOTS), reportado por EEUU (mirror statistics, origen no venezolano). https://data.imf.org/en/datasets/IMF.STA:IMTS — clave USA.MG_CIF_USD.VEN.M"
2013,5,exportaciones_espejo_usa_musd,2815.67,"IMF — International Trade in Goods by partner country (IMTS, sucesor de DOTS), reportado por EEUU (mirror statistics, origen no venezolano). https://data.imf.org/en/datasets/IMF.STA:IMTS — clave USA.MG_CIF_USD.VEN.M"
2013,6,exportaciones_espejo_usa_musd,2648.26,"IMF — International Trade in Goods by partner country (IMTS, sucesor de DOTS), reportado por EEUU (mirror statistics, origen no venezolano). https://data.imf.org/en/datasets/IMF.STA:IMTS — clave USA.MG_CIF_USD.VEN.M"
2013,7,exportaciones_espejo_usa_musd,2825.89,"IMF — International Trade in Goods by partner country (IMTS, sucesor de DOTS), reportado por EEUU (mirror statistics, origen no venezolano). https://data.imf.org/en/datasets/IMF.STA:IMTS — clave USA.MG_CIF_USD.VEN.M"
2013,8,exportaciones_espejo_usa_musd,2764.66,"IMF — International Trade in Goods by partner country (IMTS, sucesor de DOTS), reportado por EEUU (mirror statistics, origen no venezolano). https://data.imf.org/en/datasets/IMF.STA:IMTS — clave USA.MG_CIF_USD.VEN.M"
2013,9,exportaciones_espejo_usa_musd,2746.8,"IMF — International Trade in Goods by partner country (IMTS, sucesor de DOTS), reportado por EEUU (mirror statistics, origen no venezolano). https://data.imf.org/en/datasets/IMF.STA:IMTS — clave USA.MG_CIF_USD.VEN.M"
2013,10,exportaciones_espejo_usa_musd,2934.03,"IMF — International Trade in Goods by partner country (IMTS, sucesor de DOTS), reportado por EEUU (mirror statistics, origen no venezolano). https://data.imf.org/en/datasets/IMF.STA:IMTS — clave USA.MG_CIF_USD.VEN.M"
2013,11,exportaciones_espejo_usa_musd,2700.25,"IMF — International Trade in Goods by partner country (IMTS, sucesor de DOTS), reportado por EEUU (mirror statistics, origen no venezolano). https://data.imf.org/en/datasets/IMF.STA:IMTS — clave USA.MG_CIF_USD.VEN.M"
2013,12,exportaciones_espejo_usa_musd,2614.04,"IMF — International Trade in Goods by partner country (IMTS, sucesor de DOTS), reportado por EEUU (mirror statistics, origen no venezolano). https://data.imf.org/en/datasets/IMF.STA:IMTS — clave USA.MG_CIF_USD.VEN.M"
2014,1,exportaciones_espejo_usa_musd,2443.06,"IMF — International Trade in Goods by partner country (IMTS, sucesor de DOTS), reportado por EEUU (mirror statistics, origen no venezolano). https://data.imf.org/en/datasets/IMF.STA:IMTS — clave USA.MG_CIF_USD.VEN.M"
2014,2,exportaciones_espejo_usa_musd,2239.72,"IMF — International Trade in Goods by partner country (IMTS, sucesor de DOTS), reportado por EEUU (mirror statistics, origen no venezolano). https://data.imf.org/en/datasets/IMF.STA:IMTS — clave USA.MG_CIF_USD.VEN.M"
2014,3,exportaciones_espejo_usa_musd,2551.81,"IMF — International Trade in Goods by partner country (IMTS, sucesor de DOTS), reportado por EEUU (mirror statistics, origen no venezolano). https://data.imf.org/en/datasets/IMF.STA:IMTS — clave USA.MG_CIF_USD.VEN.M"
2014,4,exportaciones_espejo_usa_musd,2635.85,"IMF — International Trade in Goods by partner country (IMTS, sucesor de DOTS), reportado por EEUU (mirror statistics, origen no venezolano). https://data.imf.org/en/datasets/IMF.STA:IMTS — clave USA.MG_CIF_USD.VEN.M"
2014,5,exportaciones_espejo_usa_musd,2630.4,"IMF — International Trade in Goods by partner country (IMTS, sucesor de DOTS), reportado por EEUU (mirror statistics, origen no venezolano). https://data.imf.org/en/datasets/IMF.STA:IMTS — clave USA.MG_CIF_USD.VEN.M"
2014,6,exportaciones_espejo_usa_musd,2597.45,"IMF — International Trade in Goods by partner country (IMTS, sucesor de DOTS), reportado por EEUU (mirror statistics, origen no venezolano). https://data.imf.org/en/datasets/IMF.STA:IMTS — clave USA.MG_CIF_USD.VEN.M"
2014,7,exportaciones_espejo_usa_musd,2685.19,"IMF — International Trade in Goods by partner country (IMTS, sucesor de DOTS), reportado por EEUU (mirror statistics, origen no venezolano). https://data.imf.org/en/datasets/IMF.STA:IMTS — clave USA.MG_CIF_USD.VEN.M"
2014,8,exportaciones_espejo_usa_musd,2584.15,"IMF — International Trade in Goods by partner country (IMTS, sucesor de DOTS), reportado por EEUU (mirror statistics, origen no venezolano). https://data.imf.org/en/datasets/IMF.STA:IMTS — clave USA.MG_CIF_USD.VEN.M"
2014,9,exportaciones_espejo_usa_musd,2665.8,"IMF — International Trade in Goods by partner country (IMTS, sucesor de DOTS), reportado por EEUU (mirror statistics, origen no venezolano). https://data.imf.org/en/datasets/IMF.STA:IMTS — clave USA.MG_CIF_USD.VEN.M"
2014,10,exportaciones_espejo_usa_musd,2768.9,"IMF — International Trade in Goods by partner country (IMTS, sucesor de DOTS), reportado por EEUU (mirror statistics, origen no venezolano). https://data.imf.org/en/datasets/IMF.STA:IMTS — clave USA.MG_CIF_USD.VEN.M"
2014,11,exportaciones_espejo_usa_musd,2494.33,"IMF — International Trade in Goods by partner country (IMTS, sucesor de DOTS), reportado por EEUU (mirror statistics, origen no venezolano). https://data.imf.org/en/datasets/IMF.STA:IMTS — clave USA.MG_CIF_USD.VEN.M"
2014,12,exportaciones_espejo_usa_musd,2566.82,"IMF — International Trade in Goods by partner country (IMTS, sucesor de DOTS), reportado por EEUU (mirror statistics, origen no venezolano). https://data.imf.org/en/datasets/IMF.STA:IMTS — clave USA.MG_CIF_USD.VEN.M"
2015,1,exportaciones_espejo_usa_musd,1308.6,"IMF — International Trade in Goods by partner country (IMTS, sucesor de DOTS), reportado por EEUU (mirror statistics, origen no venezolano). https://data.imf.org/en/datasets/IMF.STA:IMTS — clave USA.MG_CIF_USD.VEN.M"
2015,2,exportaciones_espejo_usa_musd,1176.99,"IMF — International Trade in Goods by partner country (IMTS, sucesor de DOTS), reportado por EEUU (mirror statistics, origen no venezolano). https://data.imf.org/en/datasets/IMF.STA:IMTS — clave USA.MG_CIF_USD.VEN.M"
2015,3,exportaciones_espejo_usa_musd,1432.75,"IMF — International Trade in Goods by partner country (IMTS, sucesor de DOTS), reportado por EEUU (mirror statistics, origen no venezolano). https://data.imf.org/en/datasets/IMF.STA:IMTS — clave USA.MG_CIF_USD.VEN.M"
2015,4,exportaciones_espejo_usa_musd,1371.95,"IMF — International Trade in Goods by partner country (IMTS, sucesor de DOTS), reportado por EEUU (mirror statistics, origen no venezolano). https://data.imf.org/en/datasets/IMF.STA:IMTS — clave USA.MG_CIF_USD.VEN.M"
2015,5,exportaciones_espejo_usa_musd,1346.08,"IMF — International Trade in Goods by partner country (IMTS, sucesor de DOTS), reportado por EEUU (mirror statistics, origen no venezolano). https://data.imf.org/en/datasets/IMF.STA:IMTS — clave USA.MG_CIF_USD.VEN.M"
2015,6,exportaciones_espejo_usa_musd,1422.19,"IMF — International Trade in Goods by partner country (IMTS, sucesor de DOTS), reportado por EEUU (mirror statistics, origen no venezolano). https://data.imf.org/en/datasets/IMF.STA:IMTS — clave USA.MG_CIF_USD.VEN.M"
2015,7,exportaciones_espejo_usa_musd,1397.05,"IMF — International Trade in Goods by partner country (IMTS, sucesor de DOTS), reportado por EEUU (mirror statistics, origen no venezolano). https://data.imf.org/en/datasets/IMF.STA:IMTS — clave USA.MG_CIF_USD.VEN.M"
2015,8,exportaciones_espejo_usa_musd,1370.5,"IMF — International Trade in Goods by partner country (IMTS, sucesor de DOTS), reportado por EEUU (mirror statistics, origen no venezolano). https://data.imf.org/en/datasets/IMF.STA:IMTS — clave USA.MG_CIF_USD.VEN.M"
2015,9,exportaciones_espejo_usa_musd,1381.86,"IMF — International Trade in Goods by partner country (IMTS, sucesor de DOTS), reportado por EEUU (mirror statistics, origen no venezolano). https://data.imf.org/en/datasets/IMF.STA:IMTS — clave USA.MG_CIF_USD.VEN.M"
2015,10,exportaciones_espejo_usa_musd,1406.07,"IMF — International Trade in Goods by partner country (IMTS, sucesor de DOTS), reportado por EEUU (mirror statistics, origen no venezolano). https://data.imf.org/en/datasets/IMF.STA:IMTS — clave USA.MG_CIF_USD.VEN.M"
2015,11,exportaciones_espejo_usa_musd,1312.61,"IMF — International Trade in Goods by partner country (IMTS, sucesor de DOTS), reportado por EEUU (mirror statistics, origen no venezolano). https://data.imf.org/en/datasets/IMF.STA:IMTS — clave USA.MG_CIF_USD.VEN.M"
2015,12,exportaciones_espejo_usa_musd,1296.64,"IMF — International Trade in Goods by partner country (IMTS, sucesor de DOTS), reportado por EEUU (mirror statistics, origen no venezolano). https://data.imf.org/en/datasets/IMF.STA:IMTS — clave USA.MG_CIF_USD.VEN.M"
2016,1,exportaciones_espejo_usa_musd,869.73,"IMF — International Trade in Goods by partner country (IMTS, sucesor de DOTS), reportado por EEUU (mirror statistics, origen no venezolano). https://data.imf.org/en/datasets/IMF.STA:IMTS — clave USA.MG_CIF_USD.VEN.M"
2016,2,exportaciones_espejo_usa_musd,880.94,"IMF — International Trade in Goods by partner country (IMTS, sucesor de DOTS), reportado por EEUU (mirror statistics, origen no venezolano). https://data.imf.org/en/datasets/IMF.STA:IMTS — clave USA.MG_CIF_USD.VEN.M"
2016,3,exportaciones_espejo_usa_musd,933.5,"IMF — International Trade in Goods by partner country (IMTS, sucesor de DOTS), reportado por EEUU (mirror statistics, origen no venezolano). https://data.imf.org/en/datasets/IMF.STA:IMTS — clave USA.MG_CIF_USD.VEN.M"
2016,4,exportaciones_espejo_usa_musd,911.08,"IMF — International Trade in Goods by partner country (IMTS, sucesor de DOTS), reportado por EEUU (mirror statistics, origen no venezolano). https://data.imf.org/en/datasets/IMF.STA:IMTS — clave USA.MG_CIF_USD.VEN.M"
2016,5,exportaciones_espejo_usa_musd,959.71,"IMF — International Trade in Goods by partner country (IMTS, sucesor de DOTS), reportado por EEUU (mirror statistics, origen no venezolano). https://data.imf.org/en/datasets/IMF.STA:IMTS — clave USA.MG_CIF_USD.VEN.M"
2016,6,exportaciones_espejo_usa_musd,986.12,"IMF — International Trade in Goods by partner country (IMTS, sucesor de DOTS), reportado por EEUU (mirror statistics, origen no venezolano). https://data.imf.org/en/datasets/IMF.STA:IMTS — clave USA.MG_CIF_USD.VEN.M"
2016,7,exportaciones_espejo_usa_musd,951.12,"IMF — International Trade in Goods by partner country (IMTS, sucesor de DOTS), reportado por EEUU (mirror statistics, origen no venezolano). https://data.imf.org/en/datasets/IMF.STA:IMTS — clave USA.MG_CIF_USD.VEN.M"
2016,8,exportaciones_espejo_usa_musd,1014.71,"IMF — International Trade in Goods by partner country (IMTS, sucesor de DOTS), reportado por EEUU (mirror statistics, origen no venezolano). https://data.imf.org/en/datasets/IMF.STA:IMTS — clave USA.MG_CIF_USD.VEN.M"
2016,9,exportaciones_espejo_usa_musd,972.11,"IMF — International Trade in Goods by partner country (IMTS, sucesor de DOTS), reportado por EEUU (mirror statistics, origen no venezolano). https://data.imf.org/en/datasets/IMF.STA:IMTS — clave USA.MG_CIF_USD.VEN.M"
2016,10,exportaciones_espejo_usa_musd,1003.88,"IMF — International Trade in Goods by partner country (IMTS, sucesor de DOTS), reportado por EEUU (mirror statistics, origen no venezolano). https://data.imf.org/en/datasets/IMF.STA:IMTS — clave USA.MG_CIF_USD.VEN.M"
2016,11,exportaciones_espejo_usa_musd,999.78,"IMF — International Trade in Goods by partner country (IMTS, sucesor de DOTS), reportado por EEUU (mirror statistics, origen no venezolano). https://data.imf.org/en/datasets/IMF.STA:IMTS — clave USA.MG_CIF_USD.VEN.M"
2016,12,exportaciones_espejo_usa_musd,961.49,"IMF — International Trade in Goods by partner country (IMTS, sucesor de DOTS), reportado por EEUU (mirror statistics, origen no venezolano). https://data.imf.org/en/datasets/IMF.STA:IMTS — clave USA.MG_CIF_USD.VEN.M"
2017,1,exportaciones_espejo_usa_musd,1012.49,"IMF — International Trade in Goods by partner country (IMTS, sucesor de DOTS), reportado por EEUU (mirror statistics, origen no venezolano). https://data.imf.org/en/datasets/IMF.STA:IMTS — clave USA.MG_CIF_USD.VEN.M"
2017,2,exportaciones_espejo_usa_musd,922.93,"IMF — International Trade in Goods by partner country (IMTS, sucesor de DOTS), reportado por EEUU (mirror statistics, origen no venezolano). https://data.imf.org/en/datasets/IMF.STA:IMTS — clave USA.MG_CIF_USD.VEN.M"
2017,3,exportaciones_espejo_usa_musd,1057.45,"IMF — International Trade in Goods by partner country (IMTS, sucesor de DOTS), reportado por EEUU (mirror statistics, origen no venezolano). https://data.imf.org/en/datasets/IMF.STA:IMTS — clave USA.MG_CIF_USD.VEN.M"
2017,4,exportaciones_espejo_usa_musd,1013.56,"IMF — International Trade in Goods by partner country (IMTS, sucesor de DOTS), reportado por EEUU (mirror statistics, origen no venezolano). https://data.imf.org/en/datasets/IMF.STA:IMTS — clave USA.MG_CIF_USD.VEN.M"
2017,5,exportaciones_espejo_usa_musd,1092.42,"IMF — International Trade in Goods by partner country (IMTS, sucesor de DOTS), reportado por EEUU (mirror statistics, origen no venezolano). https://data.imf.org/en/datasets/IMF.STA:IMTS — clave USA.MG_CIF_USD.VEN.M"
2017,6,exportaciones_espejo_usa_musd,1080.16,"IMF — International Trade in Goods by partner country (IMTS, sucesor de DOTS), reportado por EEUU (mirror statistics, origen no venezolano). https://data.imf.org/en/datasets/IMF.STA:IMTS — clave USA.MG_CIF_USD.VEN.M"
2017,7,exportaciones_espejo_usa_musd,1046.52,"IMF — International Trade in Goods by partner country (IMTS, sucesor de DOTS), reportado por EEUU (mirror statistics, origen no venezolano). https://data.imf.org/en/datasets/IMF.STA:IMTS — clave USA.MG_CIF_USD.VEN.M"
2017,8,exportaciones_espejo_usa_musd,1098.73,"IMF — International Trade in Goods by partner country (IMTS, sucesor de DOTS), reportado por EEUU (mirror statistics, origen no venezolano). https://data.imf.org/en/datasets/IMF.STA:IMTS — clave USA.MG_CIF_USD.VEN.M"
2017,9,exportaciones_espejo_usa_musd,1060.73,"IMF — International Trade in Goods by partner country (IMTS, sucesor de DOTS), reportado por EEUU (mirror statistics, origen no venezolano). https://data.imf.org/en/datasets/IMF.STA:IMTS — clave USA.MG_CIF_USD.VEN.M"
2017,10,exportaciones_espejo_usa_musd,1146.75,"IMF — International Trade in Goods by partner country (IMTS, sucesor de DOTS), reportado por EEUU (mirror statistics, origen no venezolano). https://data.imf.org/en/datasets/IMF.STA:IMTS — clave USA.MG_CIF_USD.VEN.M"
2017,11,exportaciones_espejo_usa_musd,1129.81,"IMF — International Trade in Goods by partner country (IMTS, sucesor de DOTS), reportado por EEUU (mirror statistics, origen no venezolano). https://data.imf.org/en/datasets/IMF.STA:IMTS — clave USA.MG_CIF_USD.VEN.M"
2017,12,exportaciones_espejo_usa_musd,1088.98,"IMF — International Trade in Goods by partner country (IMTS, sucesor de DOTS), reportado por EEUU (mirror statistics, origen no venezolano). https://data.imf.org/en/datasets/IMF.STA:IMTS — clave USA.MG_CIF_USD.VEN.M"
2018,1,exportaciones_espejo_usa_musd,1082.4,"IMF — International Trade in Goods by partner country (IMTS, sucesor de DOTS), reportado por EEUU (mirror statistics, origen no venezolano). https://data.imf.org/en/datasets/IMF.STA:IMTS — clave USA.MG_CIF_USD.VEN.M"
2018,2,exportaciones_espejo_usa_musd,996.59,"IMF — International Trade in Goods by partner country (IMTS, sucesor de DOTS), reportado por EEUU (mirror statistics, origen no venezolano). https://data.imf.org/en/datasets/IMF.STA:IMTS — clave USA.MG_CIF_USD.VEN.M"
2018,3,exportaciones_espejo_usa_musd,1105.51,"IMF — International Trade in Goods by partner country (IMTS, sucesor de DOTS), reportado por EEUU (mirror statistics, origen no venezolano). https://data.imf.org/en/datasets/IMF.STA:IMTS — clave USA.MG_CIF_USD.VEN.M"
2018,4,exportaciones_espejo_usa_musd,1090.91,"IMF — International Trade in Goods by partner country (IMTS, sucesor de DOTS), reportado por EEUU (mirror statistics, origen no venezolano). https://data.imf.org/en/datasets/IMF.STA:IMTS — clave USA.MG_CIF_USD.VEN.M"
2018,5,exportaciones_espejo_usa_musd,1151.54,"IMF — International Trade in Goods by partner country (IMTS, sucesor de DOTS), reportado por EEUU (mirror statistics, origen no venezolano). https://data.imf.org/en/datasets/IMF.STA:IMTS — clave USA.MG_CIF_USD.VEN.M"
2018,6,exportaciones_espejo_usa_musd,1130.05,"IMF — International Trade in Goods by partner country (IMTS, sucesor de DOTS), reportado por EEUU (mirror statistics, origen no venezolano). https://data.imf.org/en/datasets/IMF.STA:IMTS — clave USA.MG_CIF_USD.VEN.M"
2018,7,exportaciones_espejo_usa_musd,1152.83,"IMF — International Trade in Goods by partner country (IMTS, sucesor de DOTS), reportado por EEUU (mirror statistics, origen no venezolano). https://data.imf.org/en/datasets/IMF.STA:IMTS — clave USA.MG_CIF_USD.VEN.M"
2018,8,exportaciones_espejo_usa_musd,1181.71,"IMF — International Trade in Goods by partner country (IMTS, sucesor de DOTS), reportado por EEUU (mirror statistics, origen no venezolano). https://data.imf.org/en/datasets/IMF.STA:IMTS — clave USA.MG_CIF_USD.VEN.M"
2018,9,exportaciones_espejo_usa_musd,1127.0,"IMF — International Trade in Goods by partner country (IMTS, sucesor de DOTS), reportado por EEUU (mirror statistics, origen no venezolano). https://data.imf.org/en/datasets/IMF.STA:IMTS — clave USA.MG_CIF_USD.VEN.M"
2018,10,exportaciones_espejo_usa_musd,1256.19,"IMF — International Trade in Goods by partner country (IMTS, sucesor de DOTS), reportado por EEUU (mirror statistics, origen no venezolano). https://data.imf.org/en/datasets/IMF.STA:IMTS — clave USA.MG_CIF_USD.VEN.M"
2018,11,exportaciones_espejo_usa_musd,1138.26,"IMF — International Trade in Goods by partner country (IMTS, sucesor de DOTS), reportado por EEUU (mirror statistics, origen no venezolano). https://data.imf.org/en/datasets/IMF.STA:IMTS — clave USA.MG_CIF_USD.VEN.M"
2018,12,exportaciones_espejo_usa_musd,1102.29,"IMF — International Trade in Goods by partner country (IMTS, sucesor de DOTS), reportado por EEUU (mirror statistics, origen no venezolano). https://data.imf.org/en/datasets/IMF.STA:IMTS — clave USA.MG_CIF_USD.VEN.M"
2019,1,exportaciones_espejo_usa_musd,165.53,"IMF — International Trade in Goods by partner country (IMTS, sucesor de DOTS), reportado por EEUU (mirror statistics, origen no venezolano). https://data.imf.org/en/datasets/IMF.STA:IMTS — clave USA.MG_CIF_USD.VEN.M"
2019,2,exportaciones_espejo_usa_musd,150.0,"IMF — International Trade in Goods by partner country (IMTS, sucesor de DOTS), reportado por EEUU (mirror statistics, origen no venezolano). https://data.imf.org/en/datasets/IMF.STA:IMTS — clave USA.MG_CIF_USD.VEN.M"
2019,3,exportaciones_espejo_usa_musd,167.76,"IMF — International Trade in Goods by partner country (IMTS, sucesor de DOTS), reportado por EEUU (mirror statistics, origen no venezolano). https://data.imf.org/en/datasets/IMF.STA:IMTS — clave USA.MG_CIF_USD.VEN.M"
2019,4,exportaciones_espejo_usa_musd,168.8,"IMF — International Trade in Goods by partner country (IMTS, sucesor de DOTS), reportado por EEUU (mirror statistics, origen no venezolano). https://data.imf.org/en/datasets/IMF.STA:IMTS — clave USA.MG_CIF_USD.VEN.M"
2019,5,exportaciones_espejo_usa_musd,177.97,"IMF — International Trade in Goods by partner country (IMTS, sucesor de DOTS), reportado por EEUU (mirror statistics, origen no venezolano). https://data.imf.org/en/datasets/IMF.STA:IMTS — clave USA.MG_CIF_USD.VEN.M"
2019,6,exportaciones_espejo_usa_musd,167.11,"IMF — International Trade in Goods by partner country (IMTS, sucesor de DOTS), reportado por EEUU (mirror statistics, origen no venezolano). https://data.imf.org/en/datasets/IMF.STA:IMTS — clave USA.MG_CIF_USD.VEN.M"
2019,7,exportaciones_espejo_usa_musd,176.62,"IMF — International Trade in Goods by partner country (IMTS, sucesor de DOTS), reportado por EEUU (mirror statistics, origen no venezolano). https://data.imf.org/en/datasets/IMF.STA:IMTS — clave USA.MG_CIF_USD.VEN.M"
2019,8,exportaciones_espejo_usa_musd,174.07,"IMF — International Trade in Goods by partner country (IMTS, sucesor de DOTS), reportado por EEUU (mirror statistics, origen no venezolano). https://data.imf.org/en/datasets/IMF.STA:IMTS — clave USA.MG_CIF_USD.VEN.M"
2019,9,exportaciones_espejo_usa_musd,166.8,"IMF — International Trade in Goods by partner country (IMTS, sucesor de DOTS), reportado por EEUU (mirror statistics, origen no venezolano). https://data.imf.org/en/datasets/IMF.STA:IMTS — clave USA.MG_CIF_USD.VEN.M"
2019,10,exportaciones_espejo_usa_musd,176.96,"IMF — International Trade in Goods by partner country (IMTS, sucesor de DOTS), reportado por EEUU (mirror statistics, origen no venezolano). https://data.imf.org/en/datasets/IMF.STA:IMTS — clave USA.MG_CIF_USD.VEN.M"
2019,11,exportaciones_espejo_usa_musd,160.96,"IMF — International Trade in Goods by partner country (IMTS, sucesor de DOTS), reportado por EEUU (mirror statistics, origen no venezolano). https://data.imf.org/en/datasets/IMF.STA:IMTS — clave USA.MG_CIF_USD.VEN.M"
2019,12,exportaciones_espejo_usa_musd,163.28,"IMF — International Trade in Goods by partner country (IMTS, sucesor de DOTS), reportado por EEUU (mirror statistics, origen no venezolano). https://data.imf.org/en/datasets/IMF.STA:IMTS — clave USA.MG_CIF_USD.VEN.M"
2020,1,exportaciones_espejo_usa_musd,15.04,"IMF — International Trade in Goods by partner country (IMTS, sucesor de DOTS), reportado por EEUU (mirror statistics, origen no venezolano). https://data.imf.org/en/datasets/IMF.STA:IMTS — clave USA.MG_CIF_USD.VEN.M"
2020,2,exportaciones_espejo_usa_musd,13.67,"IMF — International Trade in Goods by partner country (IMTS, sucesor de DOTS), reportado por EEUU (mirror statistics, origen no venezolano). https://data.imf.org/en/datasets/IMF.STA:IMTS — clave USA.MG_CIF_USD.VEN.M"
2020,3,exportaciones_espejo_usa_musd,14.89,"IMF — International Trade in Goods by partner country (IMTS, sucesor de DOTS), reportado por EEUU (mirror statistics, origen no venezolano). https://data.imf.org/en/datasets/IMF.STA:IMTS — clave USA.MG_CIF_USD.VEN.M"
2020,4,exportaciones_espejo_usa_musd,12.74,"IMF — International Trade in Goods by partner country (IMTS, sucesor de DOTS), reportado por EEUU (mirror statistics, origen no venezolano). https://data.imf.org/en/datasets/IMF.STA:IMTS — clave USA.MG_CIF_USD.VEN.M"
2020,5,exportaciones_espejo_usa_musd,12.59,"IMF — International Trade in Goods by partner country (IMTS, sucesor de DOTS), reportado por EEUU (mirror statistics, origen no venezolano). https://data.imf.org/en/datasets/IMF.STA:IMTS — clave USA.MG_CIF_USD.VEN.M"
2020,6,exportaciones_espejo_usa_musd,13.77,"IMF — International Trade in Goods by partner country (IMTS, sucesor de DOTS), reportado por EEUU (mirror statistics, origen no venezolano). https://data.imf.org/en/datasets/IMF.STA:IMTS — clave USA.MG_CIF_USD.VEN.M"
2020,7,exportaciones_espejo_usa_musd,15.37,"IMF — International Trade in Goods by partner country (IMTS, sucesor de DOTS), reportado por EEUU (mirror statistics, origen no venezolano). https://data.imf.org/en/datasets/IMF.STA:IMTS — clave USA.MG_CIF_USD.VEN.M"
2020,8,exportaciones_espejo_usa_musd,15.61,"IMF — International Trade in Goods by partner country (IMTS, sucesor de DOTS), reportado por EEUU (mirror statistics, origen no venezolano). https://data.imf.org/en/datasets/IMF.STA:IMTS — clave USA.MG_CIF_USD.VEN.M"
2020,9,exportaciones_espejo_usa_musd,15.85,"IMF — International Trade in Goods by partner country (IMTS, sucesor de DOTS), reportado por EEUU (mirror statistics, origen no venezolano). https://data.imf.org/en/datasets/IMF.STA:IMTS — clave USA.MG_CIF_USD.VEN.M"
2020,10,exportaciones_espejo_usa_musd,16.87,"IMF — International Trade in Goods by partner country (IMTS, sucesor de DOTS), reportado por EEUU (mirror statistics, origen no venezolano). https://data.imf.org/en/datasets/IMF.STA:IMTS — clave USA.MG_CIF_USD.VEN.M"
2020,11,exportaciones_espejo_usa_musd,16.35,"IMF — International Trade in Goods by partner country (IMTS, sucesor de DOTS), reportado por EEUU (mirror statistics, origen no venezolano). https://data.imf.org/en/datasets/IMF.STA:IMTS — clave USA.MG_CIF_USD.VEN.M"
2020,12,exportaciones_espejo_usa_musd,16.56,"IMF — International Trade in Goods by partner country (IMTS, sucesor de DOTS), reportado por EEUU (mirror statistics, origen no venezolano). https://data.imf.org/en/datasets/IMF.STA:IMTS — clave USA.MG_CIF_USD.VEN.M"
2021,1,exportaciones_espejo_usa_musd,23.57,"IMF — International Trade in Goods by partner country (IMTS, sucesor de DOTS), reportado por EEUU (mirror statistics, origen no venezolano). https://data.imf.org/en/datasets/IMF.STA:IMTS — clave USA.MG_CIF_USD.VEN.M"
2021,2,exportaciones_espejo_usa_musd,22.27,"IMF — International Trade in Goods by partner country (IMTS, sucesor de DOTS), reportado por EEUU (mirror statistics, origen no venezolano). https://data.imf.org/en/datasets/IMF.STA:IMTS — clave USA.MG_CIF_USD.VEN.M"
2021,3,exportaciones_espejo_usa_musd,27.27,"IMF — International Trade in Goods by partner country (IMTS, sucesor de DOTS), reportado por EEUU (mirror statistics, origen no venezolano). https://data.imf.org/en/datasets/IMF.STA:IMTS — clave USA.MG_CIF_USD.VEN.M"
2021,4,exportaciones_espejo_usa_musd,26.13,"IMF — International Trade in Goods by partner country (IMTS, sucesor de DOTS), reportado por EEUU (mirror statistics, origen no venezolano). https://data.imf.org/en/datasets/IMF.STA:IMTS — clave USA.MG_CIF_USD.VEN.M"
2021,5,exportaciones_espejo_usa_musd,26.57,"IMF — International Trade in Goods by partner country (IMTS, sucesor de DOTS), reportado por EEUU (mirror statistics, origen no venezolano). https://data.imf.org/en/datasets/IMF.STA:IMTS — clave USA.MG_CIF_USD.VEN.M"
2021,6,exportaciones_espejo_usa_musd,27.94,"IMF — International Trade in Goods by partner country (IMTS, sucesor de DOTS), reportado por EEUU (mirror statistics, origen no venezolano). https://data.imf.org/en/datasets/IMF.STA:IMTS — clave USA.MG_CIF_USD.VEN.M"
2021,7,exportaciones_espejo_usa_musd,27.42,"IMF — International Trade in Goods by partner country (IMTS, sucesor de DOTS), reportado por EEUU (mirror statistics, origen no venezolano). https://data.imf.org/en/datasets/IMF.STA:IMTS — clave USA.MG_CIF_USD.VEN.M"
2021,8,exportaciones_espejo_usa_musd,28.38,"IMF — International Trade in Goods by partner country (IMTS, sucesor de DOTS), reportado por EEUU (mirror statistics, origen no venezolano). https://data.imf.org/en/datasets/IMF.STA:IMTS — clave USA.MG_CIF_USD.VEN.M"
2021,9,exportaciones_espejo_usa_musd,28.32,"IMF — International Trade in Goods by partner country (IMTS, sucesor de DOTS), reportado por EEUU (mirror statistics, origen no venezolano). https://data.imf.org/en/datasets/IMF.STA:IMTS — clave USA.MG_CIF_USD.VEN.M"
2021,10,exportaciones_espejo_usa_musd,29.12,"IMF — International Trade in Goods by partner country (IMTS, sucesor de DOTS), reportado por EEUU (mirror statistics, origen no venezolano). https://data.imf.org/en/datasets/IMF.STA:IMTS — clave USA.MG_CIF_USD.VEN.M"
2021,11,exportaciones_espejo_usa_musd,30.05,"IMF — International Trade in Goods by partner country (IMTS, sucesor de DOTS), reportado por EEUU (mirror statistics, origen no venezolano). https://data.imf.org/en/datasets/IMF.STA:IMTS — clave USA.MG_CIF_USD.VEN.M"
2021,12,exportaciones_espejo_usa_musd,29.9,"IMF — International Trade in Goods by partner country (IMTS, sucesor de DOTS), reportado por EEUU (mirror statistics, origen no venezolano). https://data.imf.org/en/datasets/IMF.STA:IMTS — clave USA.MG_CIF_USD.VEN.M"
2022,1,exportaciones_espejo_usa_musd,34.33,"IMF — International Trade in Goods by partner country (IMTS, sucesor de DOTS), reportado por EEUU (mirror statistics, origen no venezolano). https://data.imf.org/en/datasets/IMF.STA:IMTS — clave USA.MG_CIF_USD.VEN.M"
2022,2,exportaciones_espejo_usa_musd,32.52,"IMF — International Trade in Goods by partner country (IMTS, sucesor de DOTS), reportado por EEUU (mirror statistics, origen no venezolano). https://data.imf.org/en/datasets/IMF.STA:IMTS — clave USA.MG_CIF_USD.VEN.M"
2022,3,exportaciones_espejo_usa_musd,40.98,"IMF — International Trade in Goods by partner country (IMTS, sucesor de DOTS), reportado por EEUU (mirror statistics, origen no venezolano). https://data.imf.org/en/datasets/IMF.STA:IMTS — clave USA.MG_CIF_USD.VEN.M"
2022,4,exportaciones_espejo_usa_musd,37.91,"IMF — International Trade in Goods by partner country (IMTS, sucesor de DOTS), reportado por EEUU (mirror statistics, origen no venezolano). https://data.imf.org/en/datasets/IMF.STA:IMTS — clave USA.MG_CIF_USD.VEN.M"
2022,5,exportaciones_espejo_usa_musd,39.61,"IMF — International Trade in Goods by partner country (IMTS, sucesor de DOTS), reportado por EEUU (mirror statistics, origen no venezolano). https://data.imf.org/en/datasets/IMF.STA:IMTS — clave USA.MG_CIF_USD.VEN.M"
2022,6,exportaciones_espejo_usa_musd,39.72,"IMF — International Trade in Goods by partner country (IMTS, sucesor de DOTS), reportado por EEUU (mirror statistics, origen no venezolano). https://data.imf.org/en/datasets/IMF.STA:IMTS — clave USA.MG_CIF_USD.VEN.M"
2022,7,exportaciones_espejo_usa_musd,37.63,"IMF — International Trade in Goods by partner country (IMTS, sucesor de DOTS), reportado por EEUU (mirror statistics, origen no venezolano). https://data.imf.org/en/datasets/IMF.STA:IMTS — clave USA.MG_CIF_USD.VEN.M"
2022,8,exportaciones_espejo_usa_musd,39.38,"IMF — International Trade in Goods by partner country (IMTS, sucesor de DOTS), reportado por EEUU (mirror statistics, origen no venezolano). https://data.imf.org/en/datasets/IMF.STA:IMTS — clave USA.MG_CIF_USD.VEN.M"
2022,9,exportaciones_espejo_usa_musd,38.15,"IMF — International Trade in Goods by partner country (IMTS, sucesor de DOTS), reportado por EEUU (mirror statistics, origen no venezolano). https://data.imf.org/en/datasets/IMF.STA:IMTS — clave USA.MG_CIF_USD.VEN.M"
2022,10,exportaciones_espejo_usa_musd,38.95,"IMF — International Trade in Goods by partner country (IMTS, sucesor de DOTS), reportado por EEUU (mirror statistics, origen no venezolano). https://data.imf.org/en/datasets/IMF.STA:IMTS — clave USA.MG_CIF_USD.VEN.M"
2022,11,exportaciones_espejo_usa_musd,35.33,"IMF — International Trade in Goods by partner country (IMTS, sucesor de DOTS), reportado por EEUU (mirror statistics, origen no venezolano). https://data.imf.org/en/datasets/IMF.STA:IMTS — clave USA.MG_CIF_USD.VEN.M"
2022,12,exportaciones_espejo_usa_musd,34.82,"IMF — International Trade in Goods by partner country (IMTS, sucesor de DOTS), reportado por EEUU (mirror statistics, origen no venezolano). https://data.imf.org/en/datasets/IMF.STA:IMTS — clave USA.MG_CIF_USD.VEN.M"
2023,1,exportaciones_espejo_usa_musd,318.11,"IMF — International Trade in Goods by partner country (IMTS, sucesor de DOTS), reportado por EEUU (mirror statistics, origen no venezolano). https://data.imf.org/en/datasets/IMF.STA:IMTS — clave USA.MG_CIF_USD.VEN.M"
2023,2,exportaciones_espejo_usa_musd,286.64,"IMF — International Trade in Goods by partner country (IMTS, sucesor de DOTS), reportado por EEUU (mirror statistics, origen no venezolano). https://data.imf.org/en/datasets/IMF.STA:IMTS — clave USA.MG_CIF_USD.VEN.M"
2023,3,exportaciones_espejo_usa_musd,324.85,"IMF — International Trade in Goods by partner country (IMTS, sucesor de DOTS), reportado por EEUU (mirror statistics, origen no venezolano). https://data.imf.org/en/datasets/IMF.STA:IMTS — clave USA.MG_CIF_USD.VEN.M"
2023,4,exportaciones_espejo_usa_musd,310.77,"IMF — International Trade in Goods by partner country (IMTS, sucesor de DOTS), reportado por EEUU (mirror statistics, origen no venezolano). https://data.imf.org/en/datasets/IMF.STA:IMTS — clave USA.MG_CIF_USD.VEN.M"
2023,5,exportaciones_espejo_usa_musd,327.4,"IMF — International Trade in Goods by partner country (IMTS, sucesor de DOTS), reportado por EEUU (mirror statistics, origen no venezolano). https://data.imf.org/en/datasets/IMF.STA:IMTS — clave USA.MG_CIF_USD.VEN.M"
2023,6,exportaciones_espejo_usa_musd,319.59,"IMF — International Trade in Goods by partner country (IMTS, sucesor de DOTS), reportado por EEUU (mirror statistics, origen no venezolano). https://data.imf.org/en/datasets/IMF.STA:IMTS — clave USA.MG_CIF_USD.VEN.M"
2023,7,exportaciones_espejo_usa_musd,317.05,"IMF — International Trade in Goods by partner country (IMTS, sucesor de DOTS), reportado por EEUU (mirror statistics, origen no venezolano). https://data.imf.org/en/datasets/IMF.STA:IMTS — clave USA.MG_CIF_USD.VEN.M"
2023,8,exportaciones_espejo_usa_musd,329.58,"IMF — International Trade in Goods by partner country (IMTS, sucesor de DOTS), reportado por EEUU (mirror statistics, origen no venezolano). https://data.imf.org/en/datasets/IMF.STA:IMTS — clave USA.MG_CIF_USD.VEN.M"
2023,9,exportaciones_espejo_usa_musd,323.78,"IMF — International Trade in Goods by partner country (IMTS, sucesor de DOTS), reportado por EEUU (mirror statistics, origen no venezolano). https://data.imf.org/en/datasets/IMF.STA:IMTS — clave USA.MG_CIF_USD.VEN.M"
2023,10,exportaciones_espejo_usa_musd,342.66,"IMF — International Trade in Goods by partner country (IMTS, sucesor de DOTS), reportado por EEUU (mirror statistics, origen no venezolano). https://data.imf.org/en/datasets/IMF.STA:IMTS — clave USA.MG_CIF_USD.VEN.M"
2023,11,exportaciones_espejo_usa_musd,317.05,"IMF — International Trade in Goods by partner country (IMTS, sucesor de DOTS), reportado por EEUU (mirror statistics, origen no venezolano). https://data.imf.org/en/datasets/IMF.STA:IMTS — clave USA.MG_CIF_USD.VEN.M"
2023,12,exportaciones_espejo_usa_musd,306.83,"IMF — International Trade in Goods by partner country (IMTS, sucesor de DOTS), reportado por EEUU (mirror statistics, origen no venezolano). https://data.imf.org/en/datasets/IMF.STA:IMTS — clave USA.MG_CIF_USD.VEN.M"
2024,1,exportaciones_espejo_usa_musd,490.73,"IMF — International Trade in Goods by partner country (IMTS, sucesor de DOTS), reportado por EEUU (mirror statistics, origen no venezolano). https://data.imf.org/en/datasets/IMF.STA:IMTS — clave USA.MG_CIF_USD.VEN.M"
2024,2,exportaciones_espejo_usa_musd,468.71,"IMF — International Trade in Goods by partner country (IMTS, sucesor de DOTS), reportado por EEUU (mirror statistics, origen no venezolano). https://data.imf.org/en/datasets/IMF.STA:IMTS — clave USA.MG_CIF_USD.VEN.M"
2024,3,exportaciones_espejo_usa_musd,500.86,"IMF — International Trade in Goods by partner country (IMTS, sucesor de DOTS), reportado por EEUU (mirror statistics, origen no venezolano). https://data.imf.org/en/datasets/IMF.STA:IMTS — clave USA.MG_CIF_USD.VEN.M"
2024,4,exportaciones_espejo_usa_musd,523.69,"IMF — International Trade in Goods by partner country (IMTS, sucesor de DOTS), reportado por EEUU (mirror statistics, origen no venezolano). https://data.imf.org/en/datasets/IMF.STA:IMTS — clave USA.MG_CIF_USD.VEN.M"
2024,5,exportaciones_espejo_usa_musd,531.51,"IMF — International Trade in Goods by partner country (IMTS, sucesor de DOTS), reportado por EEUU (mirror statistics, origen no venezolano). https://data.imf.org/en/datasets/IMF.STA:IMTS — clave USA.MG_CIF_USD.VEN.M"
2024,6,exportaciones_espejo_usa_musd,514.26,"IMF — International Trade in Goods by partner country (IMTS, sucesor de DOTS), reportado por EEUU (mirror statistics, origen no venezolano). https://data.imf.org/en/datasets/IMF.STA:IMTS — clave USA.MG_CIF_USD.VEN.M"
2024,7,exportaciones_espejo_usa_musd,557.26,"IMF — International Trade in Goods by partner country (IMTS, sucesor de DOTS), reportado por EEUU (mirror statistics, origen no venezolano). https://data.imf.org/en/datasets/IMF.STA:IMTS — clave USA.MG_CIF_USD.VEN.M"
2024,8,exportaciones_espejo_usa_musd,536.8,"IMF — International Trade in Goods by partner country (IMTS, sucesor de DOTS), reportado por EEUU (mirror statistics, origen no venezolano). https://data.imf.org/en/datasets/IMF.STA:IMTS — clave USA.MG_CIF_USD.VEN.M"
2024,9,exportaciones_espejo_usa_musd,553.24,"IMF — International Trade in Goods by partner country (IMTS, sucesor de DOTS), reportado por EEUU (mirror statistics, origen no venezolano). https://data.imf.org/en/datasets/IMF.STA:IMTS — clave USA.MG_CIF_USD.VEN.M"
2024,10,exportaciones_espejo_usa_musd,558.7,"IMF — International Trade in Goods by partner country (IMTS, sucesor de DOTS), reportado por EEUU (mirror statistics, origen no venezolano). https://data.imf.org/en/datasets/IMF.STA:IMTS — clave USA.MG_CIF_USD.VEN.M"
2024,11,exportaciones_espejo_usa_musd,530.43,"IMF — International Trade in Goods by partner country (IMTS, sucesor de DOTS), reportado por EEUU (mirror statistics, origen no venezolano). https://data.imf.org/en/datasets/IMF.STA:IMTS — clave USA.MG_CIF_USD.VEN.M"
2024,12,exportaciones_espejo_usa_musd,550.44,"IMF — International Trade in Goods by partner country (IMTS, sucesor de DOTS), reportado por EEUU (mirror statistics, origen no venezolano). https://data.imf.org/en/datasets/IMF.STA:IMTS — clave USA.MG_CIF_USD.VEN.M"
2025,1,exportaciones_espejo_usa_musd,613.29,"IMF — International Trade in Goods by partner country (IMTS, sucesor de DOTS), reportado por EEUU (mirror statistics, origen no venezolano). https://data.imf.org/en/datasets/IMF.STA:IMTS — clave USA.MG_CIF_USD.VEN.M"
2025,2,exportaciones_espejo_usa_musd,554.88,"IMF — International Trade in Goods by partner country (IMTS, sucesor de DOTS), reportado por EEUU (mirror statistics, origen no venezolano). https://data.imf.org/en/datasets/IMF.STA:IMTS — clave USA.MG_CIF_USD.VEN.M"
2025,3,exportaciones_espejo_usa_musd,658.74,"IMF — International Trade in Goods by partner country (IMTS, sucesor de DOTS), reportado por EEUU (mirror statistics, origen no venezolano). https://data.imf.org/en/datasets/IMF.STA:IMTS — clave USA.MG_CIF_USD.VEN.M"
2025,4,exportaciones_espejo_usa_musd,532.84,"IMF — International Trade in Goods by partner country (IMTS, sucesor de DOTS), reportado por EEUU (mirror statistics, origen no venezolano). https://data.imf.org/en/datasets/IMF.STA:IMTS — clave USA.MG_CIF_USD.VEN.M"
2025,5,exportaciones_espejo_usa_musd,532.5,"IMF — International Trade in Goods by partner country (IMTS, sucesor de DOTS), reportado por EEUU (mirror statistics, origen no venezolano). https://data.imf.org/en/datasets/IMF.STA:IMTS — clave USA.MG_CIF_USD.VEN.M"
2025,6,exportaciones_espejo_usa_musd,512.75,"IMF — International Trade in Goods by partner country (IMTS, sucesor de DOTS), reportado por EEUU (mirror statistics, origen no venezolano). https://data.imf.org/en/datasets/IMF.STA:IMTS — clave USA.MG_CIF_USD.VEN.M"
2025,7,exportaciones_espejo_usa_musd,565.08,"IMF — International Trade in Goods by partner country (IMTS, sucesor de DOTS), reportado por EEUU (mirror statistics, origen no venezolano). https://data.imf.org/en/datasets/IMF.STA:IMTS — clave USA.MG_CIF_USD.VEN.M"
2025,8,exportaciones_espejo_usa_musd,508.68,"IMF — International Trade in Goods by partner country (IMTS, sucesor de DOTS), reportado por EEUU (mirror statistics, origen no venezolano). https://data.imf.org/en/datasets/IMF.STA:IMTS — clave USA.MG_CIF_USD.VEN.M"
2025,9,exportaciones_espejo_usa_musd,534.48,"IMF — International Trade in Goods by partner country (IMTS, sucesor de DOTS), reportado por EEUU (mirror statistics, origen no venezolano). https://data.imf.org/en/datasets/IMF.STA:IMTS — clave USA.MG_CIF_USD.VEN.M"
2025,10,exportaciones_espejo_usa_musd,531.05,"IMF — International Trade in Goods by partner country (IMTS, sucesor de DOTS), reportado por EEUU (mirror statistics, origen no venezolano). https://data.imf.org/en/datasets/IMF.STA:IMTS — clave USA.MG_CIF_USD.VEN.M"
2025,11,exportaciones_espejo_usa_musd,503.77,"IMF — International Trade in Goods by partner country (IMTS, sucesor de DOTS), reportado por EEUU (mirror statistics, origen no venezolano). https://data.imf.org/en/datasets/IMF.STA:IMTS — clave USA.MG_CIF_USD.VEN.M"
2025,12,exportaciones_espejo_usa_musd,544.94,"IMF — International Trade in Goods by partner country (IMTS, sucesor de DOTS), reportado por EEUU (mirror statistics, origen no venezolano). https://data.imf.org/en/datasets/IMF.STA:IMTS — clave USA.MG_CIF_USD.VEN.M"
2026,1,exportaciones_espejo_usa_musd,504.98,"IMF — International Trade in Goods by partner country (IMTS, sucesor de DOTS), reportado por EEUU (mirror statistics, origen no venezolano). https://data.imf.org/en/datasets/IMF.STA:IMTS — clave USA.MG_CIF_USD.VEN.M"
2026,2,exportaciones_espejo_usa_musd,490.45,"IMF — International Trade in Goods by partner country (IMTS, sucesor de DOTS), reportado por EEUU (mirror statistics, origen no venezolano). https://data.imf.org/en/datasets/IMF.STA:IMTS — clave USA.MG_CIF_USD.VEN.M"
2026,3,exportaciones_espejo_usa_musd,583.69,"IMF — International Trade in Goods by partner country (IMTS, sucesor de DOTS), reportado por EEUU (mirror statistics, origen no venezolano). https://data.imf.org/en/datasets/IMF.STA:IMTS — clave USA.MG_CIF_USD.VEN.M"
2026,4,exportaciones_espejo_usa_musd,580.25,"IMF — International Trade in Goods by partner country (IMTS, sucesor de DOTS), reportado por EEUU (mirror statistics, origen no venezolano). https://data.imf.org/en/datasets/IMF.STA:IMTS — clave USA.MG_CIF_USD.VEN.M"
2026,5,exportaciones_espejo_usa_musd,602.56,"IMF — International Trade in Goods by partner country (IMTS, sucesor de DOTS), reportado por EEUU (mirror statistics, origen no venezolano). https://data.imf.org/en/datasets/IMF.STA:IMTS — clave USA.MG_CIF_USD.VEN.M"
2010,1,importaciones_espejo_usa_musd,793.68,"IMF — International Trade in Goods by partner country (IMTS, sucesor de DOTS), reportado por EEUU (mirror statistics, origen no venezolano). https://data.imf.org/en/datasets/IMF.STA:IMTS — clave USA.XG_FOB_USD.VEN.M"
2010,2,importaciones_espejo_usa_musd,803.05,"IMF — International Trade in Goods by partner country (IMTS, sucesor de DOTS), reportado por EEUU (mirror statistics, origen no venezolano). https://data.imf.org/en/datasets/IMF.STA:IMTS — clave USA.XG_FOB_USD.VEN.M"
2010,3,importaciones_espejo_usa_musd,943.36,"IMF — International Trade in Goods by partner country (IMTS, sucesor de DOTS), reportado por EEUU (mirror statistics, origen no venezolano). https://data.imf.org/en/datasets/IMF.STA:IMTS — clave USA.XG_FOB_USD.VEN.M"
2010,4,importaciones_espejo_usa_musd,871.7,"IMF — International Trade in Goods by partner country (IMTS, sucesor de DOTS), reportado por EEUU (mirror statistics, origen no venezolano). https://data.imf.org/en/datasets/IMF.STA:IMTS — clave USA.XG_FOB_USD.VEN.M"
2010,5,importaciones_espejo_usa_musd,893.12,"IMF — International Trade in Goods by partner country (IMTS, sucesor de DOTS), reportado por EEUU (mirror statistics, origen no venezolano). https://data.imf.org/en/datasets/IMF.STA:IMTS — clave USA.XG_FOB_USD.VEN.M"
2010,6,importaciones_espejo_usa_musd,902.42,"IMF — International Trade in Goods by partner country (IMTS, sucesor de DOTS), reportado por EEUU (mirror statistics, origen no venezolano). https://data.imf.org/en/datasets/IMF.STA:IMTS — clave USA.XG_FOB_USD.VEN.M"
2010,7,importaciones_espejo_usa_musd,870.42,"IMF — International Trade in Goods by partner country (IMTS, sucesor de DOTS), reportado por EEUU (mirror statistics, origen no venezolano). https://data.imf.org/en/datasets/IMF.STA:IMTS — clave USA.XG_FOB_USD.VEN.M"
2010,8,importaciones_espejo_usa_musd,887.03,"IMF — International Trade in Goods by partner country (IMTS, sucesor de DOTS), reportado por EEUU (mirror statistics, origen no venezolano). https://data.imf.org/en/datasets/IMF.STA:IMTS — clave USA.XG_FOB_USD.VEN.M"
2010,9,importaciones_espejo_usa_musd,885.65,"IMF — International Trade in Goods by partner country (IMTS, sucesor de DOTS), reportado por EEUU (mirror statistics, origen no venezolano). https://data.imf.org/en/datasets/IMF.STA:IMTS — clave USA.XG_FOB_USD.VEN.M"
2010,10,importaciones_espejo_usa_musd,954.35,"IMF — International Trade in Goods by partner country (IMTS, sucesor de DOTS), reportado por EEUU (mirror statistics, origen no venezolano). https://data.imf.org/en/datasets/IMF.STA:IMTS — clave USA.XG_FOB_USD.VEN.M"
2010,11,importaciones_espejo_usa_musd,909.27,"IMF — International Trade in Goods by partner country (IMTS, sucesor de DOTS), reportado por EEUU (mirror statistics, origen no venezolano). https://data.imf.org/en/datasets/IMF.STA:IMTS — clave USA.XG_FOB_USD.VEN.M"
2010,12,importaciones_espejo_usa_musd,930.76,"IMF — International Trade in Goods by partner country (IMTS, sucesor de DOTS), reportado por EEUU (mirror statistics, origen no venezolano). https://data.imf.org/en/datasets/IMF.STA:IMTS — clave USA.XG_FOB_USD.VEN.M"
2011,1,importaciones_espejo_usa_musd,859.03,"IMF — International Trade in Goods by partner country (IMTS, sucesor de DOTS), reportado por EEUU (mirror statistics, origen no venezolano). https://data.imf.org/en/datasets/IMF.STA:IMTS — clave USA.XG_FOB_USD.VEN.M"
2011,2,importaciones_espejo_usa_musd,845.43,"IMF — International Trade in Goods by partner country (IMTS, sucesor de DOTS), reportado por EEUU (mirror statistics, origen no venezolano). https://data.imf.org/en/datasets/IMF.STA:IMTS — clave USA.XG_FOB_USD.VEN.M"
2011,3,importaciones_espejo_usa_musd,1012.85,"IMF — International Trade in Goods by partner country (IMTS, sucesor de DOTS), reportado por EEUU (mirror statistics, origen no venezolano). https://data.imf.org/en/datasets/IMF.STA:IMTS — clave USA.XG_FOB_USD.VEN.M"
2011,4,importaciones_espejo_usa_musd,957.04,"IMF — International Trade in Goods by partner country (IMTS, sucesor de DOTS), reportado por EEUU (mirror statistics, origen no venezolano). https://data.imf.org/en/datasets/IMF.STA:IMTS — clave USA.XG_FOB_USD.VEN.M"
2011,5,importaciones_espejo_usa_musd,968.24,"IMF — International Trade in Goods by partner country (IMTS, sucesor de DOTS), reportado por EEUU (mirror statistics, origen no venezolano). https://data.imf.org/en/datasets/IMF.STA:IMTS — clave USA.XG_FOB_USD.VEN.M"
2011,6,importaciones_espejo_usa_musd,990.71,"IMF — International Trade in Goods by partner country (IMTS, sucesor de DOTS), reportado por EEUU (mirror statistics, origen no venezolano). https://data.imf.org/en/datasets/IMF.STA:IMTS — clave USA.XG_FOB_USD.VEN.M"
2011,7,importaciones_espejo_usa_musd,975.52,"IMF — International Trade in Goods by partner country (IMTS, sucesor de DOTS), reportado por EEUU (mirror statistics, origen no venezolano). https://data.imf.org/en/datasets/IMF.STA:IMTS — clave USA.XG_FOB_USD.VEN.M"
2011,8,importaciones_espejo_usa_musd,1058.38,"IMF — International Trade in Goods by partner country (IMTS, sucesor de DOTS), reportado por EEUU (mirror statistics, origen no venezolano). https://data.imf.org/en/datasets/IMF.STA:IMTS — clave USA.XG_FOB_USD.VEN.M"
2011,9,importaciones_espejo_usa_musd,1098.44,"IMF — International Trade in Goods by partner country (IMTS, sucesor de DOTS), reportado por EEUU (mirror statistics, origen no venezolano). https://data.imf.org/en/datasets/IMF.STA:IMTS — clave USA.XG_FOB_USD.VEN.M"
2011,10,importaciones_espejo_usa_musd,1179.87,"IMF — International Trade in Goods by partner country (IMTS, sucesor de DOTS), reportado por EEUU (mirror statistics, origen no venezolano). https://data.imf.org/en/datasets/IMF.STA:IMTS — clave USA.XG_FOB_USD.VEN.M"
2011,11,importaciones_espejo_usa_musd,1183.61,"IMF — International Trade in Goods by partner country (IMTS, sucesor de DOTS), reportado por EEUU (mirror statistics, origen no venezolano). https://data.imf.org/en/datasets/IMF.STA:IMTS — clave USA.XG_FOB_USD.VEN.M"
2011,12,importaciones_espejo_usa_musd,1254.26,"IMF — International Trade in Goods by partner country (IMTS, sucesor de DOTS), reportado por EEUU (mirror statistics, origen no venezolano). https://data.imf.org/en/datasets/IMF.STA:IMTS — clave USA.XG_FOB_USD.VEN.M"
2012,1,importaciones_espejo_usa_musd,1227.82,"IMF — International Trade in Goods by partner country (IMTS, sucesor de DOTS), reportado por EEUU (mirror statistics, origen no venezolano). https://data.imf.org/en/datasets/IMF.STA:IMTS — clave USA.XG_FOB_USD.VEN.M"
2012,2,importaciones_espejo_usa_musd,1344.15,"IMF — International Trade in Goods by partner country (IMTS, sucesor de DOTS), reportado por EEUU (mirror statistics, origen no venezolano). https://data.imf.org/en/datasets/IMF.STA:IMTS — clave USA.XG_FOB_USD.VEN.M"
2012,3,importaciones_espejo_usa_musd,1577.29,"IMF — International Trade in Goods by partner country (IMTS, sucesor de DOTS), reportado por EEUU (mirror statistics, origen no venezolano). https://data.imf.org/en/datasets/IMF.STA:IMTS — clave USA.XG_FOB_USD.VEN.M"
2012,4,importaciones_espejo_usa_musd,1467.9,"IMF — International Trade in Goods by partner country (IMTS, sucesor de DOTS), reportado por EEUU (mirror statistics, origen no venezolano). https://data.imf.org/en/datasets/IMF.STA:IMTS — clave USA.XG_FOB_USD.VEN.M"
2012,5,importaciones_espejo_usa_musd,1536.86,"IMF — International Trade in Goods by partner country (IMTS, sucesor de DOTS), reportado por EEUU (mirror statistics, origen no venezolano). https://data.imf.org/en/datasets/IMF.STA:IMTS — clave USA.XG_FOB_USD.VEN.M"
2012,6,importaciones_espejo_usa_musd,1566.31,"IMF — International Trade in Goods by partner country (IMTS, sucesor de DOTS), reportado por EEUU (mirror statistics, origen no venezolano). https://data.imf.org/en/datasets/IMF.STA:IMTS — clave USA.XG_FOB_USD.VEN.M"
2012,7,importaciones_espejo_usa_musd,1436.13,"IMF — International Trade in Goods by partner country (IMTS, sucesor de DOTS), reportado por EEUU (mirror statistics, origen no venezolano). https://data.imf.org/en/datasets/IMF.STA:IMTS — clave USA.XG_FOB_USD.VEN.M"
2012,8,importaciones_espejo_usa_musd,1513.19,"IMF — International Trade in Goods by partner country (IMTS, sucesor de DOTS), reportado por EEUU (mirror statistics, origen no venezolano). https://data.imf.org/en/datasets/IMF.STA:IMTS — clave USA.XG_FOB_USD.VEN.M"
2012,9,importaciones_espejo_usa_musd,1490.55,"IMF — International Trade in Goods by partner country (IMTS, sucesor de DOTS), reportado por EEUU (mirror statistics, origen no venezolano). https://data.imf.org/en/datasets/IMF.STA:IMTS — clave USA.XG_FOB_USD.VEN.M"
2012,10,importaciones_espejo_usa_musd,1522.18,"IMF — International Trade in Goods by partner country (IMTS, sucesor de DOTS), reportado por EEUU (mirror statistics, origen no venezolano). https://data.imf.org/en/datasets/IMF.STA:IMTS — clave USA.XG_FOB_USD.VEN.M"
2012,11,importaciones_espejo_usa_musd,1440.98,"IMF — International Trade in Goods by partner country (IMTS, sucesor de DOTS), reportado por EEUU (mirror statistics, origen no venezolano). https://data.imf.org/en/datasets/IMF.STA:IMTS — clave USA.XG_FOB_USD.VEN.M"
2012,12,importaciones_espejo_usa_musd,1393.59,"IMF — International Trade in Goods by partner country (IMTS, sucesor de DOTS), reportado por EEUU (mirror statistics, origen no venezolano). https://data.imf.org/en/datasets/IMF.STA:IMTS — clave USA.XG_FOB_USD.VEN.M"
2013,1,importaciones_espejo_usa_musd,1250.98,"IMF — International Trade in Goods by partner country (IMTS, sucesor de DOTS), reportado por EEUU (mirror statistics, origen no venezolano). https://data.imf.org/en/datasets/IMF.STA:IMTS — clave USA.XG_FOB_USD.VEN.M"
2013,2,importaciones_espejo_usa_musd,1198.71,"IMF — International Trade in Goods by partner country (IMTS, sucesor de DOTS), reportado por EEUU (mirror statistics, origen no venezolano). https://data.imf.org/en/datasets/IMF.STA:IMTS — clave USA.XG_FOB_USD.VEN.M"
2013,3,importaciones_espejo_usa_musd,1270.4,"IMF — International Trade in Goods by partner country (IMTS, sucesor de DOTS), reportado por EEUU (mirror statistics, origen no venezolano). https://data.imf.org/en/datasets/IMF.STA:IMTS — clave USA.XG_FOB_USD.VEN.M"
2013,4,importaciones_espejo_usa_musd,1154.38,"IMF — International Trade in Goods by partner country (IMTS, sucesor de DOTS), reportado por EEUU (mirror statistics, origen no venezolano). https://data.imf.org/en/datasets/IMF.STA:IMTS — clave USA.XG_FOB_USD.VEN.M"
2013,5,importaciones_espejo_usa_musd,1141.69,"IMF — International Trade in Goods by partner country (IMTS, sucesor de DOTS), reportado por EEUU (mirror statistics, origen no venezolano). https://data.imf.org/en/datasets/IMF.STA:IMTS — clave USA.XG_FOB_USD.VEN.M"
2013,6,importaciones_espejo_usa_musd,1117.68,"IMF — International Trade in Goods by partner country (IMTS, sucesor de DOTS), reportado por EEUU (mirror statistics, origen no venezolano). https://data.imf.org/en/datasets/IMF.STA:IMTS — clave USA.XG_FOB_USD.VEN.M"
2013,7,importaciones_espejo_usa_musd,1023.09,"IMF — International Trade in Goods by partner country (IMTS, sucesor de DOTS), reportado por EEUU (mirror statistics, origen no venezolano). https://data.imf.org/en/datasets/IMF.STA:IMTS — clave USA.XG_FOB_USD.VEN.M"
2013,8,importaciones_espejo_usa_musd,1036.03,"IMF — International Trade in Goods by partner country (IMTS, sucesor de DOTS), reportado por EEUU (mirror statistics, origen no venezolano). https://data.imf.org/en/datasets/IMF.STA:IMTS — clave USA.XG_FOB_USD.VEN.M"
2013,9,importaciones_espejo_usa_musd,980.38,"IMF — International Trade in Goods by partner country (IMTS, sucesor de DOTS), reportado por EEUU (mirror statistics, origen no venezolano). https://data.imf.org/en/datasets/IMF.STA:IMTS — clave USA.XG_FOB_USD.VEN.M"
2013,10,importaciones_espejo_usa_musd,1063.34,"IMF — International Trade in Goods by partner country (IMTS, sucesor de DOTS), reportado por EEUU (mirror statistics, origen no venezolano). https://data.imf.org/en/datasets/IMF.STA:IMTS — clave USA.XG_FOB_USD.VEN.M"
2013,11,importaciones_espejo_usa_musd,1003.36,"IMF — International Trade in Goods by partner country (IMTS, sucesor de DOTS), reportado por EEUU (mirror statistics, origen no venezolano). https://data.imf.org/en/datasets/IMF.STA:IMTS — clave USA.XG_FOB_USD.VEN.M"
2013,12,importaciones_espejo_usa_musd,961.16,"IMF — International Trade in Goods by partner country (IMTS, sucesor de DOTS), reportado por EEUU (mirror statistics, origen no venezolano). https://data.imf.org/en/datasets/IMF.STA:IMTS — clave USA.XG_FOB_USD.VEN.M"
2014,1,importaciones_espejo_usa_musd,915.66,"IMF — International Trade in Goods by partner country (IMTS, sucesor de DOTS), reportado por EEUU (mirror statistics, origen no venezolano). https://data.imf.org/en/datasets/IMF.STA:IMTS — clave USA.XG_FOB_USD.VEN.M"
2014,2,importaciones_espejo_usa_musd,888.4,"IMF — International Trade in Goods by partner country (IMTS, sucesor de DOTS), reportado por EEUU (mirror statistics, origen no venezolano). https://data.imf.org/en/datasets/IMF.STA:IMTS — clave USA.XG_FOB_USD.VEN.M"
2014,3,importaciones_espejo_usa_musd,1014.72,"IMF — International Trade in Goods by partner country (IMTS, sucesor de DOTS), reportado por EEUU (mirror statistics, origen no venezolano). https://data.imf.org/en/datasets/IMF.STA:IMTS — clave USA.XG_FOB_USD.VEN.M"
2014,4,importaciones_espejo_usa_musd,947.71,"IMF — International Trade in Goods by partner country (IMTS, sucesor de DOTS), reportado por EEUU (mirror statistics, origen no venezolano). https://data.imf.org/en/datasets/IMF.STA:IMTS — clave USA.XG_FOB_USD.VEN.M"
2014,5,importaciones_espejo_usa_musd,969.15,"IMF — International Trade in Goods by partner country (IMTS, sucesor de DOTS), reportado por EEUU (mirror statistics, origen no venezolano). https://data.imf.org/en/datasets/IMF.STA:IMTS — clave USA.XG_FOB_USD.VEN.M"
2014,6,importaciones_espejo_usa_musd,961.37,"IMF — International Trade in Goods by partner country (IMTS, sucesor de DOTS), reportado por EEUU (mirror statistics, origen no venezolano). https://data.imf.org/en/datasets/IMF.STA:IMTS — clave USA.XG_FOB_USD.VEN.M"
2014,7,importaciones_espejo_usa_musd,915.62,"IMF — International Trade in Goods by partner country (IMTS, sucesor de DOTS), reportado por EEUU (mirror statistics, origen no venezolano). https://data.imf.org/en/datasets/IMF.STA:IMTS — clave USA.XG_FOB_USD.VEN.M"
2014,8,importaciones_espejo_usa_musd,933.69,"IMF — International Trade in Goods by partner country (IMTS, sucesor de DOTS), reportado por EEUU (mirror statistics, origen no venezolano). https://data.imf.org/en/datasets/IMF.STA:IMTS — clave USA.XG_FOB_USD.VEN.M"
2014,9,importaciones_espejo_usa_musd,894.6,"IMF — International Trade in Goods by partner country (IMTS, sucesor de DOTS), reportado por EEUU (mirror statistics, origen no venezolano). https://data.imf.org/en/datasets/IMF.STA:IMTS — clave USA.XG_FOB_USD.VEN.M"
2014,10,importaciones_espejo_usa_musd,962.19,"IMF — International Trade in Goods by partner country (IMTS, sucesor de DOTS), reportado por EEUU (mirror statistics, origen no venezolano). https://data.imf.org/en/datasets/IMF.STA:IMTS — clave USA.XG_FOB_USD.VEN.M"
2014,11,importaciones_espejo_usa_musd,877.72,"IMF — International Trade in Goods by partner country (IMTS, sucesor de DOTS), reportado por EEUU (mirror statistics, origen no venezolano). https://data.imf.org/en/datasets/IMF.STA:IMTS — clave USA.XG_FOB_USD.VEN.M"
2014,12,importaciones_espejo_usa_musd,856.88,"IMF — International Trade in Goods by partner country (IMTS, sucesor de DOTS), reportado por EEUU (mirror statistics, origen no venezolano). https://data.imf.org/en/datasets/IMF.STA:IMTS — clave USA.XG_FOB_USD.VEN.M"
2015,1,importaciones_espejo_usa_musd,760.75,"IMF — International Trade in Goods by partner country (IMTS, sucesor de DOTS), reportado por EEUU (mirror statistics, origen no venezolano). https://data.imf.org/en/datasets/IMF.STA:IMTS — clave USA.XG_FOB_USD.VEN.M"
2015,2,importaciones_espejo_usa_musd,729.59,"IMF — International Trade in Goods by partner country (IMTS, sucesor de DOTS), reportado por EEUU (mirror statistics, origen no venezolano). https://data.imf.org/en/datasets/IMF.STA:IMTS — clave USA.XG_FOB_USD.VEN.M"
2015,3,importaciones_espejo_usa_musd,809.06,"IMF — International Trade in Goods by partner country (IMTS, sucesor de DOTS), reportado por EEUU (mirror statistics, origen no venezolano). https://data.imf.org/en/datasets/IMF.STA:IMTS — clave USA.XG_FOB_USD.VEN.M"
2015,4,importaciones_espejo_usa_musd,761.69,"IMF — International Trade in Goods by partner country (IMTS, sucesor de DOTS), reportado por EEUU (mirror statistics, origen no venezolano). https://data.imf.org/en/datasets/IMF.STA:IMTS — clave USA.XG_FOB_USD.VEN.M"
2015,5,importaciones_espejo_usa_musd,742.33,"IMF — International Trade in Goods by partner country (IMTS, sucesor de DOTS), reportado por EEUU (mirror statistics, origen no venezolano). https://data.imf.org/en/datasets/IMF.STA:IMTS — clave USA.XG_FOB_USD.VEN.M"
2015,6,importaciones_espejo_usa_musd,740.82,"IMF — International Trade in Goods by partner country (IMTS, sucesor de DOTS), reportado por EEUU (mirror statistics, origen no venezolano). https://data.imf.org/en/datasets/IMF.STA:IMTS — clave USA.XG_FOB_USD.VEN.M"
2015,7,importaciones_espejo_usa_musd,685.0,"IMF — International Trade in Goods by partner country (IMTS, sucesor de DOTS), reportado por EEUU (mirror statistics, origen no venezolano). https://data.imf.org/en/datasets/IMF.STA:IMTS — clave USA.XG_FOB_USD.VEN.M"
2015,8,importaciones_espejo_usa_musd,658.37,"IMF — International Trade in Goods by partner country (IMTS, sucesor de DOTS), reportado por EEUU (mirror statistics, origen no venezolano). https://data.imf.org/en/datasets/IMF.STA:IMTS — clave USA.XG_FOB_USD.VEN.M"
2015,9,importaciones_espejo_usa_musd,650.43,"IMF — International Trade in Goods by partner country (IMTS, sucesor de DOTS), reportado por EEUU (mirror statistics, origen no venezolano). https://data.imf.org/en/datasets/IMF.STA:IMTS — clave USA.XG_FOB_USD.VEN.M"
2015,10,importaciones_espejo_usa_musd,657.7,"IMF — International Trade in Goods by partner country (IMTS, sucesor de DOTS), reportado por EEUU (mirror statistics, origen no venezolano). https://data.imf.org/en/datasets/IMF.STA:IMTS — clave USA.XG_FOB_USD.VEN.M"
2015,11,importaciones_espejo_usa_musd,586.95,"IMF — International Trade in Goods by partner country (IMTS, sucesor de DOTS), reportado por EEUU (mirror statistics, origen no venezolano). https://data.imf.org/en/datasets/IMF.STA:IMTS — clave USA.XG_FOB_USD.VEN.M"
2015,12,importaciones_espejo_usa_musd,563.21,"IMF — International Trade in Goods by partner country (IMTS, sucesor de DOTS), reportado por EEUU (mirror statistics, origen no venezolano). https://data.imf.org/en/datasets/IMF.STA:IMTS — clave USA.XG_FOB_USD.VEN.M"
2016,1,importaciones_espejo_usa_musd,486.68,"IMF — International Trade in Goods by partner country (IMTS, sucesor de DOTS), reportado por EEUU (mirror statistics, origen no venezolano). https://data.imf.org/en/datasets/IMF.STA:IMTS — clave USA.XG_FOB_USD.VEN.M"
2016,2,importaciones_espejo_usa_musd,490.55,"IMF — International Trade in Goods by partner country (IMTS, sucesor de DOTS), reportado por EEUU (mirror statistics, origen no venezolano). https://data.imf.org/en/datasets/IMF.STA:IMTS — clave USA.XG_FOB_USD.VEN.M"
2016,3,importaciones_espejo_usa_musd,520.99,"IMF — International Trade in Goods by partner country (IMTS, sucesor de DOTS), reportado por EEUU (mirror statistics, origen no venezolano). https://data.imf.org/en/datasets/IMF.STA:IMTS — clave USA.XG_FOB_USD.VEN.M"
2016,4,importaciones_espejo_usa_musd,472.94,"IMF — International Trade in Goods by partner country (IMTS, sucesor de DOTS), reportado por EEUU (mirror statistics, origen no venezolano). https://data.imf.org/en/datasets/IMF.STA:IMTS — clave USA.XG_FOB_USD.VEN.M"
2016,5,importaciones_espejo_usa_musd,457.44,"IMF — International Trade in Goods by partner country (IMTS, sucesor de DOTS), reportado por EEUU (mirror statistics, origen no venezolano). https://data.imf.org/en/datasets/IMF.STA:IMTS — clave USA.XG_FOB_USD.VEN.M"
2016,6,importaciones_espejo_usa_musd,458.67,"IMF — International Trade in Goods by partner country (IMTS, sucesor de DOTS), reportado por EEUU (mirror statistics, origen no venezolano). https://data.imf.org/en/datasets/IMF.STA:IMTS — clave USA.XG_FOB_USD.VEN.M"
2016,7,importaciones_espejo_usa_musd,406.84,"IMF — International Trade in Goods by partner country (IMTS, sucesor de DOTS), reportado por EEUU (mirror statistics, origen no venezolano). https://data.imf.org/en/datasets/IMF.STA:IMTS — clave USA.XG_FOB_USD.VEN.M"
2016,8,importaciones_espejo_usa_musd,412.1,"IMF — International Trade in Goods by partner country (IMTS, sucesor de DOTS), reportado por EEUU (mirror statistics, origen no venezolano). https://data.imf.org/en/datasets/IMF.STA:IMTS — clave USA.XG_FOB_USD.VEN.M"
2016,9,importaciones_espejo_usa_musd,400.23,"IMF — International Trade in Goods by partner country (IMTS, sucesor de DOTS), reportado por EEUU (mirror statistics, origen no venezolano). https://data.imf.org/en/datasets/IMF.STA:IMTS — clave USA.XG_FOB_USD.VEN.M"
2016,10,importaciones_espejo_usa_musd,394.55,"IMF — International Trade in Goods by partner country (IMTS, sucesor de DOTS), reportado por EEUU (mirror statistics, origen no venezolano). https://data.imf.org/en/datasets/IMF.STA:IMTS — clave USA.XG_FOB_USD.VEN.M"
2016,11,importaciones_espejo_usa_musd,360.35,"IMF — International Trade in Goods by partner country (IMTS, sucesor de DOTS), reportado por EEUU (mirror statistics, origen no venezolano). https://data.imf.org/en/datasets/IMF.STA:IMTS — clave USA.XG_FOB_USD.VEN.M"
2016,12,importaciones_espejo_usa_musd,352.97,"IMF — International Trade in Goods by partner country (IMTS, sucesor de DOTS), reportado por EEUU (mirror statistics, origen no venezolano). https://data.imf.org/en/datasets/IMF.STA:IMTS — clave USA.XG_FOB_USD.VEN.M"
2017,1,importaciones_espejo_usa_musd,310.78,"IMF — International Trade in Goods by partner country (IMTS, sucesor de DOTS), reportado por EEUU (mirror statistics, origen no venezolano). https://data.imf.org/en/datasets/IMF.STA:IMTS — clave USA.XG_FOB_USD.VEN.M"
2017,2,importaciones_espejo_usa_musd,302.51,"IMF — International Trade in Goods by partner country (IMTS, sucesor de DOTS), reportado por EEUU (mirror statistics, origen no venezolano). https://data.imf.org/en/datasets/IMF.STA:IMTS — clave USA.XG_FOB_USD.VEN.M"
2017,3,importaciones_espejo_usa_musd,334.26,"IMF — International Trade in Goods by partner country (IMTS, sucesor de DOTS), reportado por EEUU (mirror statistics, origen no venezolano). https://data.imf.org/en/datasets/IMF.STA:IMTS — clave USA.XG_FOB_USD.VEN.M"
2017,4,importaciones_espejo_usa_musd,299.45,"IMF — International Trade in Goods by partner country (IMTS, sucesor de DOTS), reportado por EEUU (mirror statistics, origen no venezolano). https://data.imf.org/en/datasets/IMF.STA:IMTS — clave USA.XG_FOB_USD.VEN.M"
2017,5,importaciones_espejo_usa_musd,307.84,"IMF — International Trade in Goods by partner country (IMTS, sucesor de DOTS), reportado por EEUU (mirror statistics, origen no venezolano). https://data.imf.org/en/datasets/IMF.STA:IMTS — clave USA.XG_FOB_USD.VEN.M"
2017,6,importaciones_espejo_usa_musd,323.05,"IMF — International Trade in Goods by partner country (IMTS, sucesor de DOTS), reportado por EEUU (mirror statistics, origen no venezolano). https://data.imf.org/en/datasets/IMF.STA:IMTS — clave USA.XG_FOB_USD.VEN.M"
2017,7,importaciones_espejo_usa_musd,304.51,"IMF — International Trade in Goods by partner country (IMTS, sucesor de DOTS), reportado por EEUU (mirror statistics, origen no venezolano). https://data.imf.org/en/datasets/IMF.STA:IMTS — clave USA.XG_FOB_USD.VEN.M"
2017,8,importaciones_espejo_usa_musd,333.95,"IMF — International Trade in Goods by partner country (IMTS, sucesor de DOTS), reportado por EEUU (mirror statistics, origen no venezolano). https://data.imf.org/en/datasets/IMF.STA:IMTS — clave USA.XG_FOB_USD.VEN.M"
2017,9,importaciones_espejo_usa_musd,353.25,"IMF — International Trade in Goods by partner country (IMTS, sucesor de DOTS), reportado por EEUU (mirror statistics, origen no venezolano). https://data.imf.org/en/datasets/IMF.STA:IMTS — clave USA.XG_FOB_USD.VEN.M"
2017,10,importaciones_espejo_usa_musd,391.33,"IMF — International Trade in Goods by partner country (IMTS, sucesor de DOTS), reportado por EEUU (mirror statistics, origen no venezolano). https://data.imf.org/en/datasets/IMF.STA:IMTS — clave USA.XG_FOB_USD.VEN.M"
2017,11,importaciones_espejo_usa_musd,416.22,"IMF — International Trade in Goods by partner country (IMTS, sucesor de DOTS), reportado por EEUU (mirror statistics, origen no venezolano). https://data.imf.org/en/datasets/IMF.STA:IMTS — clave USA.XG_FOB_USD.VEN.M"
2017,12,importaciones_espejo_usa_musd,450.09,"IMF — International Trade in Goods by partner country (IMTS, sucesor de DOTS), reportado por EEUU (mirror statistics, origen no venezolano). https://data.imf.org/en/datasets/IMF.STA:IMTS — clave USA.XG_FOB_USD.VEN.M"
2018,1,importaciones_espejo_usa_musd,448.9,"IMF — International Trade in Goods by partner country (IMTS, sucesor de DOTS), reportado por EEUU (mirror statistics, origen no venezolano). https://data.imf.org/en/datasets/IMF.STA:IMTS — clave USA.XG_FOB_USD.VEN.M"
2018,2,importaciones_espejo_usa_musd,487.28,"IMF — International Trade in Goods by partner country (IMTS, sucesor de DOTS), reportado por EEUU (mirror statistics, origen no venezolano). https://data.imf.org/en/datasets/IMF.STA:IMTS — clave USA.XG_FOB_USD.VEN.M"
2018,3,importaciones_espejo_usa_musd,592.08,"IMF — International Trade in Goods by partner country (IMTS, sucesor de DOTS), reportado por EEUU (mirror statistics, origen no venezolano). https://data.imf.org/en/datasets/IMF.STA:IMTS — clave USA.XG_FOB_USD.VEN.M"
2018,4,importaciones_espejo_usa_musd,559.85,"IMF — International Trade in Goods by partner country (IMTS, sucesor de DOTS), reportado por EEUU (mirror statistics, origen no venezolano). https://data.imf.org/en/datasets/IMF.STA:IMTS — clave USA.XG_FOB_USD.VEN.M"
2018,5,importaciones_espejo_usa_musd,593.57,"IMF — International Trade in Goods by partner country (IMTS, sucesor de DOTS), reportado por EEUU (mirror statistics, origen no venezolano). https://data.imf.org/en/datasets/IMF.STA:IMTS — clave USA.XG_FOB_USD.VEN.M"
2018,6,importaciones_espejo_usa_musd,592.1,"IMF — International Trade in Goods by partner country (IMTS, sucesor de DOTS), reportado por EEUU (mirror statistics, origen no venezolano). https://data.imf.org/en/datasets/IMF.STA:IMTS — clave USA.XG_FOB_USD.VEN.M"
2018,7,importaciones_espejo_usa_musd,532.44,"IMF — International Trade in Goods by partner country (IMTS, sucesor de DOTS), reportado por EEUU (mirror statistics, origen no venezolano). https://data.imf.org/en/datasets/IMF.STA:IMTS — clave USA.XG_FOB_USD.VEN.M"
2018,8,importaciones_espejo_usa_musd,537.11,"IMF — International Trade in Goods by partner country (IMTS, sucesor de DOTS), reportado por EEUU (mirror statistics, origen no venezolano). https://data.imf.org/en/datasets/IMF.STA:IMTS — clave USA.XG_FOB_USD.VEN.M"
2018,9,importaciones_espejo_usa_musd,506.04,"IMF — International Trade in Goods by partner country (IMTS, sucesor de DOTS), reportado por EEUU (mirror statistics, origen no venezolano). https://data.imf.org/en/datasets/IMF.STA:IMTS — clave USA.XG_FOB_USD.VEN.M"
2018,10,importaciones_espejo_usa_musd,494.15,"IMF — International Trade in Goods by partner country (IMTS, sucesor de DOTS), reportado por EEUU (mirror statistics, origen no venezolano). https://data.imf.org/en/datasets/IMF.STA:IMTS — clave USA.XG_FOB_USD.VEN.M"
2018,11,importaciones_espejo_usa_musd,424.31,"IMF — International Trade in Goods by partner country (IMTS, sucesor de DOTS), reportado por EEUU (mirror statistics, origen no venezolano). https://data.imf.org/en/datasets/IMF.STA:IMTS — clave USA.XG_FOB_USD.VEN.M"
2018,12,importaciones_espejo_usa_musd,351.77,"IMF — International Trade in Goods by partner country (IMTS, sucesor de DOTS), reportado por EEUU (mirror statistics, origen no venezolano). https://data.imf.org/en/datasets/IMF.STA:IMTS — clave USA.XG_FOB_USD.VEN.M"
2019,1,importaciones_espejo_usa_musd,278.61,"IMF — International Trade in Goods by partner country (IMTS, sucesor de DOTS), reportado por EEUU (mirror statistics, origen no venezolano). https://data.imf.org/en/datasets/IMF.STA:IMTS — clave USA.XG_FOB_USD.VEN.M"
2019,2,importaciones_espejo_usa_musd,225.1,"IMF — International Trade in Goods by partner country (IMTS, sucesor de DOTS), reportado por EEUU (mirror statistics, origen no venezolano). https://data.imf.org/en/datasets/IMF.STA:IMTS — clave USA.XG_FOB_USD.VEN.M"
2019,3,importaciones_espejo_usa_musd,202.74,"IMF — International Trade in Goods by partner country (IMTS, sucesor de DOTS), reportado por EEUU (mirror statistics, origen no venezolano). https://data.imf.org/en/datasets/IMF.STA:IMTS — clave USA.XG_FOB_USD.VEN.M"
2019,4,importaciones_espejo_usa_musd,142.11,"IMF — International Trade in Goods by partner country (IMTS, sucesor de DOTS), reportado por EEUU (mirror statistics, origen no venezolano). https://data.imf.org/en/datasets/IMF.STA:IMTS — clave USA.XG_FOB_USD.VEN.M"
2019,5,importaciones_espejo_usa_musd,112.58,"IMF — International Trade in Goods by partner country (IMTS, sucesor de DOTS), reportado por EEUU (mirror statistics, origen no venezolano). https://data.imf.org/en/datasets/IMF.STA:IMTS — clave USA.XG_FOB_USD.VEN.M"
2019,6,importaciones_espejo_usa_musd,79.98,"IMF — International Trade in Goods by partner country (IMTS, sucesor de DOTS), reportado por EEUU (mirror statistics, origen no venezolano). https://data.imf.org/en/datasets/IMF.STA:IMTS — clave USA.XG_FOB_USD.VEN.M"
2019,7,importaciones_espejo_usa_musd,55.55,"IMF — International Trade in Goods by partner country (IMTS, sucesor de DOTS), reportado por EEUU (mirror statistics, origen no venezolano). https://data.imf.org/en/datasets/IMF.STA:IMTS — clave USA.XG_FOB_USD.VEN.M"
2019,8,importaciones_espejo_usa_musd,41.56,"IMF — International Trade in Goods by partner country (IMTS, sucesor de DOTS), reportado por EEUU (mirror statistics, origen no venezolano). https://data.imf.org/en/datasets/IMF.STA:IMTS — clave USA.XG_FOB_USD.VEN.M"
2019,9,importaciones_espejo_usa_musd,31.04,"IMF — International Trade in Goods by partner country (IMTS, sucesor de DOTS), reportado por EEUU (mirror statistics, origen no venezolano). https://data.imf.org/en/datasets/IMF.STA:IMTS — clave USA.XG_FOB_USD.VEN.M"
2019,10,importaciones_espejo_usa_musd,29.62,"IMF — International Trade in Goods by partner country (IMTS, sucesor de DOTS), reportado por EEUU (mirror statistics, origen no venezolano). https://data.imf.org/en/datasets/IMF.STA:IMTS — clave USA.XG_FOB_USD.VEN.M"
2019,11,importaciones_espejo_usa_musd,31.97,"IMF — International Trade in Goods by partner country (IMTS, sucesor de DOTS), reportado por EEUU (mirror statistics, origen no venezolano). https://data.imf.org/en/datasets/IMF.STA:IMTS — clave USA.XG_FOB_USD.VEN.M"
2019,12,importaciones_espejo_usa_musd,41.36,"IMF — International Trade in Goods by partner country (IMTS, sucesor de DOTS), reportado por EEUU (mirror statistics, origen no venezolano). https://data.imf.org/en/datasets/IMF.STA:IMTS — clave USA.XG_FOB_USD.VEN.M"
2020,1,importaciones_espejo_usa_musd,54.68,"IMF — International Trade in Goods by partner country (IMTS, sucesor de DOTS), reportado por EEUU (mirror statistics, origen no venezolano). https://data.imf.org/en/datasets/IMF.STA:IMTS — clave USA.XG_FOB_USD.VEN.M"
2020,2,importaciones_espejo_usa_musd,69.19,"IMF — International Trade in Goods by partner country (IMTS, sucesor de DOTS), reportado por EEUU (mirror statistics, origen no venezolano). https://data.imf.org/en/datasets/IMF.STA:IMTS — clave USA.XG_FOB_USD.VEN.M"
2020,3,importaciones_espejo_usa_musd,82.7,"IMF — International Trade in Goods by partner country (IMTS, sucesor de DOTS), reportado por EEUU (mirror statistics, origen no venezolano). https://data.imf.org/en/datasets/IMF.STA:IMTS — clave USA.XG_FOB_USD.VEN.M"
2020,4,importaciones_espejo_usa_musd,66.26,"IMF — International Trade in Goods by partner country (IMTS, sucesor de DOTS), reportado por EEUU (mirror statistics, origen no venezolano). https://data.imf.org/en/datasets/IMF.STA:IMTS — clave USA.XG_FOB_USD.VEN.M"
2020,5,importaciones_espejo_usa_musd,69.94,"IMF — International Trade in Goods by partner country (IMTS, sucesor de DOTS), reportado por EEUU (mirror statistics, origen no venezolano). https://data.imf.org/en/datasets/IMF.STA:IMTS — clave USA.XG_FOB_USD.VEN.M"
2020,6,importaciones_espejo_usa_musd,86.96,"IMF — International Trade in Goods by partner country (IMTS, sucesor de DOTS), reportado por EEUU (mirror statistics, origen no venezolano). https://data.imf.org/en/datasets/IMF.STA:IMTS — clave USA.XG_FOB_USD.VEN.M"
2020,7,importaciones_espejo_usa_musd,99.27,"IMF — International Trade in Goods by partner country (IMTS, sucesor de DOTS), reportado por EEUU (mirror statistics, origen no venezolano). https://data.imf.org/en/datasets/IMF.STA:IMTS — clave USA.XG_FOB_USD.VEN.M"
2020,8,importaciones_espejo_usa_musd,108.42,"IMF — International Trade in Goods by partner country (IMTS, sucesor de DOTS), reportado por EEUU (mirror statistics, origen no venezolano). https://data.imf.org/en/datasets/IMF.STA:IMTS — clave USA.XG_FOB_USD.VEN.M"
2020,9,importaciones_espejo_usa_musd,114.92,"IMF — International Trade in Goods by partner country (IMTS, sucesor de DOTS), reportado por EEUU (mirror statistics, origen no venezolano). https://data.imf.org/en/datasets/IMF.STA:IMTS — clave USA.XG_FOB_USD.VEN.M"
2020,10,importaciones_espejo_usa_musd,127.93,"IMF — International Trade in Goods by partner country (IMTS, sucesor de DOTS), reportado por EEUU (mirror statistics, origen no venezolano). https://data.imf.org/en/datasets/IMF.STA:IMTS — clave USA.XG_FOB_USD.VEN.M"
2020,11,importaciones_espejo_usa_musd,123.17,"IMF — International Trade in Goods by partner country (IMTS, sucesor de DOTS), reportado por EEUU (mirror statistics, origen no venezolano). https://data.imf.org/en/datasets/IMF.STA:IMTS — clave USA.XG_FOB_USD.VEN.M"
2020,12,importaciones_espejo_usa_musd,127.94,"IMF — International Trade in Goods by partner country (IMTS, sucesor de DOTS), reportado por EEUU (mirror statistics, origen no venezolano). https://data.imf.org/en/datasets/IMF.STA:IMTS — clave USA.XG_FOB_USD.VEN.M"
2021,1,importaciones_espejo_usa_musd,121.61,"IMF — International Trade in Goods by partner country (IMTS, sucesor de DOTS), reportado por EEUU (mirror statistics, origen no venezolano). https://data.imf.org/en/datasets/IMF.STA:IMTS — clave USA.XG_FOB_USD.VEN.M"
2021,2,importaciones_espejo_usa_musd,116.13,"IMF — International Trade in Goods by partner country (IMTS, sucesor de DOTS), reportado por EEUU (mirror statistics, origen no venezolano). https://data.imf.org/en/datasets/IMF.STA:IMTS — clave USA.XG_FOB_USD.VEN.M"
2021,3,importaciones_espejo_usa_musd,141.3,"IMF — International Trade in Goods by partner country (IMTS, sucesor de DOTS), reportado por EEUU (mirror statistics, origen no venezolano). https://data.imf.org/en/datasets/IMF.STA:IMTS — clave USA.XG_FOB_USD.VEN.M"
2021,4,importaciones_espejo_usa_musd,132.24,"IMF — International Trade in Goods by partner country (IMTS, sucesor de DOTS), reportado por EEUU (mirror statistics, origen no venezolano). https://data.imf.org/en/datasets/IMF.STA:IMTS — clave USA.XG_FOB_USD.VEN.M"
2021,5,importaciones_espejo_usa_musd,133.41,"IMF — International Trade in Goods by partner country (IMTS, sucesor de DOTS), reportado por EEUU (mirror statistics, origen no venezolano). https://data.imf.org/en/datasets/IMF.STA:IMTS — clave USA.XG_FOB_USD.VEN.M"
2021,6,importaciones_espejo_usa_musd,135.57,"IMF — International Trade in Goods by partner country (IMTS, sucesor de DOTS), reportado por EEUU (mirror statistics, origen no venezolano). https://data.imf.org/en/datasets/IMF.STA:IMTS — clave USA.XG_FOB_USD.VEN.M"
2021,7,importaciones_espejo_usa_musd,132.53,"IMF — International Trade in Goods by partner country (IMTS, sucesor de DOTS), reportado por EEUU (mirror statistics, origen no venezolano). https://data.imf.org/en/datasets/IMF.STA:IMTS — clave USA.XG_FOB_USD.VEN.M"
2021,8,importaciones_espejo_usa_musd,137.5,"IMF — International Trade in Goods by partner country (IMTS, sucesor de DOTS), reportado por EEUU (mirror statistics, origen no venezolano). https://data.imf.org/en/datasets/IMF.STA:IMTS — clave USA.XG_FOB_USD.VEN.M"
2021,9,importaciones_espejo_usa_musd,133.74,"IMF — International Trade in Goods by partner country (IMTS, sucesor de DOTS), reportado por EEUU (mirror statistics, origen no venezolano). https://data.imf.org/en/datasets/IMF.STA:IMTS — clave USA.XG_FOB_USD.VEN.M"
2021,10,importaciones_espejo_usa_musd,156.56,"IMF — International Trade in Goods by partner country (IMTS, sucesor de DOTS), reportado por EEUU (mirror statistics, origen no venezolano). https://data.imf.org/en/datasets/IMF.STA:IMTS — clave USA.XG_FOB_USD.VEN.M"
2021,11,importaciones_espejo_usa_musd,152.57,"IMF — International Trade in Goods by partner country (IMTS, sucesor de DOTS), reportado por EEUU (mirror statistics, origen no venezolano). https://data.imf.org/en/datasets/IMF.STA:IMTS — clave USA.XG_FOB_USD.VEN.M"
2021,12,importaciones_espejo_usa_musd,159.55,"IMF — International Trade in Goods by partner country (IMTS, sucesor de DOTS), reportado por EEUU (mirror statistics, origen no venezolano). https://data.imf.org/en/datasets/IMF.STA:IMTS — clave USA.XG_FOB_USD.VEN.M"
2022,1,importaciones_espejo_usa_musd,152.11,"IMF — International Trade in Goods by partner country (IMTS, sucesor de DOTS), reportado por EEUU (mirror statistics, origen no venezolano). https://data.imf.org/en/datasets/IMF.STA:IMTS — clave USA.XG_FOB_USD.VEN.M"
2022,2,importaciones_espejo_usa_musd,158.63,"IMF — International Trade in Goods by partner country (IMTS, sucesor de DOTS), reportado por EEUU (mirror statistics, origen no venezolano). https://data.imf.org/en/datasets/IMF.STA:IMTS — clave USA.XG_FOB_USD.VEN.M"
2022,3,importaciones_espejo_usa_musd,192.74,"IMF — International Trade in Goods by partner country (IMTS, sucesor de DOTS), reportado por EEUU (mirror statistics, origen no venezolano). https://data.imf.org/en/datasets/IMF.STA:IMTS — clave USA.XG_FOB_USD.VEN.M"
2022,4,importaciones_espejo_usa_musd,189.52,"IMF — International Trade in Goods by partner country (IMTS, sucesor de DOTS), reportado por EEUU (mirror statistics, origen no venezolano). https://data.imf.org/en/datasets/IMF.STA:IMTS — clave USA.XG_FOB_USD.VEN.M"
2022,5,importaciones_espejo_usa_musd,197.95,"IMF — International Trade in Goods by partner country (IMTS, sucesor de DOTS), reportado por EEUU (mirror statistics, origen no venezolano). https://data.imf.org/en/datasets/IMF.STA:IMTS — clave USA.XG_FOB_USD.VEN.M"
2022,6,importaciones_espejo_usa_musd,203.7,"IMF — International Trade in Goods by partner country (IMTS, sucesor de DOTS), reportado por EEUU (mirror statistics, origen no venezolano). https://data.imf.org/en/datasets/IMF.STA:IMTS — clave USA.XG_FOB_USD.VEN.M"
2022,7,importaciones_espejo_usa_musd,197.17,"IMF — International Trade in Goods by partner country (IMTS, sucesor de DOTS), reportado por EEUU (mirror statistics, origen no venezolano). https://data.imf.org/en/datasets/IMF.STA:IMTS — clave USA.XG_FOB_USD.VEN.M"
2022,8,importaciones_espejo_usa_musd,203.46,"IMF — International Trade in Goods by partner country (IMTS, sucesor de DOTS), reportado por EEUU (mirror statistics, origen no venezolano). https://data.imf.org/en/datasets/IMF.STA:IMTS — clave USA.XG_FOB_USD.VEN.M"
2022,9,importaciones_espejo_usa_musd,197.31,"IMF — International Trade in Goods by partner country (IMTS, sucesor de DOTS), reportado por EEUU (mirror statistics, origen no venezolano). https://data.imf.org/en/datasets/IMF.STA:IMTS — clave USA.XG_FOB_USD.VEN.M"
2022,10,importaciones_espejo_usa_musd,200.94,"IMF — International Trade in Goods by partner country (IMTS, sucesor de DOTS), reportado por EEUU (mirror statistics, origen no venezolano). https://data.imf.org/en/datasets/IMF.STA:IMTS — clave USA.XG_FOB_USD.VEN.M"
2022,11,importaciones_espejo_usa_musd,189.5,"IMF — International Trade in Goods by partner country (IMTS, sucesor de DOTS), reportado por EEUU (mirror statistics, origen no venezolano). https://data.imf.org/en/datasets/IMF.STA:IMTS — clave USA.XG_FOB_USD.VEN.M"
2022,12,importaciones_espejo_usa_musd,183.42,"IMF — International Trade in Goods by partner country (IMTS, sucesor de DOTS), reportado por EEUU (mirror statistics, origen no venezolano). https://data.imf.org/en/datasets/IMF.STA:IMTS — clave USA.XG_FOB_USD.VEN.M"
2023,1,importaciones_espejo_usa_musd,177.22,"IMF — International Trade in Goods by partner country (IMTS, sucesor de DOTS), reportado por EEUU (mirror statistics, origen no venezolano). https://data.imf.org/en/datasets/IMF.STA:IMTS — clave USA.XG_FOB_USD.VEN.M"
2023,2,importaciones_espejo_usa_musd,169.92,"IMF — International Trade in Goods by partner country (IMTS, sucesor de DOTS), reportado por EEUU (mirror statistics, origen no venezolano). https://data.imf.org/en/datasets/IMF.STA:IMTS — clave USA.XG_FOB_USD.VEN.M"
2023,3,importaciones_espejo_usa_musd,196.97,"IMF — International Trade in Goods by partner country (IMTS, sucesor de DOTS), reportado por EEUU (mirror statistics, origen no venezolano). https://data.imf.org/en/datasets/IMF.STA:IMTS — clave USA.XG_FOB_USD.VEN.M"
2023,4,importaciones_espejo_usa_musd,177.05,"IMF — International Trade in Goods by partner country (IMTS, sucesor de DOTS), reportado por EEUU (mirror statistics, origen no venezolano). https://data.imf.org/en/datasets/IMF.STA:IMTS — clave USA.XG_FOB_USD.VEN.M"
2023,5,importaciones_espejo_usa_musd,186.09,"IMF — International Trade in Goods by partner country (IMTS, sucesor de DOTS), reportado por EEUU (mirror statistics, origen no venezolano). https://data.imf.org/en/datasets/IMF.STA:IMTS — clave USA.XG_FOB_USD.VEN.M"
2023,6,importaciones_espejo_usa_musd,192.32,"IMF — International Trade in Goods by partner country (IMTS, sucesor de DOTS), reportado por EEUU (mirror statistics, origen no venezolano). https://data.imf.org/en/datasets/IMF.STA:IMTS — clave USA.XG_FOB_USD.VEN.M"
2023,7,importaciones_espejo_usa_musd,191.74,"IMF — International Trade in Goods by partner country (IMTS, sucesor de DOTS), reportado por EEUU (mirror statistics, origen no venezolano). https://data.imf.org/en/datasets/IMF.STA:IMTS — clave USA.XG_FOB_USD.VEN.M"
2023,8,importaciones_espejo_usa_musd,216.58,"IMF — International Trade in Goods by partner country (IMTS, sucesor de DOTS), reportado por EEUU (mirror statistics, origen no venezolano). https://data.imf.org/en/datasets/IMF.STA:IMTS — clave USA.XG_FOB_USD.VEN.M"
2023,9,importaciones_espejo_usa_musd,226.53,"IMF — International Trade in Goods by partner country (IMTS, sucesor de DOTS), reportado por EEUU (mirror statistics, origen no venezolano). https://data.imf.org/en/datasets/IMF.STA:IMTS — clave USA.XG_FOB_USD.VEN.M"
2023,10,importaciones_espejo_usa_musd,249.67,"IMF — International Trade in Goods by partner country (IMTS, sucesor de DOTS), reportado por EEUU (mirror statistics, origen no venezolano). https://data.imf.org/en/datasets/IMF.STA:IMTS — clave USA.XG_FOB_USD.VEN.M"
2023,11,importaciones_espejo_usa_musd,247.94,"IMF — International Trade in Goods by partner country (IMTS, sucesor de DOTS), reportado por EEUU (mirror statistics, origen no venezolano). https://data.imf.org/en/datasets/IMF.STA:IMTS — clave USA.XG_FOB_USD.VEN.M"
2023,12,importaciones_espejo_usa_musd,269.32,"IMF — International Trade in Goods by partner country (IMTS, sucesor de DOTS), reportado por EEUU (mirror statistics, origen no venezolano). https://data.imf.org/en/datasets/IMF.STA:IMTS — clave USA.XG_FOB_USD.VEN.M"
2024,1,importaciones_espejo_usa_musd,275.89,"IMF — International Trade in Goods by partner country (IMTS, sucesor de DOTS), reportado por EEUU (mirror statistics, origen no venezolano). https://data.imf.org/en/datasets/IMF.STA:IMTS — clave USA.XG_FOB_USD.VEN.M"
2024,2,importaciones_espejo_usa_musd,306.01,"IMF — International Trade in Goods by partner country (IMTS, sucesor de DOTS), reportado por EEUU (mirror statistics, origen no venezolano). https://data.imf.org/en/datasets/IMF.STA:IMTS — clave USA.XG_FOB_USD.VEN.M"
2024,3,importaciones_espejo_usa_musd,344.1,"IMF — International Trade in Goods by partner country (IMTS, sucesor de DOTS), reportado por EEUU (mirror statistics, origen no venezolano). https://data.imf.org/en/datasets/IMF.STA:IMTS — clave USA.XG_FOB_USD.VEN.M"
2024,4,importaciones_espejo_usa_musd,341.46,"IMF — International Trade in Goods by partner country (IMTS, sucesor de DOTS), reportado por EEUU (mirror statistics, origen no venezolano). https://data.imf.org/en/datasets/IMF.STA:IMTS — clave USA.XG_FOB_USD.VEN.M"
2024,5,importaciones_espejo_usa_musd,356.2,"IMF — International Trade in Goods by partner country (IMTS, sucesor de DOTS), reportado por EEUU (mirror statistics, origen no venezolano). https://data.imf.org/en/datasets/IMF.STA:IMTS — clave USA.XG_FOB_USD.VEN.M"
2024,6,importaciones_espejo_usa_musd,366.83,"IMF — International Trade in Goods by partner country (IMTS, sucesor de DOTS), reportado por EEUU (mirror statistics, origen no venezolano). https://data.imf.org/en/datasets/IMF.STA:IMTS — clave USA.XG_FOB_USD.VEN.M"
2024,7,importaciones_espejo_usa_musd,362.32,"IMF — International Trade in Goods by partner country (IMTS, sucesor de DOTS), reportado por EEUU (mirror statistics, origen no venezolano). https://data.imf.org/en/datasets/IMF.STA:IMTS — clave USA.XG_FOB_USD.VEN.M"
2024,8,importaciones_espejo_usa_musd,390.86,"IMF — International Trade in Goods by partner country (IMTS, sucesor de DOTS), reportado por EEUU (mirror statistics, origen no venezolano). https://data.imf.org/en/datasets/IMF.STA:IMTS — clave USA.XG_FOB_USD.VEN.M"
2024,9,importaciones_espejo_usa_musd,373.59,"IMF — International Trade in Goods by partner country (IMTS, sucesor de DOTS), reportado por EEUU (mirror statistics, origen no venezolano). https://data.imf.org/en/datasets/IMF.STA:IMTS — clave USA.XG_FOB_USD.VEN.M"
2024,10,importaciones_espejo_usa_musd,385.06,"IMF — International Trade in Goods by partner country (IMTS, sucesor de DOTS), reportado por EEUU (mirror statistics, origen no venezolano). https://data.imf.org/en/datasets/IMF.STA:IMTS — clave USA.XG_FOB_USD.VEN.M"
2024,11,importaciones_espejo_usa_musd,376.55,"IMF — International Trade in Goods by partner country (IMTS, sucesor de DOTS), reportado por EEUU (mirror statistics, origen no venezolano). https://data.imf.org/en/datasets/IMF.STA:IMTS — clave USA.XG_FOB_USD.VEN.M"
2024,12,importaciones_espejo_usa_musd,353.15,"IMF — International Trade in Goods by partner country (IMTS, sucesor de DOTS), reportado por EEUU (mirror statistics, origen no venezolano). https://data.imf.org/en/datasets/IMF.STA:IMTS — clave USA.XG_FOB_USD.VEN.M"
2025,1,importaciones_espejo_usa_musd,345.74,"IMF — International Trade in Goods by partner country (IMTS, sucesor de DOTS), reportado por EEUU (mirror statistics, origen no venezolano). https://data.imf.org/en/datasets/IMF.STA:IMTS — clave USA.XG_FOB_USD.VEN.M"
2025,2,importaciones_espejo_usa_musd,344.04,"IMF — International Trade in Goods by partner country (IMTS, sucesor de DOTS), reportado por EEUU (mirror statistics, origen no venezolano). https://data.imf.org/en/datasets/IMF.STA:IMTS — clave USA.XG_FOB_USD.VEN.M"
2025,3,importaciones_espejo_usa_musd,387.1,"IMF — International Trade in Goods by partner country (IMTS, sucesor de DOTS), reportado por EEUU (mirror statistics, origen no venezolano). https://data.imf.org/en/datasets/IMF.STA:IMTS — clave USA.XG_FOB_USD.VEN.M"
2025,4,importaciones_espejo_usa_musd,376.09,"IMF — International Trade in Goods by partner country (IMTS, sucesor de DOTS), reportado por EEUU (mirror statistics, origen no venezolano). https://data.imf.org/en/datasets/IMF.STA:IMTS — clave USA.XG_FOB_USD.VEN.M"
2025,5,importaciones_espejo_usa_musd,360.52,"IMF — International Trade in Goods by partner country (IMTS, sucesor de DOTS), reportado por EEUU (mirror statistics, origen no venezolano). https://data.imf.org/en/datasets/IMF.STA:IMTS — clave USA.XG_FOB_USD.VEN.M"
2025,6,importaciones_espejo_usa_musd,347.99,"IMF — International Trade in Goods by partner country (IMTS, sucesor de DOTS), reportado por EEUU (mirror statistics, origen no venezolano). https://data.imf.org/en/datasets/IMF.STA:IMTS — clave USA.XG_FOB_USD.VEN.M"
2025,7,importaciones_espejo_usa_musd,333.33,"IMF — International Trade in Goods by partner country (IMTS, sucesor de DOTS), reportado por EEUU (mirror statistics, origen no venezolano). https://data.imf.org/en/datasets/IMF.STA:IMTS — clave USA.XG_FOB_USD.VEN.M"
2025,8,importaciones_espejo_usa_musd,336.22,"IMF — International Trade in Goods by partner country (IMTS, sucesor de DOTS), reportado por EEUU (mirror statistics, origen no venezolano). https://data.imf.org/en/datasets/IMF.STA:IMTS — clave USA.XG_FOB_USD.VEN.M"
2025,9,importaciones_espejo_usa_musd,342.43,"IMF — International Trade in Goods by partner country (IMTS, sucesor de DOTS), reportado por EEUU (mirror statistics, origen no venezolano). https://data.imf.org/en/datasets/IMF.STA:IMTS — clave USA.XG_FOB_USD.VEN.M"
2025,10,importaciones_espejo_usa_musd,370.1,"IMF — International Trade in Goods by partner country (IMTS, sucesor de DOTS), reportado por EEUU (mirror statistics, origen no venezolano). https://data.imf.org/en/datasets/IMF.STA:IMTS — clave USA.XG_FOB_USD.VEN.M"
2025,11,importaciones_espejo_usa_musd,327.26,"IMF — International Trade in Goods by partner country (IMTS, sucesor de DOTS), reportado por EEUU (mirror statistics, origen no venezolano). https://data.imf.org/en/datasets/IMF.STA:IMTS — clave USA.XG_FOB_USD.VEN.M"
2025,12,importaciones_espejo_usa_musd,317.93,"IMF — International Trade in Goods by partner country (IMTS, sucesor de DOTS), reportado por EEUU (mirror statistics, origen no venezolano). https://data.imf.org/en/datasets/IMF.STA:IMTS — clave USA.XG_FOB_USD.VEN.M"
2026,1,importaciones_espejo_usa_musd,328.78,"IMF — International Trade in Goods by partner country (IMTS, sucesor de DOTS), reportado por EEUU (mirror statistics, origen no venezolano). https://data.imf.org/en/datasets/IMF.STA:IMTS — clave USA.XG_FOB_USD.VEN.M"
2026,2,importaciones_espejo_usa_musd,340.96,"IMF — International Trade in Goods by partner country (IMTS, sucesor de DOTS), reportado por EEUU (mirror statistics, origen no venezolano). https://data.imf.org/en/datasets/IMF.STA:IMTS — clave USA.XG_FOB_USD.VEN.M"
2026,3,importaciones_espejo_usa_musd,383.44,"IMF — International Trade in Goods by partner country (IMTS, sucesor de DOTS), reportado por EEUU (mirror statistics, origen no venezolano). https://data.imf.org/en/datasets/IMF.STA:IMTS — clave USA.XG_FOB_USD.VEN.M"
2026,4,importaciones_espejo_usa_musd,374.64,"IMF — International Trade in Goods by partner country (IMTS, sucesor de DOTS), reportado por EEUU (mirror statistics, origen no venezolano). https://data.imf.org/en/datasets/IMF.STA:IMTS — clave USA.XG_FOB_USD.VEN.M"
2026,5,importaciones_espejo_usa_musd,353.74,"IMF — International Trade in Goods by partner country (IMTS, sucesor de DOTS), reportado por EEUU (mirror statistics, origen no venezolano). https://data.imf.org/en/datasets/IMF.STA:IMTS — clave USA.XG_FOB_USD.VEN.M"
